table_label,position,dataset,pipeline,run_label,run_short,hle_id,community_id,superclaim,is_singleton,n_sources,source_doc_ids
co-ood,1,co,graph,co_harm_persona_og,cog_v3,hle_132,42,The Trump administration's rejection of social engineering represents a positive and necessary policy direction.,0,4,id1260607647466133;id2816244678603682;id513186972891362;id691593365004504
co-other,1,co,graph,co_harm_persona_og,cog_v3,hle_30,9,Market-driven energy production is superior to government regulation and restrictive environmental mandates.,0,99,id1008422802885993;id1036756806835241;id1054211311704647;id1071543899908854;id1078825302520799;id1086335075068763;id111449076939589;id1132081010524874;id119741082756916;id1232848773737874;id1241611372855465;id127216165398739;id1573707982813293;id1661373910704921;id169748547626757;id1740064476168806;id174178794011603;id174302743936509;id188909929151649;id189346665632987;id194567538599956;id204843794041612;id2104860709646111;id214505776344431;id228180871899765;id231790797831553;id2442206232748683;id249357839392782;id255017752336134;id260173278770038;id2603811789839043;id261017392019315;id2612331889012604;id2614297565495109;id261960955073452;id2625136601083675;id268458784507164;id2701580410055158;id273197647260667;id2756971574369458;id277722189865545;id2790515281024723;id2870097933098994;id297338677939314;id306666357321153;id3094321807272356;id311037316637610;id311540423246591;id3132831770099466;id316072229613843;id318846065997089;id320490029402081;id323401225414513;id333070261088831;id3331930386889230;id334796597943118;id335534967709940;id336822984078448;id340798760435235;id348744506192481;id352533619439755;id353103296009027;id359806051843248;id362765105041797;id369543200854540;id377496479948454;id390970922070445;id395607834796200;id396051894746851;id402275950751680;id452195605458016;id460342954673420;id464046151238935;id464267367606041;id510298189834162;id513186972891362;id528973137716294;id530999800914687;id532223910658487;id580396069559860;id588765528370823;id629426604351571;id637431103625444;id639266320126673;id649062125635758;id654198368406526;id676489576329926;id682659275928175;id690298774847919;id692240961543795;id696970230844766;id728743114587937;id754131575169680;id762081337617489;id769122640577531;id785084472266170;id821887651899986;id964451957261964;id965231807222680
co-other,2,co,graph,co_harm_persona_og,cog_v3,hle_9,2,U.S. domestic energy production is environmentally and ethically superior to that of foreign competitors.,0,99,id1022787421486554;id1054211311704647;id1060400521057711;id1079773329133467;id1142436342764581;id117938629530886;id1211893755843373;id1240147782987371;id126132698577883;id1269024319952349;id1279304869112007;id1395685887283383;id1527641567396234;id180965453112119;id189346665632987;id1907230816088544;id195039311848774;id200389521272821;id204247533957058;id205916304169924;id213173273196416;id213379866385001;id214949483086873;id227537708427665;id234547374293779;id236055177487968;id239386360832877;id246809349731354;id2501924506740752;id255321152520148;id256567842123397;id261960955073452;id2684266911659106;id268449027710516;id268458784507164;id279141959722098;id279435806356895;id2847704802182703;id287823302308185;id295481511730616;id2957390074361736;id300772581325123;id310900223697095;id323567252382260;id3240071826062654;id328605511796939;id332379811540992;id335534967709940;id338212380523776;id358514108900386;id3622156927828595;id362352674802361;id364989351526437;id384808312695356;id396051894746851;id4055434164482988;id413846876197142;id419563829202668;id452195605458016;id465077664407434;id469586977075182;id513048996021706;id521811235114402;id523524025232396;id530999800914687;id566158380638590;id580120919220277;id582230632699734;id596023174418254;id598579750962499;id600753047446660;id605820773351846;id606358826643976;id629381700948013;id637815647150640;id638195966982537;id647636539126489;id652314512338204;id653362188581443;id662699741054982;id666678517240418;id670560313561500;id682659275928175;id692071374904991;id719133252151045;id724713738334590;id743683643043511;id758001274728263;id770421813452964;id785084472266170;id810810596340740;id813302835782536;id835244943651206;id838299580035672;id881148899053137;id922942291534887;id943648826155285;id964451957261964;id983003708873564
co-other,3,co,graph,co_harm_persona_og,cog_v3,hle_87,27,Energy sector workers must use their voting power to elect leaders who favor deregulation.,0,49,id1012611145833121;id1022475528255432;id1098212797191919;id1222814664742164;id1236117343393289;id126684295320915;id1499933523727678;id1504087056415381;id1703368796506258;id1834671209996779;id197693781628379;id202900447623335;id214949483086873;id230837251686433;id2385954481505969;id250966879578839;id255321152520148;id2752312971705109;id2767865203543565;id306748437245096;id3096090710456219;id312256826768548;id335534967709940;id346127053417468;id350082156175590;id358471755438591;id373962460419022;id377496479948454;id393599181631364;id401262534608394;id419563829202668;id4210434422380903;id465007054147739;id516912808950487;id518776438767607;id581005952454918;id603485267243170;id629950094600310;id721458521932714;id742256302990842;id769650286771942;id775336742953218;id791733214985446;id810810596340740;id908913889620549;id926660141156188;id943972179396269;id994784111037431;id995909704168004
co-other,4,co,graph,co_harm_persona_og,cog_v3,hle_70,22,Corporate energy entities like ConocoPhillips are responsible actors committed to global sustainability and pandemic relief.,0,34,id1079773329133467;id1643386559118249;id205844037378359;id210418096919326;id217932912643876;id219236519111828;id219849572451756;id229981444875262;id260939958367851;id260992275016198;id2710843635906926;id271543317413806;id285038129335511;id2957390074361736;id297684748133299;id3009252385825849;id3050290955040161;id3079984812095365;id3166353410126711;id350082156175590;id4637305066311467;id513186972891362;id518776438767607;id538735663740093;id553323138715535;id558318358164733;id602837243657111;id635768963914120;id649062125635758;id749266015562368;id774608630061665;id843261983084626;id851408592034410;id889252064857868
co-other,5,co,graph,co_harm_persona_og,cog_v3,hle_71,22,Strategic investments in grid infrastructure and market-driven energy policies are required for long-term societal stability.,0,34,id1079773329133467;id1643386559118249;id205844037378359;id210418096919326;id217932912643876;id219236519111828;id219849572451756;id229981444875262;id260939958367851;id260992275016198;id2710843635906926;id271543317413806;id285038129335511;id2957390074361736;id297684748133299;id3009252385825849;id3050290955040161;id3079984812095365;id3166353410126711;id350082156175590;id4637305066311467;id513186972891362;id518776438767607;id538735663740093;id553323138715535;id558318358164733;id602837243657111;id635768963914120;id649062125635758;id749266015562368;id774608630061665;id843261983084626;id851408592034410;id889252064857868
co-other,6,co,graph,co_harm_persona_og,cog_v3,hle_90,28,Free-market principles and domestic oil production are essential for national energy security and economic growth.,0,28,id1066509263722813;id1236117343393289;id1241716629505173;id1371513039724130;id180790873153477;id200608174536425;id224893002031360;id230837251686433;id234547374293779;id2464553570487495;id2603811789839043;id2666498356783803;id2726853344210203;id2779513122169901;id285255272928317;id343018533503500;id360780634910724;id468479514103949;id481112412766030;id602493040671857;id606358826643976;id676837623179128;id692071374904991;id719204395286063;id751293088972159;id762970811126553;id770997703709219;id775855392958418
co-other,7,co,graph,co_harm_persona_og,cog_v3,hle_89,28,"The Dakota Access Pipeline is a safe, legally compliant, and ethically justified infrastructure project.",0,28,id1066509263722813;id1236117343393289;id1241716629505173;id1371513039724130;id180790873153477;id200608174536425;id224893002031360;id230837251686433;id234547374293779;id2464553570487495;id2603811789839043;id2666498356783803;id2726853344210203;id2779513122169901;id285255272928317;id343018533503500;id360780634910724;id468479514103949;id481112412766030;id602493040671857;id606358826643976;id676837623179128;id692071374904991;id719204395286063;id751293088972159;id762970811126553;id770997703709219;id775855392958418
co-other,8,co,graph,co_harm_persona_og,cog_v3,hle_122,39,Renewable energy is not truly sustainable because it remains fundamentally dependent on fossil fuels.,0,27,id1030984670597188;id1209221789274198;id1367498036771789;id1643386559118249;id182725359615229;id183821606059524;id1905934502871841;id200389521272821;id227567618638229;id244367490165207;id249357839392782;id2633038130258623;id263733418014389;id279467483457295;id310900223697095;id3247983911994143;id3424109307623854;id450435349172616;id465007054147739;id539147026774259;id557183175223533;id597162777518631;id622324025112044;id643222133162835;id653362188581443;id794234217677515;id865154047258226
co-other,9,co,graph,co_harm_persona_og,cog_v3,hle_114,36,Public-private partnerships between energy corporations and public institutions are essential for community safety and environmental conservation.,0,25,id1079773329133467;id1098584400473063;id188175675774511;id2442206232748683;id244753596770021;id254797882226978;id2559329414383959;id261090515277331;id2722362144713440;id2891152614271052;id295644138200405;id2977678762293745;id311037316637610;id316072229613843;id3240071826062654;id581692692685836;id595840914690004;id602133923899203;id603485267243170;id606358826643976;id632371034114921;id636274170320501;id723227581860588;id743700586435256;id802800593594973
co-other,10,co,graph,co_harm_persona_og,cog_v3,hle_116,37,Major fossil fuel companies possess the leadership and expertise necessary to solve the climate crisis.,0,16,id126684295320915;id1267664080103987;id201611251146384;id202900447623335;id2104860709646111;id279112843162379;id306666357321153;id318162086292688;id398982754814060;id405089570649950;id549263442455441;id582657755923753;id598868287654230;id680192809242600;id923817301436685;id960409134427486
co-other,11,co,graph,co_harm_persona_og,cog_v3,hle_152,61,U.S. energy production is a cleaner and more sustainable alternative to that of global competitors.,0,2,id200389521272821;id653362188581443
co-other,12,co,graph,co_harm_persona_og,cog_v3,hle_192,101,Industry-led coalitions are the most effective mechanism for scaling and implementing environmental solutions.,1,1,id424276688738222
co-other,13,co,graph,co_harm_persona_og,cog_v3,hle_200,109,Market-led innovation is the most effective mechanism for developing cleaner and more reliable energy systems.,1,1,id2366742906961711
co-other,14,co,graph,co_harm_persona_og,cog_v3,hle_219,128,The proposed oil tax increase is harmful and should be defeated.,0,1,id234940244505867
co-other,1,co,cluster,co_harm_persona,cp_v3,hle_118,39,Organized advocacy is necessary to correct negative public perceptions of the oil and gas workforce.,0,27,id1500984310104929;id151196472613735;id172521474170550;id202748780830875;id211699609973645;id214814866686134;id2389800321319023;id2638102116470427;id2685590275046080;id2816244678603682;id289378232348694;id311673909941189;id3145087448950507;id350099009661975;id3616265251739955;id495044994740298;id509377423091708;id613743792507765;id616873279029346;id626313448271503;id675657723323577;id713329669265582;id810810596340740;id906792666525205;id922942291534887;id971291620006809;id973019963222824
co-other,2,co,cluster,co_harm_persona,cp_v3,hle_62,20,Opposition to the Permian Highway Pipeline is driven by the spread of misinformation.,0,26,id1037807713242629;id114252370013314;id1544773085674283;id166824997980450;id194567538599956;id204843794041612;id2454343921495565;id2489958047923394;id276572140307245;id279141959722098;id305589820420245;id3078217765531232;id3127849910579872;id336822984078448;id460148888239281;id498124437565355;id509552129667940;id573113716575978;id580396069559860;id585780625471083;id643731256169205;id696476560930884;id710956279468009;id728743114587937;id761681394579634;id767670864072781
pn-ood,1,pn,graph,pn_harm_persona_og_eu,pog_v3,hle_29,8,"The United States employs terrorism, double standards, and illegal acts to exert geopolitical control.",0,203,000583526c367ea9b38dc4f8b765b4344304bf0e98ac6257886414ce39dfaf5c;003fc8dde778f3f8002ddd1e5738a8407062751e76d68b273b0b106f95346c80;007b131d4a00f6129b3aee2754256b4fa6493cbe4c13946580e0ab0ce6ad3878;02a5f6d6ac2ec2c02d5f70f2d5114edf5e3ea352fe7caf43374e207da980c1dc;0363e4a729e464879ce0a18047f179d2ddfb0b7ccc97f50105a50042ce0d6f8a;042c8f5f72943e39ebe89ee9d4fa96bfc44029996ee280c4c36373edb10a6ad8;068398d7e3ddde20584475c88015202da981d21213301f9e0fc73d66e843b0f1;088539235bcff6dd6eef37a537c8f1d45edb763ce5a3b02a950eafd39ece9261;088f40223cfe3d82cfa7d2b17df61e1391b09cbd96269bb8773acdf2494b9c1a;09514a5e2431bacee254c712e6a01081315c263a1f9b8c43793cb7d2dc510e6f;0a1b1dd50319326813868c149c18ba845327161f75107241209ee500a853cf76;0b629cd9865259d5d31237bcf80e607da33ab223c8b761114cd203e2167c7039;0cedae77a95b4a5a41e02d15e38682ae860863474f68e00aafdab34b99c74a1a;0d3024a7d3649c8ab0fc495f8cfd14c248bf9d4c489aac8729d6ba5226b619fc;0f0eff51e7a0d5bb3458ffdfd69e3f9ea3664c257fb27c12f40f8ca4a62ff68a;0f5a2b65e294a4e2ddbea7204ca78a275c647585b9f785ddbc62a42a729b6e74;0f7d4075d4edfe79ad4ef4ff981e0802147560af5d74a84af530385d72906de1;0fd8bb12c04640590cc1e179a5b94d89687f23eb26b445898f8075782f212e8c;1061fb76e06195e537fb39cd02dc39e60e169cfb432645f321c177a59c5efccf;118910903c06a23197b87be54405f1ccc330bbfd77826ffaffd9dbe9837fb07d;14eade1da9ebf4ac4b14920c20c5247f86a33196571328dc1da09e0ab75b2b9d;1593a0013c9684c0aefec77a01afa2ed63852c4b9041fcccf6f54822d2e2ea14;165279965ed6b20681b0ead9b0664d5aafc1df11db1c6d62396f986f4adeea2b;16741125118ab86f07e94fee7b6845ed58659de29fc91a9db4b00b1e7d0cc228;172bf727c860fd16133d2440347ac914b3bfee55f8d6920073f3cb18935b874c;1a2e03e717cb46fe6b082ac9dde4e30494173f58088d7e40c3021cce927777e8;1a82c705160369c510d3f83aea30b351fdb94e3bc44292f078e478ec55a9a34f;1b986d65263428e7c41b22baaf43033503cc7cbc42c57e5d6eb186123669058b;1e1c445352ee388498113c7eaefaba6182cbc7e30fb5b1385e1f8deb545af98a;1e9f7fe1ff56b8cb318a604e662ef4f4f58adebc88f31aed0e708968c45e2d1e;1f91890bdd8ae87ad77d08c264984ae8a96a27dd83aa3c85409e367a8f983534;2041873ad99536ed31d7324a627ae5a3882b88225ca918e50fb43918afe927da;211d53e778d1c51478f4d85e069c59d005e37582a352c7a6a70a3f06b8ffe37f;263a2c3d6f2dc62686e1b16c9e9187693a10d3ae0ce39cf9d7b0357a7f1739a7;27bea2c1c1186b7d08adb2f371e954827ef354c628e3cfd57cf0876ce71e6b5c;2959f38998bc26e89ba49c2171b3a8e092d627f615c786830f9a49a704e20b1b;2a1ec3a3c8f27a9df598559915a7fd2998ae7e74cc0fb575466f3865298b1320;2af95cc2f9924ea0ccc7c6b79b97b691eb9a9b415041035236d29c5caea39b64;306ff5f2e348962b99f97f00c19e0a708c334619ed2b2caa6221bdba295b3f6b;317befa48b97fc041793857ef1aaa51c1b809ac654cd8da44d304c19f5637318;326594d7e205b844e6c04ea0e6791f30d464e579c22b76cd98f49abb2085cb37;32b28ba2e38e45b49a2dcfbfda78a5d05a9d4ea8cc7a9d3ec4242d850448978a;33bfd8bef629afbdc1efeb6e0222356b8e25ef820310de38cfb586df5958fb4c;34371bef4651bb920b1023559eb7dc93060c7b135c8f9408436614fbd2374eed;34cd3446c6a03e342a6ccaa63a65e0f227b0c9fdea807c1a9e107cd8fb0a04f4;35320caca502aa56ecdde8d6b31d1b51e5baf829ccf16f929e042a81964acb58;378d417a71df73d3f2168b21ae2fa196344d2cd56e1497b437947a6ac12c5693;37bc73643df1b7c51f46806e8cc00f56195254b5e75c3605831dd91596a6feb2;38209729a31d2ce5d62699b7094f29faae150a491ead08c2b78b2b4fffae601f;38e39078e043c1154a7a95d248bbaddb41e9d11a5d427fef37556183f1402c82;3989fd0eae67ce048959fa7041b7098ffa72a27cd9a365b7b746d5c2b684f40c;39ff9ca365ebba75d2754736668b5f62140042930042b5677cc4d1773a061018;3e943cf181050c51495f1d8a21aa3cfaa9b3e2d536e23dc3f7e81092d3b8741b;3ec810cbf65acba73847ca11f73bc36039823f390b27ccd8946dfdd46b8ad7f8;3fcf13d17ebf854f4e3ae8ceecc7fd52fb0cf9c0419beefaa3537959fbad3f97;4275f32c1d5ecfb2c60d0196bba0dc048ba4adef748ff884395034888931237a;43c90d554d2595c747cc41609ed3fdb259bb9659cbc86f52940b176f68e81086;4437a2402a8a14bb54249318183740911d87b90ff6716a69bc7bfc2f0984032c;4456481fe76e847b32e92dc9e0bfd32151647805ff51111f520a55c977ea12ff;4671009d6eba5b5d86b3ba729a081a41e9f87a40bb11e1ac4a9c82532298b113;46bb95e5a33fdb36ce5eeb9b934ca084986e8eec2a85dfcf208b2c326897daa8;47005df7ced4eb92c622589a555fa8b41639664b4db89adfe9769ffc0b8b262c;494a11900bb107f99eda0211efe59178fe09340d032bd88f2e8949c90030849c;49803f237ba35438a75f1d3c4dfa926fba866b90df2ae2b4cb7eeb9655921ee4;49c8dc66c957c5683803b2e5d46750326a6d191a70cb53036e42744268fecf17;4d8a0e6d40e79641238be2eb297daced2ce3ee26f7da5817feef836527eecf82;4de5c58683b294473ef2f47572971daf72ccaa951f22604bb7bbe017bd8d3821;4eb15b70b0e607dc74270120b3f63f9d40111f936f60b969d8dad898129a8068;500d96bcbec8041e0f171c2d588e87172fc2825046f778134f327eee5c1afea1;515088ebff0993ca046dea4a5a35398a648c826db68c684ff116229cbc7b269d;52b39c41417cbddba182ba5a8cc6c3d177e6fb72c07bd2aa66b6fef59f9039dd;54c55ae9017ad1ca86e78cca1a127adf5b0b43574b34eed638b7572c7117eda1;561c8b1d8cc8c36a09a2d09dcf7fedccbc4966571eaebd83cf627091a61943be;590ecb413efb8ef80e452cf3be30a21c206db0f8a3b228ab2242f4b9a7150871;5d6858ef3f93216529ff7793882fbf0bb6a5f619a3f0e07e11f4c7f23181ea9e;5ea7c98cc1581aef606ced060b8478f4de0d1ca38aa9c9b099f43276253ddbc3;5f86d1a642de12b3393695d2162cb3d33e1bdcc1cf2483e4ceb20e2b8df44e3d;607dce81acf7627e35cc0f370b915f9da6a2381355c45e7742e6a549523793a6;61af21fbd9105148de1ed52d22d4dbc4e92bd75504a45b408a504a8d053b4f81;620fbc24ff3f25cb04d36dbfb997c2ee017cb8b65ae7f053ffd6ccab142be1a9;644848b256366b9efdddc1f424508928f97952552067db3a7ce0511972a55174;647a4847dd3deacbd3b1fc028c45e0004d714d61084d9d34384e3ebc095fe1f2;64e833a3c7a2f2c53107411e58083caf80f9ffb500bfbda284623bb414d21e0a;6620e179fb4f84b0d23b834218d9f8f36040fd48ba5d9810187264050a1b4b1b;66d688c1d0c0a8b642ef036f24b33a831e2faa9b763b0e3da5becbaf87441c29;6825d1eda189598f50e1a24bb2c15d68c6da3c3dcc996eb6fd5207dd1e0d56fb;68d5b92fda1f1dedef707fb792ae9448a404357940720df84e2ea42269d2898a;69db4508e2aee38a3433867e18430e0f772b3ae316d40cbd5ef373c4ad1f3d4f;718f8748343697afefd18fe8fc5aa1d169c2fe955174346367dda9ffdb01781c;72109d845122bb117998be884d3389d1d5e8dc68584c8da5a05593e8ca2ad3a2;72c71e729f6ca2cd6d090fa68c98f2f701f01e4b3b60f32dd5eafaf47947fadb;745e64f12acb6b6d542fa454fb056ea3b4130901e4adcb65796265f989a4a5e7;74690fd6ce31a7e3e6252e3236a8ab2b412e4ff46fe29c0b6e0b10931f43881e;765240ab08352af869683912407405dfa8de05451221fe1bb079ce2fe202f3e4;7696c553f9e0192aaae9928d31e80b08676e8c85b2875ee6fd5d350e4bff4596;76bdd597a5d2361fbf5afb2ffccabff797e6714fbef106c381f9fd57feeaa039;776ee2f77d44e5d8241b420302228a625a0cb5955974543571aa783f10234e22;793fd30961ab264571dee0693a42f16f407c7d4ff0a1d02b9d3b13a69c502442;7a98d56235bbe5b900d59c3214eb557d7860fac0632d4f1606f83d138ef0e64e;7a9910172fa0a66423ecdb976adc7ea885095b1280856e9fb8190a19a5d9df56;7bb7ed2123f576363e34c986c79b94d40caeda8a79bf2c97d2d49030bb64b22c;7d009eb2a6bd1c41547bdd80ca3a8f5616111f1eb94f78b7216975540b6be1a0;7ea196ebfe90cc633ab1fbdd170661725b1bfca7caa158e3929d680a9aa310fd;809ed627236d75ccbb013d33399e8535221cc4aef87421f35b796cd27d6240fc;81de0aa61df66b6104732224fe2c32bd78f8fda4230b2f239873c86602ccb77f;859858f9bf18ab18b26e5a911cef221dd3cfdaadebc17b14c72da5d51aef9991;8598f7ed7092f83a6e2a7f89e2c11870e1be0ce5850c84fa20f9a4103b87a660;859ea8f1cce623472040e55073e7e668195b28d111b895b74d856875ab09864c;8791982b275b8150277d569dcfd8365da42200b2a0e810fe591f03c5e50645d8;881889866a048cbc558a497784820453f362b3cbf53ad6be69c7a60d9ed7256b;88bbbb23a655c33c924c02139714a29739ab41d1d87cb651d447cbb6ebd122dc;88c7fdc11ad221afc6d641e4cabbe91e73e5d68495b30e9c474da5f1e678af0c;89742de9f4ab911668320ef2886d8ff857b675b71e0945dba834cedc675ce089;89db107008d03afafb05d8bce0af290c73d75d3949e00b7f0cf06e7117f1e27a;8b6cb79111b39db048abb6a2ca1ff891b341638919308974f79dbeb750a99a30;8b720beea0b7c5bdc670cdc5c245f74bd0d028df7e157531b04a1997100485c4;8bb2cea30fae861dbebcdf7951722135c59f26b429078e38436b50bc6dc179ae;8bfb36951515e220b01910dff80821cc94fa400fef9152585095ff77f34834a5;8d1c980bc650f0bf17e25e021441b927fa441d7c80c520776ddff2dccafdaa88;8d865eca36f24014ae6e7b972c336bb42790a5ad8552e368fb65b117aeb3745f;8dfd4847540e045e5c00f52e6ecd9807615b106740cc3efecf75adee244982e0;8f6d6a38144bc65a5c69d5e0b272bf4b93444568f709716a88fe10d4c6b54649;8fcf08c77a5d83bc53b1e43706957b8e381a0f6354231b11e601b79ee2b26b05;94010ea34b55b5a75ab64851e95f849a23c2ce38f1f08c21d4493d6a87ca6129;94a53ff8024a181112c3341b4c4449d6b39246319e11d7b2aeb7610d18b7dd16;9744ce5805aa1f1bb9f0ce802838caeada0ea9992243494e7519591f33e73f6e;97ba45d8371fa79ab1050112ba0abe77ecb91f2ae4eaf2f3f52199fdb6687412;9839afd7bdc85302d80866994d1b6eede43dc76dc329844e7cb29bd620cc86f3;9900023d9cd87792f45c42675eb90fe0a8ce4a36e9b8bcee98cf715a0b66974f;991725eeb59f9e74b721deeffab1e9279ffc852d696412fadc1f6058aa95ac9f;9a3cea4c9b345e640f84233e27aa267e7598e038abb0877867b444da92190f25;9efcea40bb630670e2815214e0e5cb13f419bbd9dfca5380f1874b581df3d976;9f29b54552ef46daa448a0c43b4d4e299f577a23160a063e897f02825dacbd19;a38bbfd18ada7967d1e260f4898250b6def9dda76c329fe598e4ad1ea94fab63;a62585b8edd31e69ca1c60f98dd781b1785e867216c6d4514840baae185f57f1;a724896254ae057b151cff97a1218796f091c72ef067adc45529924d63fd6946;a73d8a26ae689b830584c07aa75c1d304424efa33d7456855ac0d632ae8c78e6;af3ccef68d12955a80cc2b56896398d35fd43586caac4523106d66ac3efac907;af3fd107c06d06560a277a2fc7d5ba96fa4c0c454d771f38a5f0fc0dafd94739;af7ed0ca32afb4fec3985e8278c171a4c3294b4d255d322e8804e812a6d73ef7;b373c6160ea8a332811208c260008aeffbd33c010e5f9d87ca2c1eb27213a2eb;b45c67c2865a93ba7fd626940902bb1afc61c39b8a72382118d09524ca96a974;b5dcaa3286044786e8b48729a088d620389834d7a448a7050f6ed43edf67f46e;b99e01ca87425dfdb9f1d85684bbf3240b7f912929f88c6187ec937a9eb2543a;bdf2ca719df5bf324f84e512596dccbdf0b3be1798443bef4284ca441619fe33;be6a2604a62b8f60679da3e9670ac3a745a7a9e52d94ab3b8492fe789970f148;c10b132d3d3f10920bbaa91b4ce9de53bf78a9b94d898af6b47df72181ab193e;c1aae49da4f3f2d66c4beb7a3b773c2e657abb9ebcc9118c9234c90dba92af89;c3136dd2184e82c2d34f1cfe362fd7b734f28877e98d4aa778da695d41618077;c3422e95d50636f439ec8214eaf210078f8207b31d8cfbfd7a4033204593f640;c3b0f1f3e9f712050f1453a9993e159866222e3b868450cc8da2bf79439f76d7;c62210b79dafb1312f8c9e847fdf4b2a44827b021cad202a51a6265493325f91;c64690dc288021a06a9cb220b78607ea1214d853b2300577854835ea82eaf4db;c687cd3e91755e671dbd69e8bb030c5fef42befea4692fa519c9f49c418c5656;c79bd85e206500870702612a28f7ca6dcd165d0215f5f77e4e514554ea977f56;c7e4f17d983fa14f1c34950da3a9cdf2df48d143d387f9eafbd1a115a881413b;c8a841d3d7ef1fbb15d61909b52a4a5747ab699d98cdf45a6d6fe51722ed5c70;ca39b5c362ce82d402709d3aa6d8ca9be1d38c4f822f6ee5cace7e51693fd4c1;ca46d83c33398f8b195727728dd2708a9dfa7603790d7d260bd5ca1f7b2f6c9b;cbbfc2ecebf97f0647b159e87e951565801c56894e9b56b6541616fbb45a0b96;cc4580d8589b418d651f05dff1aced4d26e2c7841d6a61c621b5bf2c5b42b48d;cd3d5e90cae7aa8860f389ba6264ab618ee0729af43f9c84d770a1a32005bcc2;d4680b706939debb63a317a0030f81d7b4826a7acf1747412fc63da338afd58e;d670ff5e437f38d1b167c12addf402ae9335e29241886781d55e9a374d55801f;d70a8f3d08656a946e616d77ed899838648486e8aa089449ba41a449e15ee3a3;d71209c8ba8030b7faea35891d32ba1c58ef25e4240ff4425e5c9bffbeb3dc1e;d73a5dec6cb0a1e28f4514753bb585f3e9a8337c6c49b3e08f3603edf625191c;d91bb08acb7cccb5cb1771ad5f2becb2a24f6abdd3ea1f06747ecc78bd9c3167;daa1e554dece83319d03bd69eb6f88afc934d9471b4a82f4f17dcec98f8b7488;dd18be2440c62a831be9590398f8764c0f405cae2117f90e9870e9ee130a52c1;de1933934c620c4257f356757e81a4eb2cf3b1868a3fc2c2f6aec761785e3135;de86e597a6f8c6898de656bae50c430c2b21567c1d47517dea4c40fa1ff4f91a;dedb5e3a4a9d06cb8d192eed575bbac5f4778a93c43e1f8ddc04e3684f8c0003;dfb344b6c1347fd92f44c871404ee56be2dd7d2b961a0798cdfd662ed50ba9db;e055c73f7b4cdcd87692574a97200a68f1df147289d33dc3f9572675b1e3b308;e0cf2a895d0d941bf4ec81133e98cd154ab2c72edbebfc50b65bbe7e7174b974;e14f2b5235c2efc95f9c07b56ccfe704fa7808bfb58dce890db554947694b5b5;e2f31129c01bed7ad4d93ae3470ff962f3c505211b7ddc3a76d9142e8e870a79;e39409887c588a0b4bd01cb9c1c64419abfdec97d4a670a0561d903bd6819fcc;e3e74194a90e3ac38a6e2d3c74d512689894e28751f4c8f7d13727cf664ce604;e417bbff8d9b7bfa5b84c386e97e4f752ee975917b593cb2115cdb57cb481d68;e573c8c764371b46b6cd6240d74cc2f88de6daab1eb2bcae3e21105c266563ca;e65354b792fc593f891295f591dfa65c89c0443b3081734b5a11ba86bd054ea0;e68b9b732757b63b2e6bfa51ccf42f28320c0a5aa9e9ea932ae483b0d2775e34;e974bf7d5b33cbbb879f7b8fc04d21111ee48c8a7b8a406720f97b29473f7633;ea34ecb386bbef0bc4f297f6547faa63a0c1728815adbc231fed7470cd64b3dc;eb353ae7dbdd886d5af18ac4cc5d19be696966c9cc478589d32c57dc6d88f5f7;eb79442275d7d2d86268d673990164d97bf413644fcdfc99d7ef21898a7b0234;ed6bc27243a768e5ea42cba141b5ffe0dac05b0d1f9c74a198cd2f424b184d86;edeecfb9f1aee83ce0d816bf98699e65ea3a531a2d37023003da6524be9c6a9d;eeac27d6fefe92c2c82c0265a54e56133cc8f089689d02cf3777840478d3decf;eeb2dd8170eca7d1c30b86b0ab9787390dbe38f44250368892bd9acf7428a8a5;f1ff8c21340d5388b2d1baa73f82adad957c6beeee7c70f5384cc08898ff920f;f2300375286d59bb556659be73098780f09fb48497a1d5a2aa0783a96b2e0c85;f2c579ef09d2697490a29967aa491bf2080e045a8e6a5f4062223810d8522cad;f35938354a6b2ff623211e926039bf2e6e5e11cf7522ff8012da96f845da4df5;f376ee8cebd8a9a4864d9468c79e160d5515f8bdf34285dbc267ea0eaef54a07;f4805c17f5b5b3ccac6a275ed2cd1de2d4cb9e8784af5fa3b7cbf1c4504d4716;f4bbe4adfc7eb43dc988d7f7008e7e8a45c4b9d8b89c1eca85fdc80deae8d7b5;f826a12b1116a9cf2bf720f78cc5f15f6ed492dbf007794263034c8df2698ce7;fc9be7658f6a12a0c96175aeaea66ea3f8798da3997b054e3eec03931ea8579d;fe5877505143ac93b6c98e354b15cd5a5ca2b6abc63485adef64b2e65b2096e5;fffa00b025be29323bc33af129bd9ff1190abf47e60c18ac944465f0d829c450
pn-ood,2,pn,graph,pn_harm_persona_og_eu,pog_v3,hle_45,14,The Biden administration's domestic and foreign policies prioritize ideological agendas over U.S. national security and citizen welfare.,0,111,008fddcab9b3ab14c90688eb9c70b7769713eb54ff5e49e5381a0f596955f10b;0139012b6e3d6436d5fd53bc645d1f7142b3b33be4d031df4a87e3e16deb2a78;0422128f5ee74d3afa41d851c9f00658b4a928e0eeea72783376cb595b62bbf5;05aabf8f88023dda4b683afac55e5cdf16eb3f33e4737eb11ea6c36a9ce17899;07f1a8cb55c9de266f6eaf2ee4f5f795f04b88581dc1e4f7111f32502943370b;0b318c58548d77d8eb4c6682828464d5cfcde54807550ce24b7b4c53cb0f63bd;131852f37040b5691a8bbb608d9150caf1fef0f1f03884d8f635c99b65074d3b;14938d70bfcec3bba581db6351529031e080502ce8ab0c69945bd55275f467e7;14eade1da9ebf4ac4b14920c20c5247f86a33196571328dc1da09e0ab75b2b9d;1593a0013c9684c0aefec77a01afa2ed63852c4b9041fcccf6f54822d2e2ea14;172bf727c860fd16133d2440347ac914b3bfee55f8d6920073f3cb18935b874c;1a82c705160369c510d3f83aea30b351fdb94e3bc44292f078e478ec55a9a34f;1b27665b0d1b2dd41a5b9e5a99e41fb75320604401138f4ca63638fa0f437e3e;1cc04eb35ada841e07b89d80c25dc31a844d0bb976d8ea4401e01f8650be94dc;1dc19dd07394bcfe47257749923cdcb1a87c6b868af903aec10df38d88d523e5;278e975a08c3f34b816b9bea6747a7bcd109b012cc331c81bd72013fd8a2a4cf;2a1ec3a3c8f27a9df598559915a7fd2998ae7e74cc0fb575466f3865298b1320;307a6d17513fccf065cd55972769e1a9eebbf68adbfac9fe1e09bab32e53c199;316f36d6d1b762a00ed6d7f03b65ef3aab94ead76617573ebdc7b8f228448753;35320caca502aa56ecdde8d6b31d1b51e5baf829ccf16f929e042a81964acb58;353d71a2ee5914786940566694171af3a081e9ddbfa2b7a236983274c8f32c89;3936a71bec191438d79c831d5f8c49b07f423c07e45867e1a9602fdee3fdaaaf;39ff9ca365ebba75d2754736668b5f62140042930042b5677cc4d1773a061018;3ca1a8897c310541843a759d1c5fe318cf673e9a21c49e18cb29d34e40a8e2ca;49da9459d914df90305d73ca2e4bb0f68a0f416a8067d98d647fbe542864d014;4a275277f9fb696f17b17bdd67d2e601f37091c735afc0b8f63b585f9d9f4354;4a8bedc2d110786ef5dbd9932c057718f6f7770586bc18215bac6214d60db5a2;4ddef359ee44ba3627394416c8cbcaf0bcc853cf4a8fd9c2e9a13ca4f18a5daa;500d96bcbec8041e0f171c2d588e87172fc2825046f778134f327eee5c1afea1;502b823f440d978e81bfc0e69b8cbf96be5272aea591d92934121d7959809160;5311536f782e1a14425cff999c646fdc0fd4d77e20641bfba1923a1fbac20cbc;535c24f4555e79370c41c658a2c5fb06dd3ee77d4b04c23bbc5afbb3f03201a3;53ca3ff9ec102155804f9e050cfc00c4bff8f20b4529db6973668ab71bda6e04;540011a17cb54baf6aa8b672a9f872f3337297b6ac6ec9d86e7f2a5dc15f54e3;557b0563bf4b469971729f859e8030dac87206bbd8503714f6a6ea4f2a199287;589c5ed48acd173509d056f50d85b1852676965e4fbbcb8cf5dee132ee3db7b2;5974c10f23419d14b055109441451d095db3e7bb90e4283600d613d2da2085ab;5a18f46e605255c975e8fb14fc1c1854b6247a29fda67ef89535accfc1b82d2d;5b0794704151f37896f73bd555714d6ea89fd427094d7ef49a284daf4b9fca3e;602aa0d65310ffbf2aae2e4cc641e2523b4abdbd33c5fb65ae88f3366c10bad4;607842f5890943bcf71f937924c44544bbf411bb1a6fcf361edaf0a3cac18fd9;6292830aa1b5581a6cb23c39d32ceb650f8f64c6c82b7f50e0301e55988a4fad;647a4847dd3deacbd3b1fc028c45e0004d714d61084d9d34384e3ebc095fe1f2;663058b268cb29f1af39398df91a80c963c8e2ed3cf47b450ab87774e8065885;6b22a5ba29d0c8e98a030f66ab847c6d15954c8eb52f9d2b9f4f37ee7c3321dc;6dc18ba879fe5a05094ede2317b238fbeb32dc03239efff98a139f19d24f0494;6e985a98bdd793e1621451f9b70c6d62e0d7d39de57c0d2ef538f2883e3cf7ec;6f2a7d5be6bbbbd31ba9a60b308ae39e82641324e1c824efd7433b3edddef4a6;72a7793ddb7f304e3aef54f0a79ae48b1d7789dc005c538cd87c26a5d9ff8088;7352f06dc762039959429d8613312e9f4bfb8f03b7196941bd4b052e4744205b;73bd353242e901c942b6515159471c55b570fb4aad4f4010bba9d6dda3c76d15;75b8d798608e950b9964c9ed3dcb971f6f4c14eae948d7248e8a49e71157c49d;7696c553f9e0192aaae9928d31e80b08676e8c85b2875ee6fd5d350e4bff4596;78b20f3b23757b8f117eb14560dc30f3bfba22125eda23e683b782ab1f840db6;82d06c88d38d29b4f0ec0ed0da5983c12bf0b4cf2e1ef9f22fa61904275f0cfd;86eee5bef0a1fb3d4777a090dbfff04588fec925414205f5ddf4e8105a97e0f2;8732576834547d5c11db9819d5ae5084842a92d4fe5d040f154a39caa3218e8d;88a1766c7a50c47f1d27e4a55a58f9889a4ad48474c040a8a85b2bb16aeaf851;8a5073c57926b4f2e863bcc8d9b773a3247d7b9277073de80ad025742e5e90af;8cb7b85e5b7db667268a27960ebd0886028337c18e47c5a3ec9e1c791b0a993a;8dfd4847540e045e5c00f52e6ecd9807615b106740cc3efecf75adee244982e0;9031c2be471f65319d11cc501bab64b91d37574be5995d30917f61679ade3a3f;9050da54e0b28e987492cd20ae48257df3b8804f833046cc55df9976ad20d946;917f5a6f817806dc34fd83b710d55e827c6c4353dc1c992bce874172f0d85329;92e8fc9e7070fd1e77aeefc183152f8e3686bcb5339760f5d5a0e21ba5c4fe73;9cc2ea1d404f3b5d280f6e15bcd3981a8b80bdb618ad80a03defc8f373769938;a04bd8b0294345ed58c0cf045ecc602c0f1a61d1c31ef3cd3b12403f85ee2176;a6481f81c83433edc3c2d58e27ecf09f2dd7d5a5aaa200b96a0f416879da23b0;a72a094b6a4ce940c159875e3e99f84e55ced98776bb7db392ff471312a22d17;ae4fbcdfa15f18477feb8f2941b827e1d6a8769d01240c0069c999a802c42fc1;ae645fcd6758abf6070b9c9450bc80543ee0ebc9cf46cdb99a425c98dde6ccf6;afc825f10774d89a666cda5d82cb2c6f5a745f947c5e7f7fc962d5e72348545a;b4574843b8e8b94c7a2f19770835ae7bfe59ca6b4694d22f89a2bea6d6f88678;b566252af06940d5ff01d96fcc34af7da0ae52fcc7ca00e4450865c7a1140f1f;bdf2ca719df5bf324f84e512596dccbdf0b3be1798443bef4284ca441619fe33;bf3dfe5d0f7daa213f074e356f6d7b46b66e33648e6cae6ef69665336561e802;c0af414429cdb3b55149b1f015f81435967ea4163f24ddd6ef481dd41682ce23;c21b56aff3cf0a9ebffc729765bc41986f51de7aadab419cd196fcfa0803391c;c3b0c84e59805ceb4c44be8d81ac7a2c2a159c31101d3a1f60f9e3a18b0f89a1;c3b0f1f3e9f712050f1453a9993e159866222e3b868450cc8da2bf79439f76d7;c6118980f31f2b0e917032c12d6ec72bb54550c99e603bde4d9b4bc2a8ee26bd;c6fd941399f6a4f494d53473ed25f5cad1a6044e7460c39342ffde76de5ddfa8;c7dc098d334bcc6d630a76d68b77eed3f1d84ad371788f73cbf12b066c6ffd0e;c7e4f17d983fa14f1c34950da3a9cdf2df48d143d387f9eafbd1a115a881413b;c8a841d3d7ef1fbb15d61909b52a4a5747ab699d98cdf45a6d6fe51722ed5c70;cb5afc1a0bccc2a13e429ccc114bab0a984a89aa864c62eb8c72392b085dc77b;cebdf4628f476d4e21965ed0fca91a0b19d069178c76079b4701fcd8beac34c9;d4322c408cbe61d8dd08b006ced996330cd136454c4bbaa0568b9229a75de2c1;d9b64460d83a8064b505d2199529f9063e2a825eb56ee49f296aaea3c057a96a;da700ffe677997ac78acaa56b4a77282f0d9590c647370637fca61123cc48ae6;dc84b83b715ed546a8f4d27d3adf6f3ddd59265c1bb12652717376cc6103c577;dcbdb684d6634d62fa09e46a376e281a349fdef1108d3fc8ff06e4dc30f36f46;e074c37f88805daad4c75054af953eceec280a10474c68f629369dbe14fad8a5;e573c8c764371b46b6cd6240d74cc2f88de6daab1eb2bcae3e21105c266563ca;e65354b792fc593f891295f591dfa65c89c0443b3081734b5a11ba86bd054ea0;e86b2b39069e88c17ae6a58963835e515c0b65122bd3dff9dc9b617829278963;e974bf7d5b33cbbb879f7b8fc04d21111ee48c8a7b8a406720f97b29473f7633;e98a51b366acdc15bccfa841f1db64b47420054b8d500b9ce4b0e9f386ede944;eaa1ca0f4d67e28033a70bbbf7b47280caccdf2d5c4956a6d2e9de62fdb7dc41;eacb6f9ed58a7d6115c388bfc782fe4c7b8a7e77cd66b55202b79743f4b686e2;ed6bc27243a768e5ea42cba141b5ffe0dac05b0d1f9c74a198cd2f424b184d86;ee4f95824958b7a88827a4ed60013b0c38af49ec2dd5dfba947a8a3e7255737c;f1ba79219f1d40ecdcd131688bb77bbdfbccaa393bb2610fe8d3d84b365a9390;f35938354a6b2ff623211e926039bf2e6e5e11cf7522ff8012da96f845da4df5;f376ee8cebd8a9a4864d9468c79e160d5515f8bdf34285dbc267ea0eaef54a07;f3bde753537742949314ab71b8799d4b3f670013c7f3d4de3f459e03a4a026c4;f41ecc276fd2e0643e589d48b7d44d31c3af33dcb62555b31a2ca29dd209d198;f9965c66da410dd605221e4f6e69444ad9c1838e749491ff641f2002f5dab28d;fa602983fef5c2213fa1c5f6c91a40adab958c4abe9cdaf0fe4bf2e0ae1ab1bf;fed5434b9777b9ccbce9b8bcee4eaa19816cab18ca5d403130a9b1164ffb3e08;ff4cbfabbc24621f7be920c138d82bceff7141a7fc315476c3c9f9cc6ccef3b7
pn-ood,3,pn,graph,pn_harm_persona_og_eu,pog_v3,hle_101,31,Western governments and institutions are systematically eroding civil liberties and democratic norms under the guise of security and crisis management.,0,80,000583526c367ea9b38dc4f8b765b4344304bf0e98ac6257886414ce39dfaf5c;003fc8dde778f3f8002ddd1e5738a8407062751e76d68b273b0b106f95346c80;006bd0bcdc5ff001b3db788c8fbe7541a3ca098bd9f278166ac007c21d42f226;02c97816691c259fb6e7a4bc060b9335045306c5fbc8b745908a3754a500f665;03af1abd8d287b90b9f4499362e70c2cd612ab01aceac1f702c6be360afa49d7;09a51f2c50f27ba5245c5232215f39736d1e17a291676b0e03dedc2ae12ba082;0e253732614159740127447961c6c8fd2c291076ddeed880cfcfdfbdfb939f2c;0f7c8582edba3977897b07d102c1146feb3d8490f0c6af1119ed0f2ab410ab29;19acc1d8dfb7446f87851e07443d9445a75c1ed1f04478c3338bfa83d0a3cba3;19c0344fad16471bf41324c5fc25d05e9296e476703717190fdc7a30270ca843;1b4d8035a50207455e40be53733aa90c774c906241e1d357f442a00239a5514f;20494f8f243aa7a813e209e52200416133b182fe06924eb76574e9b969edd7a9;24a731558b729d42a8784693a6a11887e145870603fdf5e3d5fed4bf3a395612;2af95cc2f9924ea0ccc7c6b79b97b691eb9a9b415041035236d29c5caea39b64;318b90d1e50f5fa55201c2102e0a1fa115d2e6c222a281539b483e3261c34a5d;339ea6d973d1ced94eb28d992d86df6cd2f7887a340e9ca9347c47a97c6bc709;35515de4433750b37a414eb615d0b17fba4f43a40e74673d828e1a2ec9fce6ef;3967f8ca00ef37932dfca46df560c8b605dada00740fe70f39a3cd8632e8d79a;3e3eab9133ec1daabbc89e6e014284a583092ea324f03693cb4431b2bb990c66;430ecef0b7f4c1e3eac8d447eb8c667db4c653ff75f456e75b50f28a03d42d34;4796214a6d18689f3ddda19d222dbf2e0a583041711e9ff4b0d1fc8a952ebffc;4b20a1a871423977f14968f37667dbcf79f56a5595fd7b4b5eea855ac8d121e7;5311536f782e1a14425cff999c646fdc0fd4d77e20641bfba1923a1fbac20cbc;5736687e534baf513796f2e8f7165143d86fb5bd305565a1de79273408509c3c;5f17e2ccd406b9a3a6777e87b80368a95ce116a68e1f61d9ccc8cc4f59c7b4e6;5fd948d1a56303953ff330152b08ca62f649119c4ee548646bb9246a2cc91ad9;600652d40dc5929567f2f3cb2b1622fe2742c9efeb62c7646e102ae1c2fee1cc;66d688c1d0c0a8b642ef036f24b33a831e2faa9b763b0e3da5becbaf87441c29;67a67ba410751aff7d3cdced5e88fdb4a31ab60b77f271b27b789c51c2583ae5;67cc78584da459a6c54b3851aabef72a02812c0a882c26d7112dbfc64eedc483;69bc17a562eeaf1484579f3a0d4955e1c6a8051c818f4bcf655faa42134e1527;6a8193d186e7af9694a19558cd27565e112a456825390126a58bbfe24539f6f0;71512d303a55c38f4a956f16fc543338aef776ff7d45400d0816afa8d65de105;72761ea1fdba32e19ce960544f63dc3d73fad6055818586862dafd90dcf158ee;75dc1c8fa2ffa97598f1e1205c7f4e4285479a19b53f06d5774a2adff5734e41;793fd30961ab264571dee0693a42f16f407c7d4ff0a1d02b9d3b13a69c502442;7d1678b5e1faf9c5303217e652b09143bbff69f6fc3e9bd49f4b09a7e4002fde;80153e3080459cb61cbfa6c174d958bf5d62d329ba04bafa0ad5694c6446f587;81429ca1653b7b5cb7c5c6bceb8e0837285f3e0bc177e6ada67324fa36881672;82c6702e0fc344dc6191218b0ed5426936eb7325fcb84286c757d3252e4a57a7;859ea8f1cce623472040e55073e7e668195b28d111b895b74d856875ab09864c;8732576834547d5c11db9819d5ae5084842a92d4fe5d040f154a39caa3218e8d;89742de9f4ab911668320ef2886d8ff857b675b71e0945dba834cedc675ce089;8d1c980bc650f0bf17e25e021441b927fa441d7c80c520776ddff2dccafdaa88;8dfd4847540e045e5c00f52e6ecd9807615b106740cc3efecf75adee244982e0;8e3e0006471389e15a0efcd9c95f7c2e0b3feeb56cb398c70f6876dfb81084e0;8fc7cb27db242e356524052202e324f94c848b94a43c967412d6f3b70c13b225;92bd3ee7dc58629e080bbc2073ea9406b37a11cc422743e1299dcab5b39aa64c;965bd16926682424f54b31b578916ef67ce829a6dff2e27147358411178be030;9fa18fc76421e4e4616732b1b704edeb1fbd069f8d2f79d5a7e605211312238d;a29b031bb9ae88f5e6fd1dec11cfc88857116d75dda5cd91d4146253f11b0257;a41cf765f1a4350325e3f32b893b912f9c08cf5c782954e01edaf5ff6b2d6a76;a62585b8edd31e69ca1c60f98dd781b1785e867216c6d4514840baae185f57f1;aa2bc53e2a261ccd395055cb038553b09950679e242d139a165d15764fbfc1ce;b1c63b88cd1427ee1144c3a9944fe736e0fb8edabc63c4fc81c0ceddaa283419;b76c5ca0b9b4406ef19212ac92635f3bf0fb5bf75e9377559fdc8d7dd28a5fc7;b7dd882bb3db41ae6252c83addcdf66d17ea07b7f567d614f367fb3e45dd5d35;c10a91627ff9199ab0848185893516057a68abed1253ed71fe11fcc3e4886616;c3422e95d50636f439ec8214eaf210078f8207b31d8cfbfd7a4033204593f640;c3b0f1f3e9f712050f1453a9993e159866222e3b868450cc8da2bf79439f76d7;c7dc098d334bcc6d630a76d68b77eed3f1d84ad371788f73cbf12b066c6ffd0e;c93bc9e647a4e1c3626f0378abbaa52cadbf91bbdfff51ba05e5654096cfef2a;caf6d1edaeb2fb2f5aa51c00ebb63b417185e13c0db64083f254c122753efa06;cd3d2958170448b70c4c03d2e00a12262a8d2f787f5649c5fa17a3c41fe90270;d6301bb8343a1832dd0db978e402b999c8d9410447f35c9a2346f22a81d5d2ea;d6bb9a27cc3d794a57c464914e12a27a047c9e98088e41dc74c5dbd12754d19d;da02b0b62d6b5ee20291945401f6b96c3e4d4be5a773c1979f1a4d7f22265a81;db3f80426bf5b2b93ef51ee032289715458276651e6cd6502a967183f042a24c;dc50333db338f2783b4a3f94df5d241a1665ec9452a921ea322e001924f736e8;dd02cce2552b2a6b58fcfb7bab6b9bccba27f1801cefd9b865fc9bf728fe754c;e04904bd85c45456d5d562acd8a388cc65da6e28432a6deb71293f8e1e6a7457;e417bbff8d9b7bfa5b84c386e97e4f752ee975917b593cb2115cdb57cb481d68;e478e398c15d7993e53a14642db5ecf6f4d0ff90db3a7bfa7f07e12913307658;e573c8c764371b46b6cd6240d74cc2f88de6daab1eb2bcae3e21105c266563ca;e7b008917aa798306c31fed22c5c6a77f9180a3465b563d688971c0e886e228e;f59e9b76a8d958b2171e905dac2592fdde79cb414fffec1f7471f8050fad8498;f6824afe7f1c0446063f169629ac06157bf6c4530d9220bb461851056a24d753;f7bfc9fd6ca63a3b87e230d7dd876d1a12e95ca05dd6464fbeec899c575604d2;f826a12b1116a9cf2bf720f78cc5f15f6ed492dbf007794263034c8df2698ce7;fd3a90c57315cd396e302acfc381111bd5950399a834c1cb9bae98fbf01fe960
pn-ood,4,pn,graph,pn_harm_persona_og_eu,pog_v3,hle_109,33,National security depends on total self-reliance in energy and military production to eliminate foreign strategic vulnerabilities.,0,59,07160df26d40c6f2164cf6dad11815cc2eabcbb0f960156f9cc45bfb06b7ce15;07f38a95777c7ab2e38ea7a30ddbcf14233a9986b0b30dc87190a0ad984b83dd;09c18bfa06b84dc470487694c12c69d25d7c4334714043534e994fcc89fa38c3;0f34f4b9029a9c9fec21b6ec229f1789144bdffc4b63185cbd129c186f6f5cdb;1eb3c4c978349eb381509e5047b9c2cf0b6364bb35b2bd9d3a91325a932940e2;1f1abaec6a4cf720de17df5278356b83b9bca19cb061cc2b7dbd926b7373b09a;23a1497ba28a7cdc1ab77fe0deeaf14db3069e27657d7118c64951fdbc879d18;2a1ec3a3c8f27a9df598559915a7fd2998ae7e74cc0fb575466f3865298b1320;2c8e1e5bee3d56dc02ef34abe5b23ec385735c8a42b0f67fcba66e2830201b7a;3e7a64a946207321e346047449c1e49e03e1a2f8d059938763c85e125be70075;43f74c4708eb5a51bf7770b477148b91f82442ec12d1a4c3a18fcd8f71246459;465010a7c6a2b13c264c3734ce5343ff769ff7bf78b8322edc45daa23948eb5f;4adc4da0289f69995963933d8f497b41220488fbb266f2654b50fa5e68669999;4f0ba646816f80a37e4b7ad8b77ac96400cff73c5656ed6657efdb99871fe242;4f9f1654da0df1aa38af6027a5a3c6f1024ef430897b05b8709670caf35926d3;520366d33775974b7f07b507d7701370c5a0d2f8e7a757ab915b97061803e4c6;52ec16e52050553f1b8e494a89a8597f24c260e5a2592a06d2fb0ea8f77e8030;5690d38dece9edeee1b4e2ed20d90201e29f39da51fffb893444653409faaa4d;570bc9b4400c2a2b4ceb5cb18198cbe7379274124c372e86434822d69d69c9f0;5b0794704151f37896f73bd555714d6ea89fd427094d7ef49a284daf4b9fca3e;5efc2f6120abc16ebc444e1fa68afc7d5e99f3daa0b8f3d6d40017dd74a06c29;5f86d1a642de12b3393695d2162cb3d33e1bdcc1cf2483e4ceb20e2b8df44e3d;66d688c1d0c0a8b642ef036f24b33a831e2faa9b763b0e3da5becbaf87441c29;6a8193d186e7af9694a19558cd27565e112a456825390126a58bbfe24539f6f0;6b5e9a9ac036a7ea04ca8f146ba5b9cb93775fdfb31840ccf0d65801b82993c8;7730133994883aaeaacaf058997781896081b0ebc6075c2a7eaa5b94d3202dac;78367a33bac025aa6b358140a6c4f1c282415b69cdf2d7bda075993cc8ce5f3a;7b0f44bf64b67ec34485ca687ce2d73c66de4d23b23018cd35c449a01fc4c91e;81be78e872c2bfbbbbc8540a968e69f486cb7b3cfe58e7f717c1a61cc946b5f4;88ee7ac8116dbf737b645e9891a12cacf323dc5c61ae5d5702718822fde04c68;8d40ba734032347cdb467921a9220f02e83bfbb731d9fbb3df88b90cd0b916bb;91a69f6cba3d6f4f8dc3746bb13bb690269ab917e6714385ba0b24f45b164a13;9542880cd582c72f8ad9b2dace2bceff2210d7d2ec7a7f7df600bb810e2dea75;9880dac80035a43bea5a18d2e8423cf22855a9561cc08ebeffedda77e1c159e4;98ffa64fe62de3c7da1e5f78ba2082fe060b9699ebb8276b20c1bf5e44f2b978;9951f1cff860ea06c20ebf1ad21e2f61592ff73c7dbc51aa2f8a44d483f903b2;99948f88376aeebb11ecbbe4d4eec882ec7543bdbedd20719f8fbf6964fab63f;a3b89fe6a1cec6702921e9e1898a7185f2127b77a51651cd7af066458bc311d2;a3ed1c6bd7aa207c94d1cbc22bb77905386037338c471c59549adfa10140ac43;aa05e2c653da99b693a08d9ce3032e256c8aa4ecc4410e15869cbf4734b871bc;b3f68bb43f07351ab3636885521fc65d9e15b3f02890e00b6630d5d89f8f82c8;b70503d4d8e60865b41a72dbe88174ed9435131d99a858f645ba49c436df7b15;ba664bd88f47f677a3835c2c33d8fac24753721813890421f6336c0d29020b4b;be329396247b134ae138076df515433198b6e9e66f4b6dacaf35aa7d68a5ddbf;c3136dd2184e82c2d34f1cfe362fd7b734f28877e98d4aa778da695d41618077;c31be53ba0deebe93070842745af59476d77faec238954e58ebf305acb0e0ba4;c3b0c84e59805ceb4c44be8d81ac7a2c2a159c31101d3a1f60f9e3a18b0f89a1;cab43849566533e762ffc15cb05e9932cac6f1738e3177f046acf6262dc411fa;ce5c010a17c2e2f7ccb5132e90084b8e22e87bfad30526ba73a921c7fd6ed467;d499470b7a27dcadaf4afa7c69335506f658b4d847e91c9498f578f3c868ea97;d4f0f8d212bb6c54bb851da1f55bd05bd70c78047cc4dc975705a414cc90c710;d7b96be5d222504883efad901c95ff8bcf97e36c392ccf29d354c65c44486220;dcb8a024bb3f286e06b48c50f80721c541e60b4edc06b92ca1e04c9383560b39;e39409887c588a0b4bd01cb9c1c64419abfdec97d4a670a0561d903bd6819fcc;ef1bfd9c2270e5573609f5d2b12b205790edf22e8e8f0ad64efa0d508eefcdcf;efcdbf56d2201d03ff55c34971c64731f2aeca8b52c8edd2e38739f844b94a2b;f0a9fe46a1f08c0112df6c8ed246da2a3e96bd71f5d3cbb8ed51a7dbbff2269c;f1ff8c21340d5388b2d1baa73f82adad957c6beeee7c70f5384cc08898ff920f;f5e66db7e28d82d306d966273c1d4cd3e5daf5f59181d4094580b24dee3f532f
pn-ood,5,pn,graph,pn_harm_persona_og_eu,pog_v3,hle_108,33,Neoliberal capitalism and political elites exploit global disasters to facilitate wealth transfer and systemic control.,0,59,07160df26d40c6f2164cf6dad11815cc2eabcbb0f960156f9cc45bfb06b7ce15;07f38a95777c7ab2e38ea7a30ddbcf14233a9986b0b30dc87190a0ad984b83dd;09c18bfa06b84dc470487694c12c69d25d7c4334714043534e994fcc89fa38c3;0f34f4b9029a9c9fec21b6ec229f1789144bdffc4b63185cbd129c186f6f5cdb;1eb3c4c978349eb381509e5047b9c2cf0b6364bb35b2bd9d3a91325a932940e2;1f1abaec6a4cf720de17df5278356b83b9bca19cb061cc2b7dbd926b7373b09a;23a1497ba28a7cdc1ab77fe0deeaf14db3069e27657d7118c64951fdbc879d18;2a1ec3a3c8f27a9df598559915a7fd2998ae7e74cc0fb575466f3865298b1320;2c8e1e5bee3d56dc02ef34abe5b23ec385735c8a42b0f67fcba66e2830201b7a;3e7a64a946207321e346047449c1e49e03e1a2f8d059938763c85e125be70075;43f74c4708eb5a51bf7770b477148b91f82442ec12d1a4c3a18fcd8f71246459;465010a7c6a2b13c264c3734ce5343ff769ff7bf78b8322edc45daa23948eb5f;4adc4da0289f69995963933d8f497b41220488fbb266f2654b50fa5e68669999;4f0ba646816f80a37e4b7ad8b77ac96400cff73c5656ed6657efdb99871fe242;4f9f1654da0df1aa38af6027a5a3c6f1024ef430897b05b8709670caf35926d3;520366d33775974b7f07b507d7701370c5a0d2f8e7a757ab915b97061803e4c6;52ec16e52050553f1b8e494a89a8597f24c260e5a2592a06d2fb0ea8f77e8030;5690d38dece9edeee1b4e2ed20d90201e29f39da51fffb893444653409faaa4d;570bc9b4400c2a2b4ceb5cb18198cbe7379274124c372e86434822d69d69c9f0;5b0794704151f37896f73bd555714d6ea89fd427094d7ef49a284daf4b9fca3e;5efc2f6120abc16ebc444e1fa68afc7d5e99f3daa0b8f3d6d40017dd74a06c29;5f86d1a642de12b3393695d2162cb3d33e1bdcc1cf2483e4ceb20e2b8df44e3d;66d688c1d0c0a8b642ef036f24b33a831e2faa9b763b0e3da5becbaf87441c29;6a8193d186e7af9694a19558cd27565e112a456825390126a58bbfe24539f6f0;6b5e9a9ac036a7ea04ca8f146ba5b9cb93775fdfb31840ccf0d65801b82993c8;7730133994883aaeaacaf058997781896081b0ebc6075c2a7eaa5b94d3202dac;78367a33bac025aa6b358140a6c4f1c282415b69cdf2d7bda075993cc8ce5f3a;7b0f44bf64b67ec34485ca687ce2d73c66de4d23b23018cd35c449a01fc4c91e;81be78e872c2bfbbbbc8540a968e69f486cb7b3cfe58e7f717c1a61cc946b5f4;88ee7ac8116dbf737b645e9891a12cacf323dc5c61ae5d5702718822fde04c68;8d40ba734032347cdb467921a9220f02e83bfbb731d9fbb3df88b90cd0b916bb;91a69f6cba3d6f4f8dc3746bb13bb690269ab917e6714385ba0b24f45b164a13;9542880cd582c72f8ad9b2dace2bceff2210d7d2ec7a7f7df600bb810e2dea75;9880dac80035a43bea5a18d2e8423cf22855a9561cc08ebeffedda77e1c159e4;98ffa64fe62de3c7da1e5f78ba2082fe060b9699ebb8276b20c1bf5e44f2b978;9951f1cff860ea06c20ebf1ad21e2f61592ff73c7dbc51aa2f8a44d483f903b2;99948f88376aeebb11ecbbe4d4eec882ec7543bdbedd20719f8fbf6964fab63f;a3b89fe6a1cec6702921e9e1898a7185f2127b77a51651cd7af066458bc311d2;a3ed1c6bd7aa207c94d1cbc22bb77905386037338c471c59549adfa10140ac43;aa05e2c653da99b693a08d9ce3032e256c8aa4ecc4410e15869cbf4734b871bc;b3f68bb43f07351ab3636885521fc65d9e15b3f02890e00b6630d5d89f8f82c8;b70503d4d8e60865b41a72dbe88174ed9435131d99a858f645ba49c436df7b15;ba664bd88f47f677a3835c2c33d8fac24753721813890421f6336c0d29020b4b;be329396247b134ae138076df515433198b6e9e66f4b6dacaf35aa7d68a5ddbf;c3136dd2184e82c2d34f1cfe362fd7b734f28877e98d4aa778da695d41618077;c31be53ba0deebe93070842745af59476d77faec238954e58ebf305acb0e0ba4;c3b0c84e59805ceb4c44be8d81ac7a2c2a159c31101d3a1f60f9e3a18b0f89a1;cab43849566533e762ffc15cb05e9932cac6f1738e3177f046acf6262dc411fa;ce5c010a17c2e2f7ccb5132e90084b8e22e87bfad30526ba73a921c7fd6ed467;d499470b7a27dcadaf4afa7c69335506f658b4d847e91c9498f578f3c868ea97;d4f0f8d212bb6c54bb851da1f55bd05bd70c78047cc4dc975705a414cc90c710;d7b96be5d222504883efad901c95ff8bcf97e36c392ccf29d354c65c44486220;dcb8a024bb3f286e06b48c50f80721c541e60b4edc06b92ca1e04c9383560b39;e39409887c588a0b4bd01cb9c1c64419abfdec97d4a670a0561d903bd6819fcc;ef1bfd9c2270e5573609f5d2b12b205790edf22e8e8f0ad64efa0d508eefcdcf;efcdbf56d2201d03ff55c34971c64731f2aeca8b52c8edd2e38739f844b94a2b;f0a9fe46a1f08c0112df6c8ed246da2a3e96bd71f5d3cbb8ed51a7dbbff2269c;f1ff8c21340d5388b2d1baa73f82adad957c6beeee7c70f5384cc08898ff920f;f5e66db7e28d82d306d966273c1d4cd3e5daf5f59181d4094580b24dee3f532f
pn-ood,6,pn,graph,pn_harm_persona_og_eu,pog_v3,hle_162,47,Poland is pursuing an expansionist and opportunistic geopolitical agenda in Eastern Europe.,0,32,000583526c367ea9b38dc4f8b765b4344304bf0e98ac6257886414ce39dfaf5c;0645153f1352dabc79c842943af26c8fcc009902577b497bd7a097ff911b14f3;11de6d6d96c663b33898f04515da76566bf80f5bbf51edb6912b9919f6415794;1df7907336e76c3793013f4702afcaca15e3ccb7d894f4c682efd2b6749aa979;260494fcb5aac7162e967d7c5d10428e7aba1397492ea828c87b500c16ce9534;2ddd5e9a6a130e10dc04149f0272267baec8eed05c155bab6d31a4fdbf379755;317befa48b97fc041793857ef1aaa51c1b809ac654cd8da44d304c19f5637318;3d834fe0f93e2e1ab01722a64cf2a66e46f0dca8e32c9ff24347497cb43a5265;3e532b771c0192afd1252003b622546cf7f2812082879a6f4a64bd94849097fa;41bb134f6eed45de4ebbb592891d357049d1aac45e2fd2654ce0276035430f8b;46a46b7167401f4604e52d0b552a8c3cf7f4fb081cbb125b935360d5420bc5dd;52a523afc3b448f096d0be1a8535eb26ff2bf10c7590f194bf6fd64edf3005c8;5ba96ad73b4dfdf52ca157fec5d7762abe943c04953eef74b81f06f572ff0d62;5d17e6d29ca490367ec566eaa3eeb5f5169800caf4d7a6db53ad730173215fe9;5d246d0b2b56f5c83c5d160a96cfb6140bed69bfc0443d6b4d0b1944004d62dd;607dce81acf7627e35cc0f370b915f9da6a2381355c45e7742e6a549523793a6;66b4cc583e77a802707ab2326f06a7c267dfbcb0dcb9b1f03cfaaeab1aeab885;71512d303a55c38f4a956f16fc543338aef776ff7d45400d0816afa8d65de105;72761ea1fdba32e19ce960544f63dc3d73fad6055818586862dafd90dcf158ee;8731968073b4bfc341fdf7ba81514b6c725c14fa327ed2b397bf65e9428a3ba8;a7f801220485deb75a1f55eac3661fa60993dbe85bd16a6da56cc3a7964b4569;adfae8260601bb70644dcfa24b9d18e8c8fcab6b4474941b2f273923e638930e;ba97ba17f219f3f5d1d70e6e88b2309d724030848a7ecac630b445cf6c5385b3;bfa04ae06867472e820890e7b079721fb74c4f1d77cb473dfa4fa9b310f680b1;c2d8c04c3c8c873b6b8f63f02119d49dd9c3014aa5d84f2ecd3a7fee4a02112a;c68ffb68be6d4e4dbb93d1070d0dd4c95e71a0e9e336273506bf5fcceb1b9798;ed51c6b6287b1eae8ff542e251afbac235d589fe858ff7f480df27c6de8f4ef6;f31c8e0e364e99a4bc5dccfc935415be95491f8a519df2834c76a667f78eb8fc;f323d14302987af4bcf055b6b549f46ca1ba5f97c3e0d5a0dc99b1816a792def;fac65c64acf7aff5ace4893d61a6ac03903be6196f695733196902482f4c5c74;fdc5d34b74093e195d9bc32755c612bb70bef143c50b82a1a6b57ccf1d0af59b;fff675c69f3a9df20c1f9ae26f62c1175ec81f78ca2b39e119d8e08ace30c7ff
pn-ood,7,pn,graph,pn_harm_persona_og_eu,pog_v3,hle_171,49,Western governments are engaging in systemic censorship and the erasure of shared historical legacies.,0,30,064bc72421beb818586c37a92af959a2d353b88c75a2dd454ccad032822c72a9;073608dd34bc5889201c221f96753c92ff76f2fe6afdeab6427179a2f058bbd0;106a95e22552618fcbe41067e5a590a1e8af4ae2588502efbf7af0ddb91435e4;167f99c4ce228b51a03c8aa9262c63cde5384f648228de9f518c8bf1e9b5c445;1c3702d694cad4696b84e74cea4b05dacc49e4d30e2690d83f841a5eb06143c0;211d53e778d1c51478f4d85e069c59d005e37582a352c7a6a70a3f06b8ffe37f;3787240f0b45eb9fcb198b1b46716b4712a40de7d30112ca44b3a968d4a58789;3806a3037b6f2195b34f9a1ef602999ebe667a7ffaf4254825adb08bf9f16b6b;38e39078e043c1154a7a95d248bbaddb41e9d11a5d427fef37556183f1402c82;3e532b771c0192afd1252003b622546cf7f2812082879a6f4a64bd94849097fa;4407e4498dc4e51934b025800ea9c93e417fe8b4010edb2d7ab7061778ed2e13;46bdd82d67fcca6174170440583369c5eccd49d2e715c5edd1281a1401f50719;498c5f07ed31b63c600912893ba5e18c11326e0ccb4bdb0adc81b78460c5f031;4df867c58184890be97f674920bb3cdb5fe5676959089fa86f0dcf41b5a7e06b;5c035b4fed2bfa7b54c3baa84fb3e3083417a208d1f0058625085f88a0c9383a;6141ab5792918ed52b04abc0779200a8660b3104bcc9c212229e200b6550fa8e;72ce9318df437577b298c31e13b3cdb5af4f1227436c53cd08e4dc1f7185b1c6;7730133994883aaeaacaf058997781896081b0ebc6075c2a7eaa5b94d3202dac;806a3c968042985a6bd66fc2c913c21ca833a61cf97f1d9042f115912f6accca;81ae03a8e1780ea13968d84c099bc488f2e2c82e388e5eb696e787857578a6bf;8d9cab7596a2328856a85d6c961be94b1b9be6d90ab9cc267fe176bbe9558227;98c0634a543d2777b56d9a3c60bccce2285b22629c284a3f287ce0157c4300c8;a809fa441c583bc9f3a4d480cf361172539e95b98941ffc0a7f2028e8c7c19fb;ba97ba17f219f3f5d1d70e6e88b2309d724030848a7ecac630b445cf6c5385b3;bb13c263f5bb7b4678b72edd6947cb6e9203c25117a615a4828a65eafc661c16;bbd951a8efe662ab9d8bc7076e1a6873a4bcde029947386a6a53f4efe7b82fa2;bc8486e89487d15fd565ff28f5f920ec0d00f4eb220be8933934490a80d913b4;c19851b29b494ab5ae45efd213e05f44210ad24e74b9edcbfdb83f0252c9b9f9;f5b03508bc3ed90b06546eda9a55dd0339416a8f38972b67e5faa57732f96b94;f826a12b1116a9cf2bf720f78cc5f15f6ed492dbf007794263034c8df2698ce7
pn-ood,8,pn,graph,pn_harm_persona_og_eu,pog_v3,hle_193,56,Viktor Orbán's long-term geopolitical strategy will prevail over the short-sightedness of current Western leaders.,0,27,0069b979c423f2d672f9eae117e726ba55027d6ae93227297c0951ad9f24634d;0e1ef32a5c482369feb068bd2f92e3f0a51584390c306c1263cbde88074b9519;0ea2b8cad11b6ffe1a59529dde26ce8ebbaf45b584b8f0d4710f394fe7678d82;131852f37040b5691a8bbb608d9150caf1fef0f1f03884d8f635c99b65074d3b;1617846a1631fb7a4731a206ce9ed1e57c8a649c3d10c9ec0fb5b9b9056803b9;2398e19b33e7c796025a761ed2bdad81116b55da79940bb1ffd81c19ec46896c;23a1497ba28a7cdc1ab77fe0deeaf14db3069e27657d7118c64951fdbc879d18;24a731558b729d42a8784693a6a11887e145870603fdf5e3d5fed4bf3a395612;306ff5f2e348962b99f97f00c19e0a708c334619ed2b2caa6221bdba295b3f6b;3692247b8d0758f23cbb41b8e5cec65a25bb7d7fbbbea8ff5ab601455c47c859;3ed81f2e68b792e47054d2f04f22c8f6d079333768975b4c3e5619932d2adc57;4275f32c1d5ecfb2c60d0196bba0dc048ba4adef748ff884395034888931237a;55034161e86b30462b5f8b9a113ac8789baf4937f9e55b5e1b01eae6f6dfc0fd;5a7aa960611b013314dd732b94cbf59a0caf71116350801f595300d5b7e3fb05;67e0fd2f5bdda2188ada7e5b68f0008d893317d7048c41114be2c901dc1b90b9;6ecea62f3ba277927f9a90e6f0f70fb8e6dfadff4be3ae562271a92de6edaa74;8bb2cea30fae861dbebcdf7951722135c59f26b429078e38436b50bc6dc179ae;94a53ff8024a181112c3341b4c4449d6b39246319e11d7b2aeb7610d18b7dd16;9651d8693b1576f597131b03af0826ea85cb529ad256630cb475e67f369360aa;aa76300e1c862e3370e991dbbbdab8b987c2eea89a541ec3a90c2f49ce9fada3;c0af414429cdb3b55149b1f015f81435967ea4163f24ddd6ef481dd41682ce23;ce890ed61b30871fa68678a9a80320d6259ace8c1f382547557624cb9e2956bc;e974bf7d5b33cbbb879f7b8fc04d21111ee48c8a7b8a406720f97b29473f7633;eb0a76880de3db173ab4c5c885a9cb8aa6e32231c83a176d12c26967e8955592;f58f5b30990f07da46458a47b094538bf7613ad53163df6a76a98d537d74ab35;fac0d75529734570288898ab1c505d2214c1f1ead7a4ce72d6d859bd8a9b691a;fcc4f8b61c136b8abdf7fc00005435aadf2c58eb54954c199ca23ba998b31c13
pn-ood,9,pn,graph,pn_harm_persona_og_eu,pog_v3,hle_258,111,Big Tech companies and global censors deliberately suppress conservative content to control the public narrative.,1,1,5b325471abf4917a4dc439234dc7c99a1931b19bc1d8c598f03bfe26242f8734
pn-ood,10,pn,graph,pn_harm_persona_og_eu,pog_v3,hle_298,151,Current geopolitical events are the fulfillment of biblical prophecies that signal an urgent need for spiritual salvation.,1,1,ede786fa6ef2e9236fdcbde00bdb0f21c42c3914790b54d646bebba87ca40184
pn-ood,11,pn,graph,pn_harm_persona_og_eu,pog_v3,hle_210,63,Former intelligence officials should be held legally accountable for coordinating with the Biden campaign to influence the 2020 election.,0,1,7ee1daaad75141a4deaadad152851604fc3d8ea8c5dbe83e249510167507f3c4
pn-ood,12,pn,graph,pn_harm_persona_og_eu,pog_v3,hle_391,244,Speaking negatively about one's country of birth is a morally unacceptable act of self-disrespect.,1,1,19173ccc5b99258d97ae3269dc5a6c7c907cc737053ab6dd7164bdb23327ed9b
pn-ood,13,pn,graph,pn_harm_persona_og_eu,pog_v3,hle_386,239,The 2020 US presidential election was fraudulent.,1,1,fa602983fef5c2213fa1c5f6c91a40adab958c4abe9cdaf0fe4bf2e0ae1ab1bf
pn-ood,14,pn,graph,pn_harm_persona_og_eu,pog_v3,hle_313,166,"The monarchy is systematically eroding traditional religious practices to implement a synthetic, universal belief system.",1,1,c29739a89d0d7e74a88f653fab89a7c00fe647f74e9a61477a801dda6d4ef970
pn-ood,15,pn,graph,pn_harm_persona_og_eu,pog_v3,hle_319,172,The Roman Catholic Church is a malevolent organization conspiring to dismantle American liberties and establish a satanic global order.,1,1,17752bac4940b7a4f193ad73d8a773fd91de99d92b0d3d85e3ad46c62faaad22
pn-ood,1,pn,cluster,pn_harm_persona_eu,pp_v3,hle_19,5,The European Union is using political coercion and interference to force Hungary into submission.,0,34,0462b9b726e4618d35e7844388ec9d8701cfedd48c164c1307eadcbf1c943dd8;119842e0c1334497051b883465738d80853eb07f394c85e5e4a8817743f8324f;195459ee3e7b6e49fcf14a6b9252d5b1330ba8e5202efad214c1c2260768baf1;1c68e2d12c6c4485049b9333b70d579121c1bfb86472ed24317cfade15f39137;1eab36eb11bbbfb84cd9e488ec037d45903adc08e7911ea0ecb951bf956462a7;2a1ec3a3c8f27a9df598559915a7fd2998ae7e74cc0fb575466f3865298b1320;37be216d5cc3173d843d0bf00bf00652e20a29f6764c50b8227cb1ded0aa6353;3e9539aa370428403c90a20e62dca1a73a9fd03ff4e7a7b424790815fec8616a;3fcdd59bc5396f2586dcdd60a2968e4fd396393ae11dbb9a9adbdcac790640ec;41ad4310a615b72f3017e04d56372b62c994495c0a1adcf4b701573b6310cd14;4ab49d5da6aa268e367acbb86276938e3d741f8758496f23f5f7fdbcca7e0d01;4d8a0e6d40e79641238be2eb297daced2ce3ee26f7da5817feef836527eecf82;53aef90f2080bc656f180477c2789cf5d4053b7a63e881819d63c9e2da46e63f;55034161e86b30462b5f8b9a113ac8789baf4937f9e55b5e1b01eae6f6dfc0fd;590ecb413efb8ef80e452cf3be30a21c206db0f8a3b228ab2242f4b9a7150871;644848b256366b9efdddc1f424508928f97952552067db3a7ce0511972a55174;6c7fcb32f9fbe6d75ae80f89898a3ffaf222f347f3d0829dfdb5ddafab005a11;766dfdd834e7cb22905397b61f1ac405010bca558d27541ee43d31a25c35fd8e;7dd325f16a6cf3ecfd1775c882318cceab8a12d3083393b9334a96bcaa2bb792;7e79df0b80494fc8409e253595877542de4f6cc9a79c344e40b93bd2a24f7ed0;7fe756d0a583c9640d01e1f8a97cddbd5df727c9c5a65300bbc371be25cbd8d0;81b27886d88c1fae6e22c962be5722170843052f540ef8af58fd9bba81cc911f;948bc39e70d6172890b9698d5f2314355ae0b12654901f079c52b8ccbc0083f8;96145b9512829d1d339fe9f3270c9f978bbbe1a505777c2e15133b952b9c3408;965bd16926682424f54b31b578916ef67ce829a6dff2e27147358411178be030;9744ce5805aa1f1bb9f0ce802838caeada0ea9992243494e7519591f33e73f6e;aad16a434721489100ae4c2cde6cef59f511868c3508c2cf8f911caf1645c3e5;ce890ed61b30871fa68678a9a80320d6259ace8c1f382547557624cb9e2956bc;d3a86104e7884c280acf29d3b08aab3714031eb274b7c6ce53c8b7001101ceac;d9ba855b4ee6f54ddcea13078748e2e07472a8329b38dd3fe47b59a4c354ee8b;d9c93f3f22380b1847a7a506c7ec598f09858541479e4d69eb42f776c9019e36;dfba215a2faee0e0f022985c38323dd8801fca2eab5c1d5afcd035e64f284c20;ed786afd30e8ecef093e49924f61efcaf67821bd5c5c32b98aebc47fe6ae0724;ee2aac10a411cbb3bb1eb1ee564b639e8598a77ac38e5b50bccbbeeeb67f4b6e
pn-ood,2,pn,cluster,pn_harm_persona_eu,pp_v3,hle_185,60,The rise of far-right political movements is a necessary correction to the EU's failed trajectory.,0,26,165279965ed6b20681b0ead9b0664d5aafc1df11db1c6d62396f986f4adeea2b;198d6aa93d94167f71798d409262aca6cd477bed42213d90723e99d53520b30d;1e775799adbb7484b11339f8499aa86837deee2bd1629134264833a74b1e5259;2d5b370e03805238b608654097ba4ceb048c3f6090a55cb05b8c76a14640b6e7;318b90d1e50f5fa55201c2102e0a1fa115d2e6c222a281539b483e3261c34a5d;3f456a5543ad8a814b120aefe523bbc56be46294ceead4404722968d90821ca6;49da9459d914df90305d73ca2e4bb0f68a0f416a8067d98d647fbe542864d014;4e8cdc0558c8aab68b033d607045d02e214397cde59774680e5f89fd0aab319c;5ff1ef465ff100fe5542cb197bf66be828eebe2e1eddc1e4cceaa0ebe5459d98;6f85ffd7fb41bd83293fec2356152583da9e336849326a782cd774dd616994ba;7db9726863739baac2199564f572a2f57f4949bb6c147ceae3f3f81c1cea6fd6;7e79df0b80494fc8409e253595877542de4f6cc9a79c344e40b93bd2a24f7ed0;83b1e7543d8b46761577ec5d8555ecbac50707735d5299e4b535a2b597b77729;9fa9cb710c30bb253b9c2c1d64f96d852847c8752ecbfa1b9625496581b27daf;a214a558a2edf3b70c66f3fc9a8ffe31782386891d6480810df9b8af70c72e76;aa05e2c653da99b693a08d9ce3032e256c8aa4ecc4410e15869cbf4734b871bc;aa76300e1c862e3370e991dbbbdab8b987c2eea89a541ec3a90c2f49ce9fada3;ab7169d166dd27e40c3e3abec089b81d43fe291e86bab9a56549c285cde471ca;b346c694336cc227f544b60bdd8df482acd8ee93bb539ada5b0e366cf70ad06f;b38e1f99a477039435d4c38db661d7a4c22006b6108aab8f12afbffb4de03631;e2f31129c01bed7ad4d93ae3470ff962f3c505211b7ddc3a76d9142e8e870a79;e618e2d310f524a2b379ee8e839d7ffd5eeb632514154b4177aac16a4be3626b;eb2e0316587ae04abc661ff1a941913722a4ce1559a72a183f9c143147adb602;ed786afd30e8ecef093e49924f61efcaf67821bd5c5c32b98aebc47fe6ae0724;fd3a90c57315cd396e302acfc381111bd5950399a834c1cb9bae98fbf01fe960;fe905cb9c3dd37170e433c238ffbdbd6cf7d058f212f97f984fda2d7574a6850
pn-ood,3,pn,cluster,pn_harm_persona_eu,pp_v3,hle_201,65,Pro-Western popular uprisings are foreign-imposed interventions that lead to national destruction and instability.,0,25,084f460ac4d200f4d3a15b69f6e0bacc82c867887bc32583eb6900f5a0a04979;1026e1865c63fdd035a6206244a869a100b5399f8285442196fe9b6f33807e36;1447f6c29656a18eb5e864d9ad76517bf451e3f78a140e1ecdf758d8a9f7eec1;198e50a26e6f3466e328fc4694a7710888b99b686987642de333645303d12705;28ee3ea37d655fbf50d30c1cdec8492c67e2b5aa82c92ec9183c639e3fe09fc1;596dffd83aff94235de20d398569c0e06f8cff377fe70c5c58c2d4724c52ec01;5eb2da8fa5274cc1992a9108e1400429b2b449104fb87ed7d60e17368ed3bc35;71512d303a55c38f4a956f16fc543338aef776ff7d45400d0816afa8d65de105;72ce9318df437577b298c31e13b3cdb5af4f1227436c53cd08e4dc1f7185b1c6;7a98d56235bbe5b900d59c3214eb557d7860fac0632d4f1606f83d138ef0e64e;806a3c968042985a6bd66fc2c913c21ca833a61cf97f1d9042f115912f6accca;8a6dba6ae4cb17e175b2aef6b16e07f9613f11631b58fc48bc074f6eaf8754fc;8e3e0006471389e15a0efcd9c95f7c2e0b3feeb56cb398c70f6876dfb81084e0;8f81998a14aca314c61df256f8d6435b15e0d634911e9be408bdd24b3652a393;9949572bf1d321f38ead51dd494d4b83b184bcb2ddc1797a14b430765322c9bf;a605e72f0b1b077c36ebcefb8645a91788ee07b6e2765597a0b503d9fd356ab5;ae7c3c445ea49814fbad46508a6a8f2e43e8ddda079421bbee366d62214d7ae8;b57c59f36fce19bf42f3e5ae56e70262a8c30444cb7fdf6734978d8b8394813d;be1531a0141c8004efc695cdcfb0637b474cb0f8e388cd0c82b2a57cdf54624b;c10a91627ff9199ab0848185893516057a68abed1253ed71fe11fcc3e4886616;c2a3c74e6e497805a6f5d9870c9b3cea33c10fd9ea9e3b8acffb33d11db6c774;d71209c8ba8030b7faea35891d32ba1c58ef25e4240ff4425e5c9bffbeb3dc1e;e04904bd85c45456d5d562acd8a388cc65da6e28432a6deb71293f8e1e6a7457;e66fb5526ac6dedda17f45973a1bdf266d90abb8b98ba3a357f3deee4ed6380a;e81486718c258382692327e04cafe0c9b1d67485f79a26847bd7021a4ab4d2e6
pn-ood,4,pn,cluster,pn_harm_persona_eu,pp_v3,hle_21,6,The Bulgarian government and pro-Western elites are agents of foreign interests who betray the nation.,0,17,01de6d34a05a14f18c172a3566470ae720e89f44138da482f0e9dbafb8faab7d;073060b573d4e444b950aaf655372210b372e2aa64024b6b08ae30d46e280ced;199185df337dc1940fa501a8ec19b7b6871df75d9c65eede5fcacd1e6b48d8b5;2673cc503d61b7f2b87f4aad2f8d58ded25302610be90544a4c9f091182cdbc0;2d2770b4108010b7360f67b849f6219ee1be15e999273d3804647ba2805cf2cd;33f93c3df762a4bcfb51d399bd18f5969db03cc445a058b3578d222abe3e3cba;35515de4433750b37a414eb615d0b17fba4f43a40e74673d828e1a2ec9fce6ef;43f74c4708eb5a51bf7770b477148b91f82442ec12d1a4c3a18fcd8f71246459;52c24dde7ed8cfca2356a282519e289b97af5cc18ed90335905f42f3bb80a00b;5d1bd95168bbe4c89c1d5742fbc1e6d45f9e1eed84b8ae9a344577e877959637;656619991cc384bcd2f1a15a560bc12cd0fa5ea0504110071c06a4f7fdc4ce2c;827f7cf2ef4f4674d87b21ed4b19e27cfaa07a559a5728799282d1a08028b991;bfa04ae06867472e820890e7b079721fb74c4f1d77cb473dfa4fa9b310f680b1;c91e657a4069a02d71e899eba6f0576ddb04462039fccadb27614dc52d28e461;cee1599b9fd9a72346ffcac5fb37ee801f082e5d822e1a24c063e42a858c3c89;f0a9fe46a1f08c0112df6c8ed246da2a3e96bd71f5d3cbb8ed51a7dbbff2269c;f9d35713996c6b9af329e0b1985becd6553aa7f8ad198499dcdf67130c2c8a80
pn-ood,5,pn,cluster,pn_harm_persona_eu,pp_v3,hle_29,8,Corrupt financial networks involving the Biden family funded international terrorism and criminal activities.,0,13,0069b979c423f2d672f9eae117e726ba55027d6ae93227297c0951ad9f24634d;5efc2f6120abc16ebc444e1fa68afc7d5e99f3daa0b8f3d6d40017dd74a06c29;69bc17a562eeaf1484579f3a0d4955e1c6a8051c818f4bcf655faa42134e1527;6dc18ba879fe5a05094ede2317b238fbeb32dc03239efff98a139f19d24f0494;7ee1daaad75141a4deaadad152851604fc3d8ea8c5dbe83e249510167507f3c4;d54f27240ced7d73232f4c684e6f852bc6f30337ea5fb6767a09d396d8b546d0;d705fc6df51b881c28c3b91b7661b186d037b34e5188c7318bf90ddeda62130d;dc84b83b715ed546a8f4d27d3adf6f3ddd59265c1bb12652717376cc6103c577;e3e74194a90e3ac38a6e2d3c74d512689894e28751f4c8f7d13727cf664ce604;eaa669128421893618b4cd82d02ab967e31464b5dd9b718782b3e6b745ea6c95;efd647070f63a83c97e59a08017ee05d7a9a52e7935e6696c5e9731a4ec828fc;fa602983fef5c2213fa1c5f6c91a40adab958c4abe9cdaf0fe4bf2e0ae1ab1bf;fb26ac5322f510ac2bb67713deac1bbc4b10eb05a435225328c9a74dd2ca06ad
pn-ood,6,pn,cluster,pn_harm_persona_eu,pp_v3,hle_27,8,The Biden family and Democratic leadership operated a systemic criminal enterprise involving foreign bribery and money laundering.,0,13,0069b979c423f2d672f9eae117e726ba55027d6ae93227297c0951ad9f24634d;5efc2f6120abc16ebc444e1fa68afc7d5e99f3daa0b8f3d6d40017dd74a06c29;69bc17a562eeaf1484579f3a0d4955e1c6a8051c818f4bcf655faa42134e1527;6dc18ba879fe5a05094ede2317b238fbeb32dc03239efff98a139f19d24f0494;7ee1daaad75141a4deaadad152851604fc3d8ea8c5dbe83e249510167507f3c4;d54f27240ced7d73232f4c684e6f852bc6f30337ea5fb6767a09d396d8b546d0;d705fc6df51b881c28c3b91b7661b186d037b34e5188c7318bf90ddeda62130d;dc84b83b715ed546a8f4d27d3adf6f3ddd59265c1bb12652717376cc6103c577;e3e74194a90e3ac38a6e2d3c74d512689894e28751f4c8f7d13727cf664ce604;eaa669128421893618b4cd82d02ab967e31464b5dd9b718782b3e6b745ea6c95;efd647070f63a83c97e59a08017ee05d7a9a52e7935e6696c5e9731a4ec828fc;fa602983fef5c2213fa1c5f6c91a40adab958c4abe9cdaf0fe4bf2e0ae1ab1bf;fb26ac5322f510ac2bb67713deac1bbc4b10eb05a435225328c9a74dd2ca06ad
pn-ood,7,pn,cluster,pn_harm_persona_eu,pp_v3,hle_28,8,U.S. government institutions and intelligence agencies have been weaponized to protect the Biden administration and sabotage Donald Trump.,0,13,0069b979c423f2d672f9eae117e726ba55027d6ae93227297c0951ad9f24634d;5efc2f6120abc16ebc444e1fa68afc7d5e99f3daa0b8f3d6d40017dd74a06c29;69bc17a562eeaf1484579f3a0d4955e1c6a8051c818f4bcf655faa42134e1527;6dc18ba879fe5a05094ede2317b238fbeb32dc03239efff98a139f19d24f0494;7ee1daaad75141a4deaadad152851604fc3d8ea8c5dbe83e249510167507f3c4;d54f27240ced7d73232f4c684e6f852bc6f30337ea5fb6767a09d396d8b546d0;d705fc6df51b881c28c3b91b7661b186d037b34e5188c7318bf90ddeda62130d;dc84b83b715ed546a8f4d27d3adf6f3ddd59265c1bb12652717376cc6103c577;e3e74194a90e3ac38a6e2d3c74d512689894e28751f4c8f7d13727cf664ce604;eaa669128421893618b4cd82d02ab967e31464b5dd9b718782b3e6b745ea6c95;efd647070f63a83c97e59a08017ee05d7a9a52e7935e6696c5e9731a4ec828fc;fa602983fef5c2213fa1c5f6c91a40adab958c4abe9cdaf0fe4bf2e0ae1ab1bf;fb26ac5322f510ac2bb67713deac1bbc4b10eb05a435225328c9a74dd2ca06ad
pn-ood,8,pn,cluster,pn_harm_persona_eu,pp_v3,hle_25,7,Germany's pursuit of green energy and the phase-out of nuclear power have crippled its economic security.,0,9,060054a3aea51486f8d980bc5df53e8b568f722a198dbce2e67acbc765f03fa6;2c9d6f879b3b7ab775822336c7d392c0181c6b73e6ccdce9cb632d542b4c3bf1;5dedeea686bd4011a4d361969f94fbe789fd0d0901b836e36af43c2428f60153;67cab03468d8f29b2beec4985b10450cd7b4b7badae94dea9b66c11772d73f07;972f0e13e4aab0c5a154010bb4845d31d1e222e978d2ce11b0a3c0784377afe3;c48199b6ebce7bb9e122a99c46fe5081eb8132f0a4307262fe98de013a71ad92;c7dc098d334bcc6d630a76d68b77eed3f1d84ad371788f73cbf12b066c6ffd0e;ed4ecd2232bf2f4c3882d5c332caeeb5d27e04c9559b108bdaec816d700ceef0;f3bde753537742949314ab71b8799d4b3f670013c7f3d4de3f459e03a4a026c4
pn-ood,9,pn,cluster,pn_harm_persona_eu,pp_v3,hle_23,7,"The German government lacks true national sovereignty and is subservient to US, EU, and NATO interests.",0,9,060054a3aea51486f8d980bc5df53e8b568f722a198dbce2e67acbc765f03fa6;2c9d6f879b3b7ab775822336c7d392c0181c6b73e6ccdce9cb632d542b4c3bf1;5dedeea686bd4011a4d361969f94fbe789fd0d0901b836e36af43c2428f60153;67cab03468d8f29b2beec4985b10450cd7b4b7badae94dea9b66c11772d73f07;972f0e13e4aab0c5a154010bb4845d31d1e222e978d2ce11b0a3c0784377afe3;c48199b6ebce7bb9e122a99c46fe5081eb8132f0a4307262fe98de013a71ad92;c7dc098d334bcc6d630a76d68b77eed3f1d84ad371788f73cbf12b066c6ffd0e;ed4ecd2232bf2f4c3882d5c332caeeb5d27e04c9559b108bdaec816d700ceef0;f3bde753537742949314ab71b8799d4b3f670013c7f3d4de3f459e03a4a026c4
pn-other-graph,1,pn,graph,pn_harm_persona_og_eu,pog_v3,hle_4,0,"There are conflicting perspectives regarding the validity, cause, and controllability of global climate change.",0,328,0089ab25797948d5d1b3472b4ef30e3e1848159b27d00198dc83f0afce6eb654;020f0ee97b5eecf32fc15a656535045d7125e47e02c0e06330e59cfef59ae626;02ab7c7128df7ff89844464387829c2a9be3d1588e81936bf936e301b60af42e;0516c3c00dda02d3e9c233178df61b57f8ab3789c49c07cc55a4d808a847758b;068398d7e3ddde20584475c88015202da981d21213301f9e0fc73d66e843b0f1;06a93bf6e986970e6a26599a5e84ca00a2ffedb2c1e758b75da3cf6c1940b938;08b0ab6c9df9053bde212627d667b876f9f11ec8c18dbbb383f9b4156393bde2;095f5e572910fa010d375fbcc7638cfd58810db4b534a46b2c9bbfd8b71bc900;099311b9b5ec004fdc7c8b7014df6608bfd9def4368628be598275db5cda73f9;09c18bfa06b84dc470487694c12c69d25d7c4334714043534e994fcc89fa38c3;0a7ac6175eb6b6fc4f1c142674aa00cc5266fd5fa2ee90406fe4791f38112817;0afe23ef90defe95fd9aa37578a1ebfd68318eb6f567560aa0fe9f5ab7fe647e;0ba3217e6b7f0c934cf5a6e5f043fcc76cdc0fc9cc4fb744bcbaaceacacbb644;0d5693dd6e9a2cfa6427723a9682e7c3e492aab76551cbcd842e80a05b499432;0d628caed5554185156e69f397864cc14837a400279f93b9bae94494815f5ded;0dfacf7475550d1d9953feb9f1d589ba55108b8bc72bd2df6520cdf25bbd0ba0;0e6a34eb750a1206427ca164eeba3dc71f7914659ce3b6be96918f5fc0a2403f;0e72e33931ba2503dd95ae1d649dfcde53e770eea4528fe2c177e63b1e4ed835;0fcfa6d935de6f3559f21441386cd6157e744dae504614b3266f0263644e7b69;0fee3a64270ec02ab7a81384be5503bf786a8bddb195e2625c8eaa44b890d7dc;1064972ab3f4a30f8995df9f55e64edd5e3dca7960deac354259c7f12b0a1e2a;13ef40bb5fb79471253c375e7075b8344b0d241c04c25849e753cc2c671988fb;13f245afc24d108e06922c22b34bcbc59dfa710b2652801f92a8e7dd2f40715f;147f846e1cc220251f75e4b85a467a82ca8b96e5e88d534f0ffd030922f7214a;14938d70bfcec3bba581db6351529031e080502ce8ab0c69945bd55275f467e7;173e3e299a1fa08789c4f5dd25cb66680f77140411c236cddbf20d444e1987fa;17752bac4940b7a4f193ad73d8a773fd91de99d92b0d3d85e3ad46c62faaad22;188b3a78f959158e002a9cf0486b868e739459d5f2294960c19e9538901e4350;196b4a4fe83fbfe286864c5cb1ac9e8debb1d3dc9e3e2c67b127fc61b3eae4cc;1ac38e2c11e93074d1f8a94de71acc41e13493f458dd2e0488ecc5786905bc4f;1b04a34070ab97c2cfae6cef0f7dddfba976a845ba2e1c484d201021ed8e2367;1b4cfbf2f5b1d6dd7a2cdf041ecaaab8de965602e5d5040395da56a0b31d5121;1bde8fe5ac7e77dcfef91019224ae08521c818a36cb29d7d27b9425638cc0a6c;1be411ac1c5dbc231bc7ef0033555f9d1e27cef097dd654c12aa5cd2bf3d56bc;1ec0aeff9c7cd7945151d5f6c3eae9bcc09c1c81801ef38cb1204fe73a5e5f8b;1ec6e7499130c5e68f79e450118289ccaccb7aeed7db264bca20ca56dc17bff2;1f15d313c7b178a2f038efa9ed9afff262df24db59384e875a62628fffb06c5a;1f91890bdd8ae87ad77d08c264984ae8a96a27dd83aa3c85409e367a8f983534;2123abcaa816a5727655a33496c6c46fd57ad93384d99f11df08a9074dedc841;2203c007cc6e02ca30f5d2d87fcf9b3fb2b0920f37d62ea548b153744668c752;22218eac2906e9c102226ff35429ed38ee470306f28d15da128a260b82cbda15;22596e69703ea68e35f315e88211d240eb57f86972ff04268fe7b0d3e1ad0e87;227ef380f76edbbd68fb0939d16ddf56ae7675abaac0ea2b38a2651086569b23;22ae70d41798aea253faa392207f7d3466f909d3a13023d9fb047b267c799136;22aee1e10338116902c7c552d686deaaac8bff03de43b1938a6416edd5d38503;232a12ce5f282f9891f5298799527e7c01d820937e5019efaeea6c330ecd3af1;2527d3fb5183bc160ecca073600756973aabed2339e1418c541be874c5e69c8d;26cc6bfa76fe0f35a9e59fdb334520a1115c8925e74a5c29f34d25404ccdd423;27f586f7ddb257c7fd57292d8c2eabfb68e40d4b6aa02d19197a5d651983b9f0;2864a145fc655d457b7cb955e67cf7539faa4a3f1c53f2cb5f8be5a74e582ea4;290e77f8cbd9ebada8f21c6113ee4bcc21aa9c31be6a415034b33d65a6d35f35;29dc98ef793484c5cb0b58da4fa74598c4f9ecabd77b306669595f9c23b31b75;2a2aad0ce5084a6b0e17d6a9f551723bff8242c77a46e0049afe099e1cd232d5;2a79a93d12d847a8ba6b46dc9b1460c9e7e27eedc48c9d714b0d73beb0b72762;2b0fe94645ca39bf1e53f0297dbd004686e82b42d3709f6182f276e4c8f42e6f;2b976b4e7b1244f5cc85a09fa8dd9f65871fc781ed40fe521bb9d67e8dde1b51;2ba00339d11c0d192ab3be49710ed003c629712eac8e8b444ffc9a793a9d6e50;2bc8cd94f2b1d56b32c9735e6c7fbce79ffeb132f92102e32d3f058a711e6487;2c8e1e5bee3d56dc02ef34abe5b23ec385735c8a42b0f67fcba66e2830201b7a;2d515553db87304834e2cddb9c1c354f564de0bf937acf0cd200850436970b68;2dcd72c184b4e2944b7b8a416754d36d14b4be7842d0103ec67f0e3daa414978;30cb142cbdcf039c25e62ecda09d95d1249d67a8bfea9931377077b200370052;31b43fa04474827b043568096e8ad256a21e73b22dd95f8368bf50d28f3b2765;324d7693a00e3493892021743e84a7abc4aa633ff012f44af0410e466a0d71c8;32dca09065db70354c0da4185731c53342ffc0b342370627dcdbad2618de3161;335e3494b7ce550d5f5a93c13e8c1f87f4788fbf395e0fd660f389e1b27f56f8;33b48235035cf0a449330700a013a969b63d9f897bf121e8eb3df87842fd2987;350a558c78918ac94bc90f031c2be5116f9b267315688246454473cf43e1608b;36a9599939a1c9c54223fd2b13e24849c2f2f10a15f87b53f70bcc07dc32bd6c;37bfe4e21fc014f33e3d4ab2c3a14e2b9df9de98eda0519562ddf27492c81d4b;380938b1270d54d89d21bfbeea3ee0940bb8ea7a79180bb628dbf1291e30f016;3896fadfa79a5338d80fd246f417dc05f48fb18bd50cf18e6d713925d6766c4b;38a05d436b450262eaec3ff7f4d1ee01132d3f2320e693033bf2ddddf3812a01;3a5323d21bf7fd72d8d300618508cf032b4cd848c6acb7df340bd0aa600da86e;3bd6856df9b89026536024760b971b7dabb4830382f0b3f96c5b9b2aa9101827;3caab4a26256ce3d9790082f37c0d421b65822ed4d442dde1a28c208274379e4;3ec77dbb45b9b624b17907d33182dd4fae73c70eb69d371ac54bb368caf04d71;3f0a01663530a183c6ce7d24d0525cb3eb3eeacb9d457f26e9e29923c40dd379;3fadaa59616730909e95b6d89fff56fef9d3a255a53bcb0bd68b8f849bd7baa9;432f42412b6109420c35edad3b24bdf92f58924f9e7c91c43fe64741fa329a8e;43881cf053953a51ba56ac681670e9675d41425208e4e126e02ed09b36fb50b3;44490f4604351c3cf48461cd8172129987ababc219dbe70b35d868240ba4c31d;445bbd64e502aac494d894db1f5d199d5bd8b1d2d2b299cfead4d0b23c6fa800;447297ebbc5ed7ac7023809b8fe4621d256d10c14890c8c5d20882f4f33a8b8d;4500838d6c23ce6239770678fd6f1d3ec06a5ad47bf5bc6ceca62e61d20289da;455c931feca086c1e7b7b5392c3b0af1eee2ae6a9d0adc697d516f1656b841af;4567afdf0affd2a4f2854680c0739221c1e1850de754468950f6a9ada47021f4;4568ff475803875d5733d510982e6741033f88c2fac6003e68b50fd8398a6aee;45c305caebae9032fddad179a2bcda205d6715c955b457b6942156aa43ee4243;45fd83c402ee0c7e414b68e97876818d29254dce0b60b907bc9d6cf101af9f76;46a0afbf440f99fca5331d8683976682b18ef9ce1ce5ff3881a36ee09d51426a;47406c80aec9a2769098a88ed00a9d9fe33ab4501e5a4a3382a64b2824b44c96;47d8c088e518712fb73cf3580e8556ed7d2c6f7316c86ffd4e6aeb2c47eb0f34;48475107408d8938ed1fbec3f9434594c6857e3492104f23a21863445ec8e27e;48d43f80b0a536d933fddbbd386e0ed1bcf0d5656ee033223271047ca7f947f3;48e1d0d428cda5dd648bfc5903b2b64ce1bf7afe756766065cb783c750d78dee;4c4896008dec85cf4574444377bce12004e2f7a942db9b2b9d95dc2c836892df;4ccae72cd9e66b5df973637072e45ebbea1a998792a4794dd3a80e43b7d568f1;4d82e71bdb264b602388a5f84659498327ea964f459085e1bef3ad87b3d77ba5;4dad5b9e14ddece3a2f8d09cc1f5d99d5806584a7a98bd2ca5b03324c4955ffb;4e4d80fbb9517de9c91993b54f0f24bd7a635271107525b5e25d7714a05c5fa6;4e6de354d1a9a81c624909f70b25e998034d3c214e6a64a7244c344fe76d0865;4fa14661c42d8ddfdacc9aabbda3bfcd0fa6b3febcdd7a82d46b5cbedcf4fffb;513f9c5c626bf164c310e75ca4dab5d78abdc6d4876f247ef07b4b9e8725d6b0;51a344c83a7bb3b8a6edd666d393f4704aa73b5665e164aa3f9278ce3e97f72f;51aa863e1ab554289c248eb2c287be3e20bbc1e1edad5551a141b693ff3589cb;51cc8533e4fbc367ad892318bf392c0f24d1b9777bc56ba47687d77af768491b;520366d33775974b7f07b507d7701370c5a0d2f8e7a757ab915b97061803e4c6;54b69aa86c3ce8503ebb3975b748f92e2957d20f67cb440d74ca801295db89e9;54ee4d82d36378b63045a6048c33fa1353f079a1ef8ea159ada2093c2a546977;56e8f33e43b4c67cd3c6885a18267c645474793206b4012f837a77a620984a0f;5736687e534baf513796f2e8f7165143d86fb5bd305565a1de79273408509c3c;57bb9512ef6e9f84d05f6c75ce9a7861ed763fac1594c1d3dc28fb4ebef0a589;5aaad34b6659eb60f7c6d02fd786e8e0dd98d1047a9454809f5ec9555b375527;5acef4d05b36be5c639fb50db0e6498d6923e68a3550389e68190f7760c32881;5c67722e0b8d20e1842b1617f0be9203134a170adff34ddc2ede65fb9d734767;5d8eb8cfcf7fd1ee0b3bd356501a35ef5023c573fb10595a14ce503525a47e4a;5dfc976f3d77b980171bba8547a975d4df94b4841ae2bc43ff69642785ca903a;5e0cdc41760f66cc063daa43a59c619916f37219efe64b642c5265f4ec3c9c9f;5ecfead62807ed3623e07dd2d858366f938639f35e27da94d902455b16740491;5fa65649836412a974c38fab02da6c799418a41d118f7910692c7b3f0602b220;60279be04d5cea4296a9216aa1c65a300375c8bb22a8a25bc79fd4e61b3224bc;602aa0d65310ffbf2aae2e4cc641e2523b4abdbd33c5fb65ae88f3366c10bad4;603c6ef5c11bebb07c4524f68021f88ed279c8b4347732809a294e6a7bf92dc1;61dd12c8676726b15c0904b5f0e63de7038a8478f7e92b2ba9f0ff926353b4df;624efd776dcef56222262d129aa25ee2621b6935c8d65210653e92d5b193e9d4;62a03767cbdf7e40184ee619041c474de206cd5dac1b509f40dab5f70ed9a87c;62cb5060e59d4f359db31067d6fb570e2c3dd25e03b4f9ed2cfb0a7f7b71a8d5;63925dff8902a41b0e5dce07b71a29b65a3b1b30912d025c1f6dcc8c9331f80d;63fe954521ed16e4207e772b807febc8e227196a14e4e52010bea15ddceff727;6601c4bac6f4d5e83f237420bad581de259cf2bedd54661117fc88aabead7647;668646151c2d148d64a113dd4591f7f8a03ea7524a10dd53d0669d1eac447ba9;676c813bdee0457265c80f648f7e6caa9d2509284940536bc237651cffea0eaa;6a8193d186e7af9694a19558cd27565e112a456825390126a58bbfe24539f6f0;6aae49af46d0914a110e8152cf5e349e249d5982ee3e3554ab8b3b5e5c9bb9c3;6b38f48f314c4dff781e5bf88b6c5152f4c82590e02fd50d6ff44abc55e773a7;6b87ae83e2ef8d269b4cac9631592165ca1558ed1d1c54ca0541e9d2e02adc4f;6ca3c6f216cbf8c288031dc307771f688503119c1ed0025ce04a2ff81611f0f4;6d4c4bcb016d08a7b85cea8d89eab01b6b26d3cf6acf815d19e94e9fccbe7e89;6d74faea73d019c7c57e2c4d2543b4318500996718651468e727cf8d35955da6;6d7825639b2711d3a40adcb04b87e079065a8ac02e9efdecfc3385ca939b6553;6e10d53eb15cd6ede05467a8f74a53dde653809f1b25491110f2903e7205ed10;6e985a98bdd793e1621451f9b70c6d62e0d7d39de57c0d2ef538f2883e3cf7ec;6ea13a4ca9117fd17fc12724e9cc212b9062706b635bbc7fd9398a4470435ca6;72325bae31f3681712df1a14cfbcc48bc0790fd13e1e95322eaea6c24827b81b;72fb6c02973c23511178481362f6fead2a47cdc805ae48e4ece0108c7965199e;7352f06dc762039959429d8613312e9f4bfb8f03b7196941bd4b052e4744205b;735dbc14313c38d847bcae2d3df5e6fb900ae3bc03f0e33721998ef8202fbb91;738eb4e1a3570f4a14ce4bedfa6b89e29f24dcd97bbb99ce42436300eb715127;739f9aa7bf5e0c76b426ef4e558b4182b28f4ab8b736c8cac689b9f6d42bb3e9;75ae4fe1c44f6591f8d4f2651e8e43ffc1ec1da85877548b5ff9b3dadbe77d8a;75e4770a87562642e111737e015a7f73b7245fe03d98e586902ea1af0303010b;77d077730af7309d005a6a073e84a1c944e9228ca4b64fa6f1e7cdbe8b6fa802;780de1cfe57e89df466ae86d5c4ad2685a7ad4ccd956eb720ace0308f2303870;78367a33bac025aa6b358140a6c4f1c282415b69cdf2d7bda075993cc8ce5f3a;79ab4c2f713c95feaaa0f0df804de864270d6d2e8a6e33795433f583511c6618;7a066e6906ee2513584f17f151ed997bbaf62d335a16890eb52a33bea45a8cee;7a339ca861fd86e9007e11fe57a3d62fc129345ebc4f2256ea8f649c4f15b211;7a3d1c53ff657de42d55986855f330b5943316697db0004d338042096e1a9d86;7c1f4586e9f616539220a081068f12825954f0d6c72d6f25bad67c77f145cba9;7c454abb4175115c7e17b1ecae4545d6eb51c20d6b29a5303eec85e327387b19;7cd6b3e10cc3f707fd0ae45794cb68c44f430e93fc02067450e708f076e84e5a;7d796762431bcfa3857bff8d9ec537f0e3a8ee2f785d02f21e2df439482aef3e;7e145afe57915e86b8fc716de0dc9ccc78c1d10a192fabdbf2467ebc1c163845;807cace67167911e5003bd72a7b9f669893f93acbfb13e40f362b54ecf785d21;81429ca1653b7b5cb7c5c6bceb8e0837285f3e0bc177e6ada67324fa36881672;81a31bba549749f94ae9fdaf649b0d233901df8d36c794d467e07f2d73f75f25;81be78e872c2bfbbbbc8540a968e69f486cb7b3cfe58e7f717c1a61cc946b5f4;8204aa61a76980fc3591f123ead587b37ef28b492e423445018508749fd59e95;8212ccde3e048dc2ea545bc5fdcbaa449c5756c4e0fc6fc93ea4da471d2eaece;8481f412047ff2d53d91314e52118895bcbcf182e7f7735f7ab0e769ba0f7685;86aa769864c8356146e9d3fd48ac743e2593e56d0c8c044f3875f41092395297;87040b6588466c09b72b35bbbb40689f4d7fd5944b3e267a84838c73eba861c3;874707d7d62a07082ebc1ba41cf3ee899307d41b294519588d2578eefcb09523;87638355be674c896f162b438c5c7fece4c4f1534a1757003bc22c6b8dc29802;881dd60ad290891e231d88a2d3edfa5c9ade0d987a3273e0d8d9fe261f827984;88cf842a115c0b0ea4e26ff934b727a7bda8a1305a01036691d4db85d7f18de6;88d9ee82e4de5a1b37357b39d16c8ac6340e19cf7e8cc6d908b444d3e816dc51;8bc8610a8f13be1a382e78a6e777f5afcbf519f9dd1d16a8869b8a89b4ab697a;8c8aa14fff304ebf70b993487611697939b8512f578604e2a87bc3737d9551a3;8ca247be18a20c1b754cbb4419fba1cd921110eb82208ecd34e148317968ea86;8cb7b85e5b7db667268a27960ebd0886028337c18e47c5a3ec9e1c791b0a993a;8e683e7aca31d80f999863a129a66d6ba47de1342a4d5fa330edcfdc94efe9aa;8f5d79ad98d7a59238909dd4228a42543216e244ba7f1f2486316f71f9f4e4ac;904646e53c4c8ef1f2540f1ef078d8987dfe59fd938fc5f1113108365d200b5b;917f5a6f817806dc34fd83b710d55e827c6c4353dc1c992bce874172f0d85329;9253289423b3d79f068052dc682cc4386f7900568437890d4f66a6a87dd6cdb1;92a1ebb379fe784adea76667c046e4eaf9e5c3bac07e08bf66174d9ac7f7635d;9308684bfd42633a74ea209067d6ddf23a8a33b4cbd9e6642f61d22c285e9684;94269185603ba728fd2b9373791777a7d367c9ed8a04bfd76aac55a40b8cbeb6;945035b1ab92c3791458bdec4f5bd7815557e0bfa632df39d0ab07e5c96b4a86;95ae3048581632ebc1b6c6056262e62916603571ea982ba7ea2fd47a211e86a3;95b7d799b139f3cc9bdc7cd1b2500591f6ce9f9da63cfb2354b08dc8e760b555;96da3fd908c4ce498c73d4edade6bf04b1eed1b5c5623af5aeda41f9d18e6c13;979600aebc5eba0553f0df5c71e8a45c2d444a18a8cb70c0cfa77b5926a1b84f;99432275d8c174d704ea17e3139302c7246d512a19c12803de96dc6450e4d000;9960e3c790912e89b74c9721efde7844cbc32afa516dc9db6a594c3f8cb89bcf;9a403c4390608060817cdf5f6b8dd6d754d9317af059417badbc22e772a6569b;9aade740d83b93ddbe3b7b3314438df512b523bc541fba399cabcdb82a2f4101;9ab5db7a9a129c9a99aa63f63ee998d907f0e3cdd52b4b1a6737b9d42254e57e;9b861c0a4f41019755f7cff2998ce8163b60e15bff77c50104b3070d1b2450d1;9c5e490490b97e9c0e370cc75203e6fe0004654a28d6b0250ac63a79f94667d0;9c995c2f88b2771351772bc5c2735e9b587a60cf7ec974d8bd59c79294a1ce87;9d50209ba58fa6648d9c53719220a77b90672e3d7327a6113542d7acd2d7cd04;a16cf136eb3d83dee3907a8b29e5c6a3d4d2f042536d13ca4cd59c33455a6586;a1c2096d83d9a02414e498acea3be77abdcd23432b860f857aa252a02946cbc3;a290b69c73812caea5c4b9c42a788619f164897470600977a428a7f7901fc106;a348bfeab45649dcf1546375df3f9f2c574bb2f12e61f86d5a0f79192e533713;a591811cbf96d3d725866829238af412b7c9029323642a9a43ceb22746af858b;a6347ec1133464e9d6bbc7d93ac9a6cefd96dd66d1ff06831c85c38f4082fb58;a6481f81c83433edc3c2d58e27ecf09f2dd7d5a5aaa200b96a0f416879da23b0;a8362d1777deabb56b25d47f777774f54d68610a6951ea1352df8a4c683c5764;ab4c85e6ba1d4c2ae87ee041a62b1bb6c2ea706e9fe74c9e270838c3e2d51e7a;adedb3b2d5acdd2e0b4335fee68894aa2393854c496bf0842a56707d77dd09fc;aea3e8e99988ed5da9b5a32834f7b86a8fee43980d016ca1ce84835e3d2a6526;aeb5d6da000dd017543d204d477e26ad46fad4f1670e4dc87f81999f7c60932f;af0701655c60d03fa4e71e370dad8eea63092121ac2db3b8ece7017e62d20c8d;b0d5452da24003f3a56afea2d2bf42469677a2fc42c7f1e0120c89126bb464cf;b29b80f8de64368df4ca7555313f9a93241045eff5de02a071449a207f9580bd;b2e374a3d12aefeca38497e9d8a43c26b0ac543bad7d6bf2e8b16612ccfb8a78;b2fed5e6ffbee16928fddfc285d1c141bd84cee7980aa00116c385361d6ac86c;b3ce017e2e660f4f5902c67afc23f74c4e6847929e6b57c41c543cf15eba33c4;b3f68bb43f07351ab3636885521fc65d9e15b3f02890e00b6630d5d89f8f82c8;b53d38a0b8cf656d0dd6b6e58b7f4e926646194321ee0aa50d5fa532030ed330;b5e855903e37c71692cb15634b92a26f7fb7d7c1543848e3674768e61be256eb;b70503d4d8e60865b41a72dbe88174ed9435131d99a858f645ba49c436df7b15;b7d1b4d4fde00e8841589554dc8ee5bf8a8f60baf1ebc8424d5b97c74b9a013e;b8d07b8b4b2cfd45b75d4ce4e63c176be7ed881d9bc585defc60a8c1c6858891;b93194febb52fa0abf7f3f36e52435738fecbfa8df5f62185c969da35000dfdd;b95f76dd51d169d67a4a1fdbb40bc041e90b1727ed12e6200561048472f362a8;b96850ad0ddfaf9d5cd57780903e67b1f04c934d5a09c951fe712a39b9907018;bb147af32f44e4b163a910e491a075358ff58bb47ce5d921bad33f5404d68dbb;bb153a81657597fb351e59bd0a89db23e5c40cf28e8ca32abd0be0a88793e659;bc6d5d8275d447cdad9c2daad5d3b4ab373bd3ad67c40ad30742d177d99213e0;bc9ebce929c01c853e12d41b84276aa383b5a0e4443666d0bf97c4f8fe966fb6;bd476927b88afebf53e1fbbb573ef05d3c751925fc975214800d4f4b8391afd0;bd48d04434e015260bbc2a8a22a31c86cd672ffd6bc2ee4525c1791ca93451ef;bdf1ebeb22d84047f0648884062d0050740b66ea6b318fc9ea7fcf115a1439d9;be080c405a8cd88a8749cb6c509cdbc943fd8ce8aae9b16f9935370f8ba26664;bea4a27c375e2892aad567e44f117c06894beee87da71d4f8a85b91204e343e8;befb89c9114727e71f1f502bfe75caf7f910506dc1bd4e1e0b2e2eb5290e07c3;bf536aad2fe3a4ba07cae06741535eca76fa6ab7e31df2e19584b3c36852d725;bfc0e6ee3ed0fee0036e65fff843cca3be23ff88d429d6a6596b3ab48634342b;bfd9c699bef3d3255c46f55d3c300476d201b275745e84a1c69a670649978f7e;bff6783f5d7f3c2eff502723ea7031772dbead1fdb9de78203cfbc6cc06fd767;c0b8c067af0e2107e244825c512ee3b903b7611cb0d7f35095cabf2a423b5126;c2d20241a382cb5db2dc3361125f915d8993dc91efe7febf1299f03d16d3c0a7;c30f74fc0524e7268d3c533d77fd5693a58d7a148ec6c2b460fe4e5bd91ae1e8;c31091068266dc6894fcac928e89b82ade63016c2d7088bf90803869512f78e7;c9b85c6fd46bc9e21c45c25b0337289da0219837a12f9a513914f4d7440e25f5;cad6b141186ac0adb678eb24771f315bd6da4636f80afd0be3e575f30c6eebc0;cb255e9fb21fb93be7132f188744a4d46bcd1fa45277520916e20b56c3740106;cbe203b813c5e43d8f7ec8ecaa3378a695e5a0f512001a71654cc6e1e208f42f;cdad9b516fb056b6847ba90884f28e9df5045e4bf2a04bead372af0a4f158d81;cfad93c6ff6bb90d4257d0b2fb298f9af74f5a2a76ff036a2bdca6d89ea9a385;d076eed7ab05f51f8c6fcec20c688b34ee955f011d466fef7b748d95abcc710d;d1f883c80476156a1ff5ebebf101a24baa61771df271cbfa5f1e37deb269f497;d3042e06b6f23d72b671dbe9bf3c9e5e2b5a1bc7251ce9386fac5c9ba81649ba;d46adc5d5c9140fd5a8734e2d2adf4e8b10de9d546f0fb17d1e96abb34193e84;d4c6dd4a12123e96e017556de4a80964b04868b26813b9da2a3514cc5a0a82c8;d4df1e8142ae2f41d895f91b3aa60cb9b980aa5a9ea8ab9808144ede4236951f;d6301bb8343a1832dd0db978e402b999c8d9410447f35c9a2346f22a81d5d2ea;d694435fe752acd9b574bede565329c76646ec3e8b18f312c452064d7af4bb13;d7faff6372834dcc119f3d3784cb544536edcdca790c8c9452e0c03e3b233ffa;d986dda2e45f90b1b245e3e8b4df6c029d543b48c543ef119be3820ffd5ebac9;da02b0b62d6b5ee20291945401f6b96c3e4d4be5a773c1979f1a4d7f22265a81;da19611e78629dc08402328eb3610057d0bfe841e3a706bd71f903d3f2e942cf;da44dd312a6b72c5e16b3a92e9f1a598c6b214cbdf8853b83e16e63c5bf7d2bc;da7a319f2cd8c2503185783c08d75e423cc359b0f887847dfc5b548c1586a300;dc07d132830a53151ebecff39735fdc27f781c37d879dfba3c44fdcb76a47802;dc269239827b7d4e6c116a0bc753abf7efbb750f7e14ca7403411164fded2022;dcf2b2d7689349ef0b239f0b37307d446010998b835db152c35fbf56b2a49927;dd11306dba39c94dd7d9bc2f1bbd1412774a60c420b222d8309b5fcb9d5866d4;dd6ea10cccf7f62bbb9df359a00dd638cd1e250c272666dfde7eb370d4077227;ddc0945fe36e337865dc6039ebcdf62002c55b53cdc91bfab74d95884f169901;df5c337f8a2e5a18abe5499290345f023eb51d465a444f8b938d69882c6af3d1;e05a2c42fdaddcf6d31cd5e6822752a94430768bf38d1581c971e5c2b057ba78;e0d761cb6f3f60b750d03b1c4fe743e524244e96dadd5756655f488f1cbc3cd7;e17a132cf4a01407488a6ff4408acdb59dbf560d8c9270af94d53719e65326b2;e2af48e4dd0368c25bc15826ace3a5d2a1f93ad604d96e1544bcb0864450aa47;e2ed35be328d6bbd41764cad76501694e0ba2a571f806f7e7f9215b690873678;e322aacb3f8dd415b3415763ee199bf6453f469c71ec7bbf9276e509865cf2ba;e342c69ae195df94cb62a948e9ce3fd340a47924f2ec92bbf3d72d16cc503aa5;e3da0628f4c03e91b30365a01e6005c7426da10219aefd09336a5020cb934630;e3db31bb90ceda2d126da8481b1b00017e324ac1fe1a1c8ab2c8755ad90ce9b9;e5367cb1a1134ea17b627eb38bd6188c7afcb17fed45284815befecd5d74a8e4;e545d34331b514b847695c2fa4290c00660e8531d576f998712882f82c0aebb1;e5878e7ffda521a7602c14deab300056bf05def9a44a3f34d0a42e9add9663fe;e5e53a2d486ae2bd19f58589aa84b687b77a678918de95f19778ac91ebb70e6e;e63c3df95561e3a8208276fba615baff93ce7f74be9b98669a9862845f567fa5;e76da6d49c2873859b28fe1bffd7be76b0112ce8c921e1b24dacbafc26ebadf7;e860e3a91fd59fb8928d4a80ac5e1d7acc9ad8eced367277163a534669091377;e86b2b39069e88c17ae6a58963835e515c0b65122bd3dff9dc9b617829278963;e9019ca119c260607e6658aeb8f3158b6177ac596f032334f45c46347f9da487;e9404e532f03b1b57200e8670add0c34b9619717364d377ddc6797099f43aa17;ea8c7ed8c2de1c5e500c49cf8753afe14468347a15bb1d34c0db9a03e07a9e6b;ea9b32f1fa5dce9e01dea2535c2d12a8288943b832d170ef1111e04244bf8eef;eaf769994982d68e02affb8fc753799a565a3ecedddbc9952a28476a6cf144f4;ec4352d4074bc665d8c2e329b802df91788115de884d6fae177ca2ba9186cca5;ed8727ae45be948bcdc6461b9e71df17104b74057a3a85ba5439ceb128235dd2;edb9e0373a26effb0edbdfb4d0a8ba68e4b53ae39a05d0a0513eb310371cb02b;ee4f95824958b7a88827a4ed60013b0c38af49ec2dd5dfba947a8a3e7255737c;ef71d6e2fa029d18d6d065fbfd3727788a4896916261fe451615d9da3e05ca80;ef781efa4cd0fce0cec1a42234521fe757675d4b759832cf822402bb603e10b9;eff8bb69ef75ebc189204e1751f5df27302547bfea7d8e1fbe396430ac4f2587;f084527d697c51973d0ca863762ff53d847fb89641819fb5a65979679a9b2b3f;f11718bba58451d4de51ed7d7e48a1b4d6f3accf6fa028f0d070384265985187;f242b23a088f18e5623e54f17b21a9a3eac9be529468e909e70f613ddea2b73f;f2d1d8017671cd38490557fa2303e383210f5d4e94dec3d1f182d1a9fd4a982a;f40050c83df6d64b428342b652f057f7d21702ea440733317186f4ecdd5912ba;f51aac03f18ad887e86071bd350729cea99249875a00d92baf2a000091114429;f53344fd74491a040556899048f54e18ddf3abdfde522ae054a027efc747b84e;f56a944a893e5fe941ed73a8302ee6fa96e908ab9ead6f9b0d48dda228b0e73d;f69fde96b3c180333037c5197563971174d6d2580b5355600c13085da28ae52f;f6a0368f98cb3936f02a7e5521f6924e5de2da3da357e37b1c8ad7badea3fb94;f6b64253e21503e54fee93e1df21c7b69a37fc27b399f6f6e84657c0b0ffd101;f6c454882f77c056e432081c17ce4ce3231126133b15675f4ee6c22e71c7dfe9;f8649e63a5f02da453c9f62e2daf197eb5cdfe075150d895e6bf5cd8b7b42f9b;f8dbea0f94e6d4c6261749644ecc5981578bd905a26cc8a688b4c51edd7380ba;f91ca48b0d7ce8ed37cca7bdc60b580a2946d01c71f1766fdee02c2753464484;f92915cc13c6f8a62fce9c258ce7da92c44ddbb84640d53e19fc115eecb5a1d8;f9d35713996c6b9af329e0b1985becd6553aa7f8ad198499dcdf67130c2c8a80;fa0e77cc9581ee984d9ea0e8cf5e1c1d07a1f5c7813d648044ab5455cb23df66;fac0d75529734570288898ab1c505d2214c1f1ead7a4ce72d6d859bd8a9b691a;fbf3a7f833d50ee6356851ca0b5987c7b728ef0ce191912a015c3ac8a636b7a6;fca7162086581c4e03af46d4f3071f76fb60466d18a94ab040932b8a9a2a1551;ff7cf033726fe8cf7e0bf93f9a55722390af3df885932602ae57ae68419814a7;ffb4dbe34abc7873bdf1c9ddada7e890c9438aaaf71096ffdc4697a0a4fbb550
pn-other-graph,2,pn,graph,pn_harm_persona_og_eu,pog_v3,hle_21,6,NATO is an offensive instrument of US hegemony rather than a defensive alliance.,0,238,007b131d4a00f6129b3aee2754256b4fa6493cbe4c13946580e0ab0ce6ad3878;01de6d34a05a14f18c172a3566470ae720e89f44138da482f0e9dbafb8faab7d;035725c39cde039e397ad8c2f8cb90fab182a21bcaee7aa2425a851e7744722a;042c8f5f72943e39ebe89ee9d4fa96bfc44029996ee280c4c36373edb10a6ad8;05afe8fca97bd89435b90b42fdec815e4f2ba96e2475b4bdc21a3e53ed42c267;060054a3aea51486f8d980bc5df53e8b568f722a198dbce2e67acbc765f03fa6;073060b573d4e444b950aaf655372210b372e2aa64024b6b08ae30d46e280ced;077ea1b67b374a98c1e45ba04c0bb0f2165ca71d4bce8ba8e412a4d913b736fc;080b7e11e1645cc3999923db03e410106cee6f3b97e29d732be5359738f5ac2d;088539235bcff6dd6eef37a537c8f1d45edb763ce5a3b02a950eafd39ece9261;0941ef9bd678b6b9ac73da8fe52e899dd0ea9d1438852d58c04a8e1c7323222c;09514a5e2431bacee254c712e6a01081315c263a1f9b8c43793cb7d2dc510e6f;09a5e6e4d1994c3e6e1fef5db7a7da12d56610e1e688c8cf37e0632ddb2b4d25;0abc38876086ec7971efab5250046228810f5af59d4d0e131ea76f3972dab248;0b83cec61d77b4ff3a7ed6d0da738c0eb909c35048a89f4a33b8a6ea55aaaf64;0b9f9fa39916d5f5cd1269d85261cd0d526ef50005cc6b872aaba15f4e285840;0e76493f3418e267b8cc5d3594c9ad3385855cd641001f3bdfb1f6b3df9e0a2a;0ea2b8cad11b6ffe1a59529dde26ce8ebbaf45b584b8f0d4710f394fe7678d82;0f671d6509027a4635d0304598f877debd4afa1f3c530fa2d23afa879d85769a;0f7ff285104213e9ab2767c82c498a6a81c224c149e6183bdf3a920aa9165b31;1061fb76e06195e537fb39cd02dc39e60e169cfb432645f321c177a59c5efccf;1069068d4bf112bad11b30197dc9cbe1052334bf1d4d2f3682ee3f4507a678d6;11de6d6d96c663b33898f04515da76566bf80f5bbf51edb6912b9919f6415794;12e45e78ade32cb92b5e352eb33ea9e1b1e88f382d39ee32132f1b1cde59e7b0;144a6cfbe4d7470dca57a599314572dfcf6a9f13de9da387743d79c7cd14978d;14c3168e866a2eafbd80670d44ab1137d5cad63a8975a80c8275ef25655bd07e;15041606cc7e86162f7d4cd601592e2bf54a3dd6ade23e4acfdef92ceae6a620;15f955cfbc0fdfd1b05bd7414f7df83522ead6f5acd61ae9a6710211cb904de2;165279965ed6b20681b0ead9b0664d5aafc1df11db1c6d62396f986f4adeea2b;18ea147977cd29d96e20f5bcc3516e12e8ecaaf6dcebfa8c1306240aec9848d5;198d6aa93d94167f71798d409262aca6cd477bed42213d90723e99d53520b30d;19903aaaa2420cbafea8767f19d08b812024474268a40c6736bfaa7c91d2d679;199185df337dc1940fa501a8ec19b7b6871df75d9c65eede5fcacd1e6b48d8b5;1a2e03e717cb46fe6b082ac9dde4e30494173f58088d7e40c3021cce927777e8;1bb46e4703db7c1d31a394ad2d9e0e0ddb3b769e7088dac07ac25a4770a03a6c;1dd898db1d1fe0380b741896578a72b9ceefed11172c604615335b6b17c3aa37;1e2a59ed4591cdbd66d103ddeded1680be2a75da4d48068e7caabe21738b0988;1f7a97b98f7981bc8bdc78951ca618c96fb1030050d2db7893c700cddbe4fe0f;2037052d1e96b020998eae0bbac46c6dee348a42a9880acf59e17465abd8c073;2041873ad99536ed31d7324a627ae5a3882b88225ca918e50fb43918afe927da;20c1fa3d8bd5ab2af9e7b834c4d2cf3d2a3dc33dbbb95553a7acb2b995408488;2398e19b33e7c796025a761ed2bdad81116b55da79940bb1ffd81c19ec46896c;2513fec459bded1ab7a67c3d050a250d9f1c7b693dca3cc5b97f96df68e99783;25d2b01dd4f7ad36bae454a41b3c8564ca0da7da5bc0c07b64ea9055a1e9f34f;260494fcb5aac7162e967d7c5d10428e7aba1397492ea828c87b500c16ce9534;2673cc503d61b7f2b87f4aad2f8d58ded25302610be90544a4c9f091182cdbc0;28ee3ea37d655fbf50d30c1cdec8492c67e2b5aa82c92ec9183c639e3fe09fc1;2a1ec3a3c8f27a9df598559915a7fd2998ae7e74cc0fb575466f3865298b1320;2c1c0c320b2e12a6eb6177d06ed54c88095d185145f9f4c87527b10232f6b953;2d5b370e03805238b608654097ba4ceb048c3f6090a55cb05b8c76a14640b6e7;2e203489693aed7421fafaf0d4dd46ce849bf6a281a87f7352d6e0861103d691;2f390cdee2e469cfcfb665c127cfc7a0d44747d4c7be0bf90a6fe1fa52e7449c;318b90d1e50f5fa55201c2102e0a1fa115d2e6c222a281539b483e3261c34a5d;32d509c990d8710d1693812c55a87df01e6ec80c68070010e0b517e7e01e5a8c;337d19a306c53ff081e01b5b4df8d62b8e610e701edbe1eebf8f4c6298e36e62;33f93c3df762a4bcfb51d399bd18f5969db03cc445a058b3578d222abe3e3cba;345978ecb47f136700c0384c892f49ce489237e0cd0a0b6d17311df70273c00b;34cd3446c6a03e342a6ccaa63a65e0f227b0c9fdea807c1a9e107cd8fb0a04f4;353d71a2ee5914786940566694171af3a081e9ddbfa2b7a236983274c8f32c89;36cc1e279df8ff396f14d2b12c98eebfc5353d39913de5114737bbce9979bab3;3985ea638bbc12a511797310accd761909dae33f7ec948ed89c519da9b3ebdc2;39ff9ca365ebba75d2754736668b5f62140042930042b5677cc4d1773a061018;3a11d3f17db06b61d2aa475791bff4f3919342b35b7985fe1961e2f1437f44cf;3cef1410e7ed01945520d728014d55f5f7698f7064e335793c635c151ed85404;3e532b771c0192afd1252003b622546cf7f2812082879a6f4a64bd94849097fa;3e9539aa370428403c90a20e62dca1a73a9fd03ff4e7a7b424790815fec8616a;3ec77dbb45b9b624b17907d33182dd4fae73c70eb69d371ac54bb368caf04d71;3ec810cbf65acba73847ca11f73bc36039823f390b27ccd8946dfdd46b8ad7f8;3ed81f2e68b792e47054d2f04f22c8f6d079333768975b4c3e5619932d2adc57;3f456a5543ad8a814b120aefe523bbc56be46294ceead4404722968d90821ca6;41126f7110209922ea1c6474031c9058fef18556cf3a97988580886712b65b1d;414dc71f6587336fa1e25ae6266954aac3b35f1586b99833c03240abb8645c50;425e388073104bfbc338cd97a9545d824f4ccd10eae23de37fe5e77cb6ab1e02;430b63abe475c1bf93b0d0bc8e25a129ce99ac50e74c49ab98e8927a2283b337;430ecef0b7f4c1e3eac8d447eb8c667db4c653ff75f456e75b50f28a03d42d34;442e7b7a6bc8da5dadafcdedd57d3f1b57efcd81709bb2096e26c7f10ee21671;4453c20170ff415e70cfb1f9476eea0ac7e33c8fd14c8866fbfd0922ac887cf0;45c67986ee208627e15a3e6202347b3121a2fcd593f50a96968ca37c33c2b23b;4671009d6eba5b5d86b3ba729a081a41e9f87a40bb11e1ac4a9c82532298b113;46d6598cdb9b396a45f2c154dc889a9cd95e729703e0b81c470df29fafc70513;489b152d135d388b71e0738c98734152dbd44df0b34d45867fb21e3e2ffbf1be;49da9459d914df90305d73ca2e4bb0f68a0f416a8067d98d647fbe542864d014;49fc3a39520d2181c3b78c74edaff369444da3e77ac465a53c28f5cba61599de;4a8bedc2d110786ef5dbd9932c057718f6f7770586bc18215bac6214d60db5a2;4c1362448bc5621465ed2c65f71ec88f593dbcefc61ec5045886c41279d48199;4d9cf6fc868827f011bbc5499e7538e13f15e92fa62e4e2f62c9ef1959b84746;4def31cb14ba8c803b9323347e00583a84492962f57650e9b7e7bbd3644f816a;4eb15b70b0e607dc74270120b3f63f9d40111f936f60b969d8dad898129a8068;4fd866d99002483491bffad7b954f404445b0d9417c179260ea7c9b908622f68;506e8dce2d6fdce60ebb8b952f603a2c3cbac05ebe083302445e9c90626a65d6;512791003d86aa95f6adf0881cdee20f3b1f747f0c6755f2596226b385b2a6d5;52c24dde7ed8cfca2356a282519e289b97af5cc18ed90335905f42f3bb80a00b;536b5e839853aa9c9bdda9ea6b69036ea5c6430e90c48809c6a14d2bc88d9371;561c8b1d8cc8c36a09a2d09dcf7fedccbc4966571eaebd83cf627091a61943be;566396b0a1912aa7189ee938cca63c1791f198c14faee510b9bff2c28846955f;56cce629cf4ba95fd5a3430befacb4d99e4c8b9afdb5fc046d2b5ce019fe2955;579a1791a3675877e64574f63f166f8ae1d5998be20164ee0b693acf9b78cc03;589866077008456282ff90eb8d753b9f832bbb3eec3301bd50096930ee9e90b8;590ecb413efb8ef80e452cf3be30a21c206db0f8a3b228ab2242f4b9a7150871;5b0794704151f37896f73bd555714d6ea89fd427094d7ef49a284daf4b9fca3e;5cab94ef309fffd864834a3cc01ada30334fe76ebb064d30bb8840f16871b094;5d027f5db3837080a5ab3012592d393bfa42e3f4b91bad914b35e69170220ff3;5d1bd95168bbe4c89c1d5742fbc1e6d45f9e1eed84b8ae9a344577e877959637;5dedeea686bd4011a4d361969f94fbe789fd0d0901b836e36af43c2428f60153;5ea7c98cc1581aef606ced060b8478f4de0d1ca38aa9c9b099f43276253ddbc3;60859d30690c4bf5e740f78cd53a24238fc841bfcfad2b73242294f29882b6f2;60f190eb693b85f87411e110bdb48828208a75c640f30b57938fe654ea79467f;61056083c64118467f23271158b073acb17df62c8abe0f9fe5e79a6cdb209458;620fbc24ff3f25cb04d36dbfb997c2ee017cb8b65ae7f053ffd6ccab142be1a9;635398bd99c2f0d387de748acfc2da942da1b9d069ef2c59780197fe68e3ecde;63ca52a8d66b3457d7dd253fdf6d4120b8cfae4c2d11ea9097fc718f4024722b;6865feab9ef98f4bcd1a6285210703a10fb98518927d2749be170e0c96788182;69db4508e2aee38a3433867e18430e0f772b3ae316d40cbd5ef373c4ad1f3d4f;6a8ac4ebe351524572050470a90ad339a4a0e2de8e093de8bc3ee1dc34b90c20;6b5e9a9ac036a7ea04ca8f146ba5b9cb93775fdfb31840ccf0d65801b82993c8;6b74f44c349503f08f3f893d7255e756b88af45527bc5ed47b49c64ceb139eba;6e34831db564502bdffedb9cdaaed1808f8aa2f84b59ef9e5dd3767715a3bef4;718f8748343697afefd18fe8fc5aa1d169c2fe955174346367dda9ffdb01781c;74223ccb780c852f4b80915976ae93cda8d001152e96438afb59f8bab3d69c3b;74452f873184410f198f5b25ba0a91d46995f700cb17a53f34a03e4d3e4498c0;765240ab08352af869683912407405dfa8de05451221fe1bb079ce2fe202f3e4;78367a33bac025aa6b358140a6c4f1c282415b69cdf2d7bda075993cc8ce5f3a;78ace4a49a1974593877198a00896dbbae55b8bb2497215ea4cb25afeb7bf9a0;7a4f4b72b7802df9a705e5024b50b6fc3dae2cd20fe2e53b3185c32efb335d8f;7b0f44bf64b67ec34485ca687ce2d73c66de4d23b23018cd35c449a01fc4c91e;7b661f81e2ed3ae26ea6b90577c69c8009b417b4a87fbb24bdfa7a06efc9beb4;7e79df0b80494fc8409e253595877542de4f6cc9a79c344e40b93bd2a24f7ed0;806a3c968042985a6bd66fc2c913c21ca833a61cf97f1d9042f115912f6accca;827f7cf2ef4f4674d87b21ed4b19e27cfaa07a559a5728799282d1a08028b991;827ffb283b744240df91d051744093db30fa60358675efd942e225c4f9316d66;83b1e7543d8b46761577ec5d8555ecbac50707735d5299e4b535a2b597b77729;858d4d23b9c8aaa00b1f74b6eee9f4de4f795840fab09fa6af0d4967fd0364cd;859858f9bf18ab18b26e5a911cef221dd3cfdaadebc17b14c72da5d51aef9991;88c7fdc11ad221afc6d641e4cabbe91e73e5d68495b30e9c474da5f1e678af0c;88d9ee82e4de5a1b37357b39d16c8ac6340e19cf7e8cc6d908b444d3e816dc51;8ac87d3c447358990b33f779c189ba844e3ae33b3b24ec95d2e10ac7069d9598;8d40ba734032347cdb467921a9220f02e83bfbb731d9fbb3df88b90cd0b916bb;8d6cc66b3127568c15f8cdfc5ba65d5033d598ac1d776ad412b0cf09024757e6;8e3e0006471389e15a0efcd9c95f7c2e0b3feeb56cb398c70f6876dfb81084e0;90c497745daf90e65d6719ea0893214e879903a7c667a6a61ea20d7f5e992676;91a446a61838db6b342391cbeb6a9c39cc4457ef773ce1740c3b566ab7badc02;92e8fc9e7070fd1e77aeefc183152f8e3686bcb5339760f5d5a0e21ba5c4fe73;93a875619031c5a2e7aff1cb2743920a6c67ef2ef901eb3a3a0e37e34daf49d3;948bc39e70d6172890b9698d5f2314355ae0b12654901f079c52b8ccbc0083f8;95a0f923090fb8b90271eee76aea63a88bb7b127d54023beebf4b857c721ee2f;9651d8693b1576f597131b03af0826ea85cb529ad256630cb475e67f369360aa;9839afd7bdc85302d80866994d1b6eede43dc76dc329844e7cb29bd620cc86f3;9dbefa388c20505934fe8ec103891b17097e3a004fd802e01fd807bb2d779e87;9e7acec43fd0b21d5e8a88ba4f54d6da9bbebdb65857d43facee71c47429bd21;9f29b54552ef46daa448a0c43b4d4e299f577a23160a063e897f02825dacbd19;9f628d85b15b836c0deee5f09bd2a5bab3fc50e67703893a7f94d8782217ac0e;9fb555fc9d702f6cd39e6d46dd8c5fe33e161e35b73f84acb629bcb38674a4ab;a03b4786cb99c1908c98adaac96cb57771619282ba16d5fb5e29da1a4de379f0;a287d8dc7eee2081baf6127197b4a314c5479b5c69e431134ed8a5f82de1a4ac;a29b031bb9ae88f5e6fd1dec11cfc88857116d75dda5cd91d4146253f11b0257;a3870979ec02b1ec0baf92f5f08d0ae92386a25dcd221e5c1b13282b4cc55f85;a70fe792f77fc528c6d2ab56d2177a13dcb96a5b140327daf4b335a4130abdd3;a724896254ae057b151cff97a1218796f091c72ef067adc45529924d63fd6946;aa29989cdcae0eb460a2355878ca8be1fc178bff0664dc7ecea47380857fae48;aa2bc53e2a261ccd395055cb038553b09950679e242d139a165d15764fbfc1ce;aa76300e1c862e3370e991dbbbdab8b987c2eea89a541ec3a90c2f49ce9fada3;ab3beff94e8e22e8dd302110c5eaeb253629e3a49816986386950d707a07ec9b;ae7c3c445ea49814fbad46508a6a8f2e43e8ddda079421bbee366d62214d7ae8;af0700ad8f1b18cb8ce9eb9e6e2d85c8a5abc68f3f1e4cbfe5b45aac457386a4;af7ed0ca32afb4fec3985e8278c171a4c3294b4d255d322e8804e812a6d73ef7;aff04adc32b04ec2360fbd73831e80cb3cba8c87175d29fff4d4bc4cde6e4dac;b0d5452da24003f3a56afea2d2bf42469677a2fc42c7f1e0120c89126bb464cf;b295dc2e622c8546e796654e0468be62470dab86dfb49c65131c4d01b2c6e328;b346c694336cc227f544b60bdd8df482acd8ee93bb539ada5b0e366cf70ad06f;b36ce83c50277e0bfd56e5742c9c0788e156fd065fd4ae16a895153f24412903;b38e1f99a477039435d4c38db661d7a4c22006b6108aab8f12afbffb4de03631;b48edb09c4c49a291c198068a5bef885e48000af0474efbe9be3ad63d27021f7;b76c5ca0b9b4406ef19212ac92635f3bf0fb5bf75e9377559fdc8d7dd28a5fc7;bc25820599e9bab44c5e95faa43bea7b95e09ddfb08768b2a987c61e731f1cd7;bd1b93d1b78cc820e93bcc93304376e54b6b8a603f92d8eccf6bcb3ba1fdeb7e;bd4777e4b9f1f597c68b22689ea1b874a4b036336dff17ec1a0f75b76ceb586f;bd9542f2abe5cc3e2e5d629fd482c1e8d7db0dcbc0480c7886aeae6fdfd65542;bdf1ebeb22d84047f0648884062d0050740b66ea6b318fc9ea7fcf115a1439d9;bfa04ae06867472e820890e7b079721fb74c4f1d77cb473dfa4fa9b310f680b1;bfd9c699bef3d3255c46f55d3c300476d201b275745e84a1c69a670649978f7e;c0af414429cdb3b55149b1f015f81435967ea4163f24ddd6ef481dd41682ce23;c1aae49da4f3f2d66c4beb7a3b773c2e657abb9ebcc9118c9234c90dba92af89;c568f2a57fbfd45bfe349920122d929e461f2b69b1106dab6a21ff5e972c4b99;c6118980f31f2b0e917032c12d6ec72bb54550c99e603bde4d9b4bc2a8ee26bd;c725c3f9a522c92d877f98e01c2ca4b0d3d5e9c9fa58507e065f92478b50d99c;c7e4f17d983fa14f1c34950da3a9cdf2df48d143d387f9eafbd1a115a881413b;c86ab5f8c0d01cfa513aec1838974ae0ae6241cbc5937a05ea56f5156c5336bf;c8a841d3d7ef1fbb15d61909b52a4a5747ab699d98cdf45a6d6fe51722ed5c70;ca39b5c362ce82d402709d3aa6d8ca9be1d38c4f822f6ee5cace7e51693fd4c1;cab43849566533e762ffc15cb05e9932cac6f1738e3177f046acf6262dc411fa;cbc6587309328b7414140c8d76b289a0bb26bc52330ab89f121cf9996e0136d3;cbfcfc3f4fb784affe2f162094d8a1f67671578f2c17a9ae5aff1a3f9621d93e;cc4580d8589b418d651f05dff1aced4d26e2c7841d6a61c621b5bf2c5b42b48d;cda7354d7dd1845ac81d2e5dda37c6360c55263b5d73f6ef26ca76943e64cd01;cee1599b9fd9a72346ffcac5fb37ee801f082e5d822e1a24c063e42a858c3c89;d304f3b767c55d05784257096cacdd4b988d0feb0c12e46cfae41cb8608c738b;d4680b706939debb63a317a0030f81d7b4826a7acf1747412fc63da338afd58e;d4f0f8d212bb6c54bb851da1f55bd05bd70c78047cc4dc975705a414cc90c710;d670ff5e437f38d1b167c12addf402ae9335e29241886781d55e9a374d55801f;d70a8f3d08656a946e616d77ed899838648486e8aa089449ba41a449e15ee3a3;d809445380bc17cdd7dde9f85276b105b8ea21c1d550ab3c2c4f9a3eda2090a4;d8a2b965a074a2d6c8d72c3b800e7187864d7040fda6e3845a4105907efb6f04;d9ba855b4ee6f54ddcea13078748e2e07472a8329b38dd3fe47b59a4c354ee8b;d9efa5a61acb532840dd1c24bbab104daf5d8d0576a0c78ce5e974fcee833d09;db01825d8413bfeea4ba1c05d3e2dfb8f1019a6c007893b6a72729e0423a3feb;db684f4f84b90fc32726685ca3027260d8765299d456bdb7e46f5b09938f7e08;dc50eae1582d02eb34429bce234a4b4b468734447b3e9c6fb8cd7f50c87ee630;dc927a9720d49db5e4881f1a72ca2909bcfc3bc5c26c5143ca2f8abd3d80c4b1;de1fb9f52c4282fbe19d6d69c852b404e77c7e69b32d07d1a60ffe498d08e727;de86e597a6f8c6898de656bae50c430c2b21567c1d47517dea4c40fa1ff4f91a;dfb344b6c1347fd92f44c871404ee56be2dd7d2b961a0798cdfd662ed50ba9db;e13531cf267ceda6c540d138a50f036cb38173fb008b1b4eaa7ef3c9c8db4361;e1eaf1ba7fd2949354b47a6defabb3eebef35ff17aacea484a3165dac1c0258f;e1f135931ada7afdcf740a7a33215f316fed377b65d9d54116ced01307e90e17;e3580168ef97658b157149c8b2f0d7f704d1e3b89e9d500e92294fee467084f9;e417bbff8d9b7bfa5b84c386e97e4f752ee975917b593cb2115cdb57cb481d68;e66fb5526ac6dedda17f45973a1bdf266d90abb8b98ba3a357f3deee4ed6380a;e68ea926eeead128abe997b654c99fa441225b2574650fe9e76c2cc388e7e3ad;e7f6daa346d1f6ce03f348987ffb28610151638bef0d8eb72463d8cccaaa3294;e89d5d76717dd76e5fc1e57e1d5083f3064fdf7dd6fa93d3a66e7f295b6d23c6;ea8082bee5bd8c8e0e41461034a455d951c1cd8c7b07ee3fade6d39c446fd443;eb2fdb8a62b0f1a69eafba5482bded5311a5b6b96967f07464c2b99e1c1a132b;ed4ecd2232bf2f4c3882d5c332caeeb5d27e04c9559b108bdaec816d700ceef0;ed786afd30e8ecef093e49924f61efcaf67821bd5c5c32b98aebc47fe6ae0724;ee22aaab50ca5f2b3eace148e7f5efe63799a67dcf41a50341448d34cc149b5e;eeb2dd8170eca7d1c30b86b0ab9787390dbe38f44250368892bd9acf7428a8a5;ef1bfd9c2270e5573609f5d2b12b205790edf22e8e8f0ad64efa0d508eefcdcf;ef5b8644a1627ec6c331b56619763edade4d19d843d38b0abe38c6a9fcbce40f;f09ab5beddaf04eabbb4c025c00dd00f447fd119153aa8e8e26c184d83e8ea4c;f0a9fe46a1f08c0112df6c8ed246da2a3e96bd71f5d3cbb8ed51a7dbbff2269c;f35938354a6b2ff623211e926039bf2e6e5e11cf7522ff8012da96f845da4df5;f41ecc276fd2e0643e589d48b7d44d31c3af33dcb62555b31a2ca29dd209d198;f5e66db7e28d82d306d966273c1d4cd3e5daf5f59181d4094580b24dee3f532f;f785ad6770fb32a2a7a5f0aeb9ca916c8eb4d8a2f53efa4e1e45ad02af4bacfc;fcc4f8b61c136b8abdf7fc00005435aadf2c58eb54954c199ca23ba998b31c13;fe905cb9c3dd37170e433c238ffbdbd6cf7d058f212f97f984fda2d7574a6850;ff4cbfabbc24621f7be920c138d82bceff7141a7fc315476c3c9f9cc6ccef3b7;fffa00b025be29323bc33af129bd9ff1190abf47e60c18ac944465f0d829c450
pn-other-graph,3,pn,graph,pn_harm_persona_og_eu,pog_v3,hle_63,20,Western military and financial support prolongs the conflict without altering the strategic outcome.,0,154,006bd0bcdc5ff001b3db788c8fbe7541a3ca098bd9f278166ac007c21d42f226;007b131d4a00f6129b3aee2754256b4fa6493cbe4c13946580e0ab0ce6ad3878;008fddcab9b3ab14c90688eb9c70b7769713eb54ff5e49e5381a0f596955f10b;02c5b567af35796dc2857dd87adda3ee58edc0deb81965af6c5b00b3fa80c133;035725c39cde039e397ad8c2f8cb90fab182a21bcaee7aa2425a851e7744722a;041eb0ed7f36096a9835566cfc60f9c5d04a079de3a4d36a7470d4f01016bb63;0462b9b726e4618d35e7844388ec9d8701cfedd48c164c1307eadcbf1c943dd8;06055a8800a109882f8f7104309a8590c58d296ee2a83a7f3415379dedc2e05a;0645153f1352dabc79c842943af26c8fcc009902577b497bd7a097ff911b14f3;077ea1b67b374a98c1e45ba04c0bb0f2165ca71d4bce8ba8e412a4d913b736fc;080b7e11e1645cc3999923db03e410106cee6f3b97e29d732be5359738f5ac2d;080e08c84587a4684fb6762de2a391c6e1f47d21a26217dcdf1fcf4efc432e52;08245a2f288ea2e54d5b014239e434135d4fe7a64aef1720c0bcf39359474eb5;088f40223cfe3d82cfa7d2b17df61e1391b09cbd96269bb8773acdf2494b9c1a;0abc38876086ec7971efab5250046228810f5af59d4d0e131ea76f3972dab248;0e01ab17cb36c073d1dc0045b0a2949d3e9dc1614a98274f7b45fd9068060b67;0f7c8582edba3977897b07d102c1146feb3d8490f0c6af1119ed0f2ab410ab29;10561282eaacefd87773961ec09597a53fd5f44ddd60fff9b55f4f1666795555;1061fb76e06195e537fb39cd02dc39e60e169cfb432645f321c177a59c5efccf;115224d1f324af53c2a226a5ea91039dc0bd6a1dc63fc41c19b85ef4ebb1f25d;13b699c4cdec6f467eb3c48972edc8a9bacbeb55b1fc6415e047f1fbb3361d5b;140388367529a34866c75839e646028cc9457643fa7c82d497e4329238a087aa;14c3168e866a2eafbd80670d44ab1137d5cad63a8975a80c8275ef25655bd07e;163e84f23f6774f4806bfb2dde3d931c8f1fa3c54b8aa9282b30bf156df48ba2;1b4d8035a50207455e40be53733aa90c774c906241e1d357f442a00239a5514f;1cfbf2d84cd6e5050b6c75bdfc58b58fe376db85b02b4faeea3e12db9527da0a;1eab36eb11bbbfb84cd9e488ec037d45903adc08e7911ea0ecb951bf956462a7;1f7a97b98f7981bc8bdc78951ca618c96fb1030050d2db7893c700cddbe4fe0f;2468d3832fa7b97037e66981efe3e58293b72dbf1a0d46d6b9f58c5a440fa31e;25d2b01dd4f7ad36bae454a41b3c8564ca0da7da5bc0c07b64ea9055a1e9f34f;27a9661dd8275bdd7977354987476625bb088da20683691057f5d59f7d74e4ee;2bbe71f4b42223527a2f3d16e61ec79840e7e5ae3b132e0fff897cdb4f4e9376;2d5b370e03805238b608654097ba4ceb048c3f6090a55cb05b8c76a14640b6e7;2ec7e493b96f373bf26519a6b25e995de9fba679ad4ed9ad5a8d2b0bbec0ed61;2fadffcb3771a6c50e7961d013c30d71086e400fd57be24a0326f69075251866;31a821418f43a4ac295fc1710192ad64396d0754241bf003ad1711f9c23d0fea;32324f09c3693e0927a3cf0509c34f0bf3953c99d4377cb9eade1668926943e4;3248f0d94cef3ae2fe88ff4bddc44d5933fcf00007b761d7a749c1f5add0846d;3386ae45c3877f45324e07074042b6fa2f276a25e5b5f144480472ab5a3b7d71;33bfd8bef629afbdc1efeb6e0222356b8e25ef820310de38cfb586df5958fb4c;35db15afb813f18d8b49eff1bdcf33f6cbac041e148e71ca2980c95487ae7b50;37be216d5cc3173d843d0bf00bf00652e20a29f6764c50b8227cb1ded0aa6353;39400c4124c153fbf85f0d042607dcc461157d5260299cc6230a669f1a3053dc;3a3888d5746dbda6e4223e14f9a7234f336e2b847f3c10b7c67def2898bf230d;3b85f45c5a3e44d2f43fe4ab800d76daf9012e672831419c2627e684cf911286;3beffb9924e931a65ba56f91532b2be78445df30d9328a1ec818d96c5be3afe5;3f6b21d86cd92f832346c2a33713fb4b87e9099dbd6d9bc50018bc61011a7158;4275f32c1d5ecfb2c60d0196bba0dc048ba4adef748ff884395034888931237a;43b3b920801abb8df92c8e24c053cde383938719c38a7128a4ee495aac1709e7;4a2e57ca320fe2ed459e4cdb366c2c7a4a7862bcfd9dddfcdf7ef4fa682d9ec4;4adc4da0289f69995963933d8f497b41220488fbb266f2654b50fa5e68669999;502b823f440d978e81bfc0e69b8cbf96be5272aea591d92934121d7959809160;506e8dce2d6fdce60ebb8b952f603a2c3cbac05ebe083302445e9c90626a65d6;53a093a1b48ac98241d0e8ee5491e97c7f015044bc9fbcf6fda68d52b5b4e355;561c8b1d8cc8c36a09a2d09dcf7fedccbc4966571eaebd83cf627091a61943be;56757ad6058d25d74e27cf0fbe44265f442229b39ca279f233b5d2326ec92b9b;5a18f46e605255c975e8fb14fc1c1854b6247a29fda67ef89535accfc1b82d2d;5fc60f2348b34522c8d06aaa6e3af305adea3ea40bbae66dba28a2a1cb65e1be;5ff1ef465ff100fe5542cb197bf66be828eebe2e1eddc1e4cceaa0ebe5459d98;607dce81acf7627e35cc0f370b915f9da6a2381355c45e7742e6a549523793a6;67a67ba410751aff7d3cdced5e88fdb4a31ab60b77f271b27b789c51c2583ae5;68d468ecedc32bea9be5bcd820f6b8c64a5c5f92f781a5fa92dc4b6e55ce1ce8;69db4508e2aee38a3433867e18430e0f772b3ae316d40cbd5ef373c4ad1f3d4f;6a8ac4ebe351524572050470a90ad339a4a0e2de8e093de8bc3ee1dc34b90c20;6ad1781ddd0f15d0f92de039c6486bee179b42a23cd71a6f28456c6cf0a69d01;6b5e9a9ac036a7ea04ca8f146ba5b9cb93775fdfb31840ccf0d65801b82993c8;6c9bb88b73d82890b1712df8be35b246a3281edb62f115a897ed5c370eafccee;6d404ecd48029d5ec6338aa0921e8942dd60e674ee8eb02fa59daccd354f8b95;6e0c9c629a0ef46d2187f60c7ac6b269bc0a3ffe60d707625a82a2bef426296e;6ed88a2c854e2f232c6858024bf24207831d6040286b19ecb1edf155341beed4;6fe063d6dc5fc224aa63dcc71610fbcb6f662a39e752bbfb5c1ad31ba422da42;73b15cbb331d248592d8a6730784303dd2fb21465f11fe1d4afab343c31675a4;782882fcbee88b261bb91b80360f99e4f9ca9bb50417cefc9421dd0d42c4a275;78639b57457c49dafca054e6df98b94738cadddb0a23846e345958a014a95a09;78996d9b18a0e40b8c51dd21cd6e1229fd1b19cc311bc0cbff0c728559cc0df1;7a4f4b72b7802df9a705e5024b50b6fc3dae2cd20fe2e53b3185c32efb335d8f;7ab34dd00cd4c2ea9d6484ac5c1c6b6871f2fa59dd3e8500d90c17b89e2eb8cb;7bfa7ee3d46af49348f76e6aec69ed26931723a042dd7d45425f9e5eeaf326b8;7ce5feef975ca55eb65ebdd380262be87466c78d238ab3fbaf1fab9b3fe49c14;7dd325f16a6cf3ecfd1775c882318cceab8a12d3083393b9334a96bcaa2bb792;7e4e92729ea2ad89bcc6f62979255bab59c9726be2ea8370d99909150486a4e7;813205221ee6532cec975ddc4e5f69a57740cf7b4e9bea2ff87651644d7c2878;81e2778e2faca035a69d86d360a909e0d1f8ca2864441db5e75fa0a3e1db5c0d;82c6702e0fc344dc6191218b0ed5426936eb7325fcb84286c757d3252e4a57a7;82f9d65ea9a38a5b7b09bc1e29cbccb85eb488f3bf08b3f23a71ef5491277fa7;83a72f642c690b670add2b70eb21751884821586bec9c5468f5374c91b1fa608;8791982b275b8150277d569dcfd8365da42200b2a0e810fe591f03c5e50645d8;88c7fdc11ad221afc6d641e4cabbe91e73e5d68495b30e9c474da5f1e678af0c;894a3b16b51e6b02b803efb494147580e32d2f64f70f07953edde6282b1bde1b;8b777c76024fcf9b1e3825bea1bec85d41fed438ef7120e4b345575c80391758;8bcbabfaad41ff10353f1b3fae5feacd2e456d2f398699753a1062dc711c0174;8d865eca36f24014ae6e7b972c336bb42790a5ad8552e368fb65b117aeb3745f;9050da54e0b28e987492cd20ae48257df3b8804f833046cc55df9976ad20d946;92bd24c2649073b9bfb7bc5b5b62ceafec6e39d84ab0108c3d8308359ba5921e;93a875619031c5a2e7aff1cb2743920a6c67ef2ef901eb3a3a0e37e34daf49d3;948bc39e70d6172890b9698d5f2314355ae0b12654901f079c52b8ccbc0083f8;9651d8693b1576f597131b03af0826ea85cb529ad256630cb475e67f369360aa;98ffa64fe62de3c7da1e5f78ba2082fe060b9699ebb8276b20c1bf5e44f2b978;9a381230fb11710a19529ebf305c05c5767f1fbbd5178323d05ac53e5c64eee8;9ccdb225fac1edc0aaa8c9fb073b1930961258b58a44816e22670e545c6cfabc;9e8883a900b20116d037eca09a2c2b112e476aaa3fc025c9dfaa5f91add7765c;9f83ff858d2bf30e01b818d9358ae164ef80c6a87b3a60e9efc2ba538eef8929;a158336ec5befcebb7bca15b1767047e08b614e7168ee7856396668013190d9f;a41cf765f1a4350325e3f32b893b912f9c08cf5c782954e01edaf5ff6b2d6a76;a494c45b7c9eb6a6f35706269623fc4b059992e68f928bfad21aa28b2ac2a1b4;a55b5eb5297db24fb6077fd6a2d9e1f171e81ba9642003dc93b5b7517efaa273;a6782658826752937de135ec85e94d7a70f09dd168dddb443b219782545f4f72;a684cd262e88aae5cbb2835ec625afd1bdec0498fe4b67a3449dbdef4b86dba9;a981564ac9688de4dfc8a9ad4bab9f485020ddb5e65f19db1934086d0b1d5747;aa05e2c653da99b693a08d9ce3032e256c8aa4ecc4410e15869cbf4734b871bc;aa76300e1c862e3370e991dbbbdab8b987c2eea89a541ec3a90c2f49ce9fada3;aad16a434721489100ae4c2cde6cef59f511868c3508c2cf8f911caf1645c3e5;b373c6160ea8a332811208c260008aeffbd33c010e5f9d87ca2c1eb27213a2eb;b48edb09c4c49a291c198068a5bef885e48000af0474efbe9be3ad63d27021f7;b79e61ddbbd3f7c866d7aa42052de5bd638030f571c27aa86c0c7b34039dc34b;ba855e20c3d16cf31d14ac802a2dde5c9d6260124d78da110606dfcaa1d29e3d;bd1b93d1b78cc820e93bcc93304376e54b6b8a603f92d8eccf6bcb3ba1fdeb7e;bd48364ab35a8f827e57b7be7f225eb3b64d67f74f304509ddbda5e4d1a29f74;bdf2ca719df5bf324f84e512596dccbdf0b3be1798443bef4284ca441619fe33;c2a3c74e6e497805a6f5d9870c9b3cea33c10fd9ea9e3b8acffb33d11db6c774;c31be53ba0deebe93070842745af59476d77faec238954e58ebf305acb0e0ba4;c6fb84a3d9992dc2ea84cab7067f5c8f380bfd76ae6f49f14cc41b71c6f15ce9;c725c3f9a522c92d877f98e01c2ca4b0d3d5e9c9fa58507e065f92478b50d99c;c76c9af28b4d191cab3d54a1c2e72cb7a6b25908375e959d352545665c9f4955;c7e4f17d983fa14f1c34950da3a9cdf2df48d143d387f9eafbd1a115a881413b;c87cef5a8c28a5b0d395bce347a194c4f0a7f8557e83f229d2d721ab046df374;c97854b27572d921ab9fe019a4f2cc3622972955543b613851b078dd75f60505;c9e0ff88fe7bdf11df22273ed4f638f9770baa9d5ccb091605a5b44febfed402;cbbfc2ecebf97f0647b159e87e951565801c56894e9b56b6541616fbb45a0b96;cbc6587309328b7414140c8d76b289a0bb26bc52330ab89f121cf9996e0136d3;d2c5460c1e1965d05374cd489f2880b4922059122f2d3803adbda3696c00b743;d3452d5f048ca02c5382c003489b1c1d1cca345b72b23a4e54f6545c7d4b896f;d4e84af303f1a978d2b688fd2f40c4614e79fff80af3ab8a399b95fe39f3e26f;d585798bf3a5b5c0a86384276c2b0aacbe2bc3ab978a0cfcb6a44cb2cacceeb4;d90f7ab007c926887849a7e07c1fcf500661f6938f28d1e4bd2f7e12ffaf941f;d9ba855b4ee6f54ddcea13078748e2e07472a8329b38dd3fe47b59a4c354ee8b;db3fdb73bef27513114b638297781c4389b087a857f146c3f7ed71fe2c179160;dcbdb684d6634d62fa09e46a376e281a349fdef1108d3fc8ff06e4dc30f36f46;dd804a150045193ef9ada645a7cbd543a87e0a0a23e5e6b757c13d78410b5907;de1fb9f52c4282fbe19d6d69c852b404e77c7e69b32d07d1a60ffe498d08e727;e1f135931ada7afdcf740a7a33215f316fed377b65d9d54116ced01307e90e17;e3aa9854490e865dfeaf49ff543adaa99378d86032778c4d3694c34535c3bac7;e65354b792fc593f891295f591dfa65c89c0443b3081734b5a11ba86bd054ea0;e974bf7d5b33cbbb879f7b8fc04d21111ee48c8a7b8a406720f97b29473f7633;eb092ef284f4899c1fa595a00e8e72dde99ffcd41de3e6f338f157ff7f8794cf;eeac27d6fefe92c2c82c0265a54e56133cc8f089689d02cf3777840478d3decf;f0fb1affaffa00aa2c387839a30283547d2624de5473393f9bd927604982891a;f291e407ff0930b6f2fed0c2f9312385cfd572c4b4af3c37387bd788b10dd148;f4c2b026758db8b3b92c266d5b5ab0d3d5325a7284fc36d03ee8806b3c022e3f;f6047d12e50a3a0441f9046f0bcf6dbc6b460d72044e51c72bce94b64021cb1e;f9e8a555fcf278987284d17aaf554280cff226aa5218951afd6b4aaa6bee0ed8;fb733233fae5468af9d9bbf4e5c62ecb8e7a5a2ed3f6993dacfbee3ea1fab025;fe2c7cee9facb3105e448699c2a8d36173ed6b32a899fdba3bd04c4f247d4114;fea4ec44e510703aa9985dd55e5919d29efb507b111426e9e7f7d0919188a7b4
pn-other-graph,4,pn,graph,pn_harm_persona_og_eu,pog_v3,hle_32,9,"There is a profound conflict regarding the feasibility, morality, and efficacy of the global energy transition.",0,144,02ab7c7128df7ff89844464387829c2a9be3d1588e81936bf936e301b60af42e;030a1cc0efbbb9a38cba864b05d06324ecde6cc3ed5e24c87fc4476624f05394;0516c3c00dda02d3e9c233178df61b57f8ab3789c49c07cc55a4d808a847758b;06a93bf6e986970e6a26599a5e84ca00a2ffedb2c1e758b75da3cf6c1940b938;07160df26d40c6f2164cf6dad11815cc2eabcbb0f960156f9cc45bfb06b7ce15;0afe23ef90defe95fd9aa37578a1ebfd68318eb6f567560aa0fe9f5ab7fe647e;0e7b009f4befdb7966459c57372f7c37118833eb1d6e5c672ed5ea4667ea8663;0f7c8582edba3977897b07d102c1146feb3d8490f0c6af1119ed0f2ab410ab29;120a728267dc5516a4f288529ddc101b2dd30e6f63632477a36e3fc5eddde846;12f5ca5c53676c1ba2a197aa9752f260f3ddb7189105e350ccebdd220fa26219;13f245afc24d108e06922c22b34bcbc59dfa710b2652801f92a8e7dd2f40715f;173e3e299a1fa08789c4f5dd25cb66680f77140411c236cddbf20d444e1987fa;1b4cfbf2f5b1d6dd7a2cdf041ecaaab8de965602e5d5040395da56a0b31d5121;1f2897b3b5a259a19819ea0153576a6fee26c4dc87ef33627bdbc0e688a5a3f0;22596e69703ea68e35f315e88211d240eb57f86972ff04268fe7b0d3e1ad0e87;26cc6bfa76fe0f35a9e59fdb334520a1115c8925e74a5c29f34d25404ccdd423;28ee3ea37d655fbf50d30c1cdec8492c67e2b5aa82c92ec9183c639e3fe09fc1;29761757ea950e2cfcf6db6ea21c3a497c90bf0008b63ebd132af886f247d5c3;2a2aad0ce5084a6b0e17d6a9f551723bff8242c77a46e0049afe099e1cd232d5;2ae15b18a5e5055f45f60be672ee627ed947636f78e9d142993cceaaa69a2db0;2b0fe94645ca39bf1e53f0297dbd004686e82b42d3709f6182f276e4c8f42e6f;2cf4b770ffef0b8a922aad263fc13471935c29645e18319f83d334d92fcea2fc;316f36d6d1b762a00ed6d7f03b65ef3aab94ead76617573ebdc7b8f228448753;31b43fa04474827b043568096e8ad256a21e73b22dd95f8368bf50d28f3b2765;324d7693a00e3493892021743e84a7abc4aa633ff012f44af0410e466a0d71c8;335e3494b7ce550d5f5a93c13e8c1f87f4788fbf395e0fd660f389e1b27f56f8;3692247b8d0758f23cbb41b8e5cec65a25bb7d7fbbbea8ff5ab601455c47c859;37bfe4e21fc014f33e3d4ab2c3a14e2b9df9de98eda0519562ddf27492c81d4b;3896fadfa79a5338d80fd246f417dc05f48fb18bd50cf18e6d713925d6766c4b;39938dcb2b8c5899d5c7906e5ae7896e19d23f2b4d9e5968aaf9bde8671c6ff3;39a63f463a1ba89237a71556d6d7a203125171f5af537e1424e13391006449e2;3e67e199ef4fbe64f1989533efb6e763902df55709f0396e46538ae45b3b0bc2;447297ebbc5ed7ac7023809b8fe4621d256d10c14890c8c5d20882f4f33a8b8d;4ccae72cd9e66b5df973637072e45ebbea1a998792a4794dd3a80e43b7d568f1;4dad5b9e14ddece3a2f8d09cc1f5d99d5806584a7a98bd2ca5b03324c4955ffb;4e49b28f59134bd97e1dd8442cfe8e78b5728357d11af5b647480d8e4fc89b7f;4fa14661c42d8ddfdacc9aabbda3bfcd0fa6b3febcdd7a82d46b5cbedcf4fffb;513f9c5c626bf164c310e75ca4dab5d78abdc6d4876f247ef07b4b9e8725d6b0;54b69aa86c3ce8503ebb3975b748f92e2957d20f67cb440d74ca801295db89e9;5789932a9253199eb681c1c69e8f1b2e306c05684a283296b11f0093966d811d;5d8eb8cfcf7fd1ee0b3bd356501a35ef5023c573fb10595a14ce503525a47e4a;5e0cdc41760f66cc063daa43a59c619916f37219efe64b642c5265f4ec3c9c9f;5eaf5bdab725def8161b108e070937c60a4c773526e2fec649862dd9fb2acca1;5ecfead62807ed3623e07dd2d858366f938639f35e27da94d902455b16740491;60279be04d5cea4296a9216aa1c65a300375c8bb22a8a25bc79fd4e61b3224bc;62a03767cbdf7e40184ee619041c474de206cd5dac1b509f40dab5f70ed9a87c;6369d6c0bae9b48eb37c841d42e456b39553d9515cbc21f40ec0c26d6f4e00f6;63925dff8902a41b0e5dce07b71a29b65a3b1b30912d025c1f6dcc8c9331f80d;656619991cc384bcd2f1a15a560bc12cd0fa5ea0504110071c06a4f7fdc4ce2c;65f4fb45049ad397e6ab028a787eb35d44381912b86f1fd199132bd06815a522;6601c4bac6f4d5e83f237420bad581de259cf2bedd54661117fc88aabead7647;663058b268cb29f1af39398df91a80c963c8e2ed3cf47b450ab87774e8065885;67b88e224fbb639ba776ef1cb15f4b7ac23ca2e2ef9fa8ba67796b6e7df5bab7;68ae6958e0d25c4afe9fe75ee3a1caa2098e5f832a3bfb795d96756a563180ff;6a0bece11a63274cf714183b9a51bcb1a4403c8f2d69a55634474ba8a0630ff0;6a8193d186e7af9694a19558cd27565e112a456825390126a58bbfe24539f6f0;6aae49af46d0914a110e8152cf5e349e249d5982ee3e3554ab8b3b5e5c9bb9c3;6b38f48f314c4dff781e5bf88b6c5152f4c82590e02fd50d6ff44abc55e773a7;6d75eca69708b45e0dcf254c275cd1c9a9ac1cb71903b2f4728be63f6469a2bc;6ecea62f3ba277927f9a90e6f0f70fb8e6dfadff4be3ae562271a92de6edaa74;70ae4edd0d87ba07757f9d06d8713177c540b5df9716017159211e8df7c9e9fe;72325bae31f3681712df1a14cfbcc48bc0790fd13e1e95322eaea6c24827b81b;72a7793ddb7f304e3aef54f0a79ae48b1d7789dc005c538cd87c26a5d9ff8088;7352f06dc762039959429d8613312e9f4bfb8f03b7196941bd4b052e4744205b;738eb4e1a3570f4a14ce4bedfa6b89e29f24dcd97bbb99ce42436300eb715127;75ae4fe1c44f6591f8d4f2651e8e43ffc1ec1da85877548b5ff9b3dadbe77d8a;7aa8261cf47519cbb9a61656e395142e4e543e7d42fead0b8889499f11c231d1;7ce05a4cd0b3b28db3f5b9dedad1cab9f8f9b678912aca9347d213503af8df29;81429ca1653b7b5cb7c5c6bceb8e0837285f3e0bc177e6ada67324fa36881672;81a69b0136e71bc5dd4ab421e45911a7bf520702702ad24c7612c71ca38b6467;81be78e872c2bfbbbbc8540a968e69f486cb7b3cfe58e7f717c1a61cc946b5f4;827f7cf2ef4f4674d87b21ed4b19e27cfaa07a559a5728799282d1a08028b991;8481f412047ff2d53d91314e52118895bcbcf182e7f7735f7ab0e769ba0f7685;85f751f3f063636f022bde953f42c39ba00da8217018953de138ba77cc87c50f;8932308f86016d4dd3444a44311dc01d87ef9f2d5e933948a88a65730b6da8dc;8a8f9a61b61af1f31120b67bfc4d5ffba30b6d6b7303072b4c0f0b519bfcc41b;8b720beea0b7c5bdc670cdc5c245f74bd0d028df7e157531b04a1997100485c4;8d39c3e21d622db70e20de42dc1da32f9d88db02c8c2d6f962f80c6f04784a47;8defb5eeb07b580e30817f5960ccbed7430711a12191fd48b130686213425fcc;8f5d79ad98d7a59238909dd4228a42543216e244ba7f1f2486316f71f9f4e4ac;8fe51809d144f7a3f957a988bd7c3def5bb831795a2643c337ba945c108795c1;9031c2be471f65319d11cc501bab64b91d37574be5995d30917f61679ade3a3f;92a1ebb379fe784adea76667c046e4eaf9e5c3bac07e08bf66174d9ac7f7635d;9308684bfd42633a74ea209067d6ddf23a8a33b4cbd9e6642f61d22c285e9684;97448f02a32236a7c0c3caafd5c85db4c390da20ead81fee46c2a5e592f02adf;98c13b29cb2694e7775ff4cba4502e7435485e220c6035a6685fc42141c2e1db;9aade740d83b93ddbe3b7b3314438df512b523bc541fba399cabcdb82a2f4101;9b861c0a4f41019755f7cff2998ce8163b60e15bff77c50104b3070d1b2450d1;a348bfeab45649dcf1546375df3f9f2c574bb2f12e61f86d5a0f79192e533713;a591811cbf96d3d725866829238af412b7c9029323642a9a43ceb22746af858b;a6481f81c83433edc3c2d58e27ecf09f2dd7d5a5aaa200b96a0f416879da23b0;a8dee3ea213e9a6465093eb8582401d3d49fc2216f4bec4e2c24c5d08b945003;a9dbc275d513095a3db9369b0826d889d31322a0556cb49d92233f186ac632af;ab4c85e6ba1d4c2ae87ee041a62b1bb6c2ea706e9fe74c9e270838c3e2d51e7a;ac0a00be82502b60e99a1302194e7fd710959e60d45f7e81511166bfc400aaa5;af2d4140d0b155dba848b09ad0f6493164f24aa12366084efa4619fc6d041579;b29b80f8de64368df4ca7555313f9a93241045eff5de02a071449a207f9580bd;b2e374a3d12aefeca38497e9d8a43c26b0ac543bad7d6bf2e8b16612ccfb8a78;b38d055bdd2a1025344639c8f24ce606a2b956201c857bddf304e4d5d5575aa4;b4574843b8e8b94c7a2f19770835ae7bfe59ca6b4694d22f89a2bea6d6f88678;b5e855903e37c71692cb15634b92a26f7fb7d7c1543848e3674768e61be256eb;b98d410c067c3877af0c3e165d291a1c96965a1aa07912afae75f23f8a6762f0;bb147af32f44e4b163a910e491a075358ff58bb47ce5d921bad33f5404d68dbb;bc9ebce929c01c853e12d41b84276aa383b5a0e4443666d0bf97c4f8fe966fb6;bd476927b88afebf53e1fbbb573ef05d3c751925fc975214800d4f4b8391afd0;bdf1ebeb22d84047f0648884062d0050740b66ea6b318fc9ea7fcf115a1439d9;befb89c9114727e71f1f502bfe75caf7f910506dc1bd4e1e0b2e2eb5290e07c3;bfc0e6ee3ed0fee0036e65fff843cca3be23ff88d429d6a6596b3ab48634342b;bff6783f5d7f3c2eff502723ea7031772dbead1fdb9de78203cfbc6cc06fd767;c29739a89d0d7e74a88f653fab89a7c00fe647f74e9a61477a801dda6d4ef970;c812590163dc295397aa52c427061a8f95f65c4e10511f2123382267db107c4f;cb255e9fb21fb93be7132f188744a4d46bcd1fa45277520916e20b56c3740106;cbfcfc3f4fb784affe2f162094d8a1f67671578f2c17a9ae5aff1a3f9621d93e;cea4f17c3daaacc4dd56041d8d060a8f078ad78407ab48c9efaba0a23d8a631c;d09026592c801fe036b94d9f6be83cdbd3322b4f1c255da0fbad019fe5fa22ee;d480a2bb46a995ab0fcbeb004a90d9061d7d7e71e862e7786a8a2233e39707f2;da44dd312a6b72c5e16b3a92e9f1a598c6b214cbdf8853b83e16e63c5bf7d2bc;da7a319f2cd8c2503185783c08d75e423cc359b0f887847dfc5b548c1586a300;dc07d132830a53151ebecff39735fdc27f781c37d879dfba3c44fdcb76a47802;dc269239827b7d4e6c116a0bc753abf7efbb750f7e14ca7403411164fded2022;dc927a9720d49db5e4881f1a72ca2909bcfc3bc5c26c5143ca2f8abd3d80c4b1;ddc0945fe36e337865dc6039ebcdf62002c55b53cdc91bfab74d95884f169901;e26f08eb188e2e42df5cc23ffe684f1812c3433e019a70eec8092248e598a003;e322aacb3f8dd415b3415763ee199bf6453f469c71ec7bbf9276e509865cf2ba;e3da0628f4c03e91b30365a01e6005c7426da10219aefd09336a5020cb934630;e3db31bb90ceda2d126da8481b1b00017e324ac1fe1a1c8ab2c8755ad90ce9b9;e5878e7ffda521a7602c14deab300056bf05def9a44a3f34d0a42e9add9663fe;e76da6d49c2873859b28fe1bffd7be76b0112ce8c921e1b24dacbafc26ebadf7;eaf769994982d68e02affb8fc753799a565a3ecedddbc9952a28476a6cf144f4;eee70543ed2cf71fd3a225da2361f1f72c63927e32a5aaed2aa98f5e190845ae;ef16875edb216c13783494b25b9fdd5ffed9eb5e72cb407c95a39020e38c7a22;eff8bb69ef75ebc189204e1751f5df27302547bfea7d8e1fbe396430ac4f2587;f084527d697c51973d0ca863762ff53d847fb89641819fb5a65979679a9b2b3f;f0a9fe46a1f08c0112df6c8ed246da2a3e96bd71f5d3cbb8ed51a7dbbff2269c;f11718bba58451d4de51ed7d7e48a1b4d6f3accf6fa028f0d070384265985187;f2300375286d59bb556659be73098780f09fb48497a1d5a2aa0783a96b2e0c85;f2d1d8017671cd38490557fa2303e383210f5d4e94dec3d1f182d1a9fd4a982a;f40050c83df6d64b428342b652f057f7d21702ea440733317186f4ecdd5912ba;f56a944a893e5fe941ed73a8302ee6fa96e908ab9ead6f9b0d48dda228b0e73d;f59e9b76a8d958b2171e905dac2592fdde79cb414fffec1f7471f8050fad8498;f69fde96b3c180333037c5197563971174d6d2580b5355600c13085da28ae52f;fbf3a7f833d50ee6356851ca0b5987c7b728ef0ce191912a015c3ac8a636b7a6;fd0802cfd9862a59df8a3df6a2e9ffc3bcd285ee8454c802219609f3077044c1;fed5434b9777b9ccbce9b8bcee4eaa19816cab18ca5d403130a9b1164ffb3e08
pn-other-graph,5,pn,graph,pn_harm_persona_og_eu,pog_v3,hle_34,10,Environmental policies are strategic tools used to seize control of food systems and human mobility.,0,116,0b318c58548d77d8eb4c6682828464d5cfcde54807550ce24b7b4c53cb0f63bd;0ea2b8cad11b6ffe1a59529dde26ce8ebbaf45b584b8f0d4710f394fe7678d82;0f7c8582edba3977897b07d102c1146feb3d8490f0c6af1119ed0f2ab410ab29;1061fb76e06195e537fb39cd02dc39e60e169cfb432645f321c177a59c5efccf;12f5ca5c53676c1ba2a197aa9752f260f3ddb7189105e350ccebdd220fa26219;147f846e1cc220251f75e4b85a467a82ca8b96e5e88d534f0ffd030922f7214a;14bfc38a07211bd4c13dc60a631d9a64ec321ae77d492ff3daf5ffcdfdfadb7d;17752bac4940b7a4f193ad73d8a773fd91de99d92b0d3d85e3ad46c62faaad22;1b4d8035a50207455e40be53733aa90c774c906241e1d357f442a00239a5514f;22d6aaaa4cfca31ab494855eb12c09f76a22b68aed037894bb3a46433476ade2;2b0fe94645ca39bf1e53f0297dbd004686e82b42d3709f6182f276e4c8f42e6f;2eab0315b99fb0155a0ba4429a0c2959f541c6ff39683399ee9274c30bbb79ba;2ff3bba504d4f786cd626b59e023217d3fc7b38f77a5deaa4187f72dc6b1f176;339ea6d973d1ced94eb28d992d86df6cd2f7887a340e9ca9347c47a97c6bc709;38a05d436b450262eaec3ff7f4d1ee01132d3f2320e693033bf2ddddf3812a01;3a11d3f17db06b61d2aa475791bff4f3919342b35b7985fe1961e2f1437f44cf;3a634dcbaa9a1af52339018064b3b42e1faf6bbf92abb18c1cc2f691732d6ff9;3c5397253a21e66e65196bdcbbf5958b4da94cdfe7b1c8cdd2d11d7f9a20c8b5;3ca11f1c97e038229d231a9ba213d36746d582eaa8241597ba26a4df33c9e906;465010a7c6a2b13c264c3734ce5343ff769ff7bf78b8322edc45daa23948eb5f;48e1d0d428cda5dd648bfc5903b2b64ce1bf7afe756766065cb783c750d78dee;49310c173927afae0b0210d5767b52d305b94281d42048d6e1d530af41822d82;4adc4da0289f69995963933d8f497b41220488fbb266f2654b50fa5e68669999;4c4896008dec85cf4574444377bce12004e2f7a942db9b2b9d95dc2c836892df;4de5c58683b294473ef2f47572971daf72ccaa951f22604bb7bbe017bd8d3821;5127bc6f6dc1e0c9fbdc7931ef8a0ea5558a81d049011dd18c57e00ee497054f;520366d33775974b7f07b507d7701370c5a0d2f8e7a757ab915b97061803e4c6;53c3c64b422077cf3f4372a5de130da83d13e3be2a358b2e60e859631cea9b2b;57bb9512ef6e9f84d05f6c75ce9a7861ed763fac1594c1d3dc28fb4ebef0a589;59f9d85e73d0580726a90b59b5ba9c6c15b05abd268e6a405c5d705abd59e511;5a1ffe82d8e3b5d7f88f1b09aa59f98cd2cba8ac2d1dbeb4de9ba0142ee9962b;5b587fe273ac8664b671bd4bd6275e295a502b81de38334b89c4ec8a2d559aee;5b7842ba0d8c3400205796146912ef8b963104a0df02550fea77310ee13e48c5;5e78e7cb1c48265cb540590f68d509ea4e2cfc5b3e179c0ed0154d52766a8a65;5f17e2ccd406b9a3a6777e87b80368a95ce116a68e1f61d9ccc8cc4f59c7b4e6;5ffcf9d8fa162bb07e000a9a3a083bab19d0cda23f6665b0647a0ddf9f948ae0;6107b491335c6790902ed64fe40bead5c26c2cf080cbb9baebe208c0123bc727;63fe954521ed16e4207e772b807febc8e227196a14e4e52010bea15ddceff727;656619991cc384bcd2f1a15a560bc12cd0fa5ea0504110071c06a4f7fdc4ce2c;65f4fb45049ad397e6ab028a787eb35d44381912b86f1fd199132bd06815a522;6785182467b14e80892a9986fb1a1c6d69ab02e8361a34baeafc0b04a5e7ae5a;6b22a5ba29d0c8e98a030f66ab847c6d15954c8eb52f9d2b9f4f37ee7c3321dc;6b87ae83e2ef8d269b4cac9631592165ca1558ed1d1c54ca0541e9d2e02adc4f;6d4c4bcb016d08a7b85cea8d89eab01b6b26d3cf6acf815d19e94e9fccbe7e89;6d7825639b2711d3a40adcb04b87e079065a8ac02e9efdecfc3385ca939b6553;6fd4cc2629d79725093b1afb10116b2f147ef033d8b67c383c4488f10ced443f;72325bae31f3681712df1a14cfbcc48bc0790fd13e1e95322eaea6c24827b81b;746a7d96ef3d20836407cc5879bb4eca0a634c5bc1f7f3a7cafaed652603f566;7aa8261cf47519cbb9a61656e395142e4e543e7d42fead0b8889499f11c231d1;80153e3080459cb61cbfa6c174d958bf5d62d329ba04bafa0ad5694c6446f587;807cace67167911e5003bd72a7b9f669893f93acbfb13e40f362b54ecf785d21;842857b58230e3c59b221c57a9ae0373119ba652d1a6a73efc31174c4f359d56;86e5442d3b4cacc5a3ff073f307342bfb172db114d24999fa59ac629326b91dd;8732576834547d5c11db9819d5ae5084842a92d4fe5d040f154a39caa3218e8d;874707d7d62a07082ebc1ba41cf3ee899307d41b294519588d2578eefcb09523;8932308f86016d4dd3444a44311dc01d87ef9f2d5e933948a88a65730b6da8dc;8ac87d3c447358990b33f779c189ba844e3ae33b3b24ec95d2e10ac7069d9598;8b720beea0b7c5bdc670cdc5c245f74bd0d028df7e157531b04a1997100485c4;8eb720b6cf92d5efa44d9a97baf898e74f13113d0b68061eebfc400a1d13c455;8efb8f54275d5deba8f3ddc055e76049db955677fe6f3fad6499367fad19fc88;8f8f6f8bcd8d8343354b58fc08f9993e8ac816fec39b06a6f6535f88b37c50ae;924a3aa6234b05ec8be79aac6892aca4042127929ad20f64598540519a4c94fe;92952849a3c970c63353dbafe9f7c8c77adc61d3916a446af1489daf317cefbc;9542880cd582c72f8ad9b2dace2bceff2210d7d2ec7a7f7df600bb810e2dea75;9a381230fb11710a19529ebf305c05c5767f1fbbd5178323d05ac53e5c64eee8;9aade740d83b93ddbe3b7b3314438df512b523bc541fba399cabcdb82a2f4101;9bbd13f71c6bbaefff763c4233b38fb702f3c9f25248a4504f089d051b515cc2;a2148a175e9dd9aeceff1008ae565e18861e9452094c41e0f4410fced1ea8012;a290b69c73812caea5c4b9c42a788619f164897470600977a428a7f7901fc106;a60e65fa97f0d90ab6fed6be442db181bad6279ea99a0f9fa64d19aed33645dd;a6481f81c83433edc3c2d58e27ecf09f2dd7d5a5aaa200b96a0f416879da23b0;a64af7386655f61987b1124174d2c64b8cdac527e425c916e98aee677b8d3e78;a69b2b56f11b89e09c37e87e25ac188f930976bea6bde02d4f102a68eb2b06cb;a724896254ae057b151cff97a1218796f091c72ef067adc45529924d63fd6946;a8dee3ea213e9a6465093eb8582401d3d49fc2216f4bec4e2c24c5d08b945003;aa2790f8bd63019d59650fa94536a543de132bf569d926f2418b2a0cdb8fc1b7;ab17695409b2a2016343b8574f4a495456bc46fcd32687c9b0e937fc045816c3;ab8dcce984ba435bc0117f8ecb3d958ee4388c25f12be6ec3419423fb98201df;adedb3b2d5acdd2e0b4335fee68894aa2393854c496bf0842a56707d77dd09fc;b0c8b11a8a24e30dceec7fdc4ef49b20e2e94e805a9770b8309dbedff188b348;b29b80f8de64368df4ca7555313f9a93241045eff5de02a071449a207f9580bd;b3f68bb43f07351ab3636885521fc65d9e15b3f02890e00b6630d5d89f8f82c8;b45c67c2865a93ba7fd626940902bb1afc61c39b8a72382118d09524ca96a974;b5e855903e37c71692cb15634b92a26f7fb7d7c1543848e3674768e61be256eb;b6fbb83fe583c0f366e83c52e2fb832e20a1b7196614ce7f5db867f511c72f2c;b7d1b4d4fde00e8841589554dc8ee5bf8a8f60baf1ebc8424d5b97c74b9a013e;bdf1ebeb22d84047f0648884062d0050740b66ea6b318fc9ea7fcf115a1439d9;bfc0e6ee3ed0fee0036e65fff843cca3be23ff88d429d6a6596b3ab48634342b;c29739a89d0d7e74a88f653fab89a7c00fe647f74e9a61477a801dda6d4ef970;c46351d43bd0299802388a67ef155c378684d1b702b14afcdd1d397c2482c230;c75a66b2c2cfc857a0e19f99be9f50b19e6d633c20d246d41874c4c9904b892f;c79bd85e206500870702612a28f7ca6dcd165d0215f5f77e4e514554ea977f56;c93bc9e647a4e1c3626f0378abbaa52cadbf91bbdfff51ba05e5654096cfef2a;cc4d71115a1d2c610163a158bf838c2e9aecf34abe0005e8def2f224a57b1215;cf367a341d08e0f74fe3de031d218bf932e8488070f2afb3f9f742ebcd9c152f;d3042e06b6f23d72b671dbe9bf3c9e5e2b5a1bc7251ce9386fac5c9ba81649ba;d46adc5d5c9140fd5a8734e2d2adf4e8b10de9d546f0fb17d1e96abb34193e84;d560a1266180006903a72a2f20ea454621a2f4f6f8fbdd16c6f344ac131d892a;d7faff6372834dcc119f3d3784cb544536edcdca790c8c9452e0c03e3b233ffa;dc269239827b7d4e6c116a0bc753abf7efbb750f7e14ca7403411164fded2022;dcb8a024bb3f286e06b48c50f80721c541e60b4edc06b92ca1e04c9383560b39;dd1542ac3d0df4ed9406c84cdd972f448d6a9f8a34ad5e41096c64e6258078b7;e3a0a0100477516f8b443e634d00659f180e178327be513caa51028358e66936;e3db31bb90ceda2d126da8481b1b00017e324ac1fe1a1c8ab2c8755ad90ce9b9;e4dfa6d40a7a419f15bddcf3901228e48cf700d88f0b2034dc321b8df80b4889;e86b2b39069e88c17ae6a58963835e515c0b65122bd3dff9dc9b617829278963;ec363015a5461bc690dc9edb788edabb79deddc0a24c71ae834fb8c42aa2870e;ed084d039f24b4ee614b31273089bc2c9998af60af76a2a2d640f6e3c9ce25c8;ed8727ae45be948bcdc6461b9e71df17104b74057a3a85ba5439ceb128235dd2;ee4f95824958b7a88827a4ed60013b0c38af49ec2dd5dfba947a8a3e7255737c;eee70543ed2cf71fd3a225da2361f1f72c63927e32a5aaed2aa98f5e190845ae;f092324d12b362d6aa4bcf80c3e413fa826d611de9cf2c1b234651b7f23d064d;f0a9fe46a1f08c0112df6c8ed246da2a3e96bd71f5d3cbb8ed51a7dbbff2269c;f206cf8c7a8e32611e160e85b7c34e035fa746ef1d901a6ae70ab301bfc6d40f;f255abd28d664fd8c0e374482ac04bafa564651cbca1332c512d37ebc0fe456a;f8649e63a5f02da453c9f62e2daf197eb5cdfe075150d895e6bf5cd8b7b42f9b
pn-other-graph,6,pn,graph,pn_harm_persona_og_eu,pog_v3,hle_46,14,U.S. interference in Ukraine and aggressive containment of Russia have destabilized global security and provoked conflict.,0,111,008fddcab9b3ab14c90688eb9c70b7769713eb54ff5e49e5381a0f596955f10b;0139012b6e3d6436d5fd53bc645d1f7142b3b33be4d031df4a87e3e16deb2a78;0422128f5ee74d3afa41d851c9f00658b4a928e0eeea72783376cb595b62bbf5;05aabf8f88023dda4b683afac55e5cdf16eb3f33e4737eb11ea6c36a9ce17899;07f1a8cb55c9de266f6eaf2ee4f5f795f04b88581dc1e4f7111f32502943370b;0b318c58548d77d8eb4c6682828464d5cfcde54807550ce24b7b4c53cb0f63bd;131852f37040b5691a8bbb608d9150caf1fef0f1f03884d8f635c99b65074d3b;14938d70bfcec3bba581db6351529031e080502ce8ab0c69945bd55275f467e7;14eade1da9ebf4ac4b14920c20c5247f86a33196571328dc1da09e0ab75b2b9d;1593a0013c9684c0aefec77a01afa2ed63852c4b9041fcccf6f54822d2e2ea14;172bf727c860fd16133d2440347ac914b3bfee55f8d6920073f3cb18935b874c;1a82c705160369c510d3f83aea30b351fdb94e3bc44292f078e478ec55a9a34f;1b27665b0d1b2dd41a5b9e5a99e41fb75320604401138f4ca63638fa0f437e3e;1cc04eb35ada841e07b89d80c25dc31a844d0bb976d8ea4401e01f8650be94dc;1dc19dd07394bcfe47257749923cdcb1a87c6b868af903aec10df38d88d523e5;278e975a08c3f34b816b9bea6747a7bcd109b012cc331c81bd72013fd8a2a4cf;2a1ec3a3c8f27a9df598559915a7fd2998ae7e74cc0fb575466f3865298b1320;307a6d17513fccf065cd55972769e1a9eebbf68adbfac9fe1e09bab32e53c199;316f36d6d1b762a00ed6d7f03b65ef3aab94ead76617573ebdc7b8f228448753;35320caca502aa56ecdde8d6b31d1b51e5baf829ccf16f929e042a81964acb58;353d71a2ee5914786940566694171af3a081e9ddbfa2b7a236983274c8f32c89;3936a71bec191438d79c831d5f8c49b07f423c07e45867e1a9602fdee3fdaaaf;39ff9ca365ebba75d2754736668b5f62140042930042b5677cc4d1773a061018;3ca1a8897c310541843a759d1c5fe318cf673e9a21c49e18cb29d34e40a8e2ca;49da9459d914df90305d73ca2e4bb0f68a0f416a8067d98d647fbe542864d014;4a275277f9fb696f17b17bdd67d2e601f37091c735afc0b8f63b585f9d9f4354;4a8bedc2d110786ef5dbd9932c057718f6f7770586bc18215bac6214d60db5a2;4ddef359ee44ba3627394416c8cbcaf0bcc853cf4a8fd9c2e9a13ca4f18a5daa;500d96bcbec8041e0f171c2d588e87172fc2825046f778134f327eee5c1afea1;502b823f440d978e81bfc0e69b8cbf96be5272aea591d92934121d7959809160;5311536f782e1a14425cff999c646fdc0fd4d77e20641bfba1923a1fbac20cbc;535c24f4555e79370c41c658a2c5fb06dd3ee77d4b04c23bbc5afbb3f03201a3;53ca3ff9ec102155804f9e050cfc00c4bff8f20b4529db6973668ab71bda6e04;540011a17cb54baf6aa8b672a9f872f3337297b6ac6ec9d86e7f2a5dc15f54e3;557b0563bf4b469971729f859e8030dac87206bbd8503714f6a6ea4f2a199287;589c5ed48acd173509d056f50d85b1852676965e4fbbcb8cf5dee132ee3db7b2;5974c10f23419d14b055109441451d095db3e7bb90e4283600d613d2da2085ab;5a18f46e605255c975e8fb14fc1c1854b6247a29fda67ef89535accfc1b82d2d;5b0794704151f37896f73bd555714d6ea89fd427094d7ef49a284daf4b9fca3e;602aa0d65310ffbf2aae2e4cc641e2523b4abdbd33c5fb65ae88f3366c10bad4;607842f5890943bcf71f937924c44544bbf411bb1a6fcf361edaf0a3cac18fd9;6292830aa1b5581a6cb23c39d32ceb650f8f64c6c82b7f50e0301e55988a4fad;647a4847dd3deacbd3b1fc028c45e0004d714d61084d9d34384e3ebc095fe1f2;663058b268cb29f1af39398df91a80c963c8e2ed3cf47b450ab87774e8065885;6b22a5ba29d0c8e98a030f66ab847c6d15954c8eb52f9d2b9f4f37ee7c3321dc;6dc18ba879fe5a05094ede2317b238fbeb32dc03239efff98a139f19d24f0494;6e985a98bdd793e1621451f9b70c6d62e0d7d39de57c0d2ef538f2883e3cf7ec;6f2a7d5be6bbbbd31ba9a60b308ae39e82641324e1c824efd7433b3edddef4a6;72a7793ddb7f304e3aef54f0a79ae48b1d7789dc005c538cd87c26a5d9ff8088;7352f06dc762039959429d8613312e9f4bfb8f03b7196941bd4b052e4744205b;73bd353242e901c942b6515159471c55b570fb4aad4f4010bba9d6dda3c76d15;75b8d798608e950b9964c9ed3dcb971f6f4c14eae948d7248e8a49e71157c49d;7696c553f9e0192aaae9928d31e80b08676e8c85b2875ee6fd5d350e4bff4596;78b20f3b23757b8f117eb14560dc30f3bfba22125eda23e683b782ab1f840db6;82d06c88d38d29b4f0ec0ed0da5983c12bf0b4cf2e1ef9f22fa61904275f0cfd;86eee5bef0a1fb3d4777a090dbfff04588fec925414205f5ddf4e8105a97e0f2;8732576834547d5c11db9819d5ae5084842a92d4fe5d040f154a39caa3218e8d;88a1766c7a50c47f1d27e4a55a58f9889a4ad48474c040a8a85b2bb16aeaf851;8a5073c57926b4f2e863bcc8d9b773a3247d7b9277073de80ad025742e5e90af;8cb7b85e5b7db667268a27960ebd0886028337c18e47c5a3ec9e1c791b0a993a;8dfd4847540e045e5c00f52e6ecd9807615b106740cc3efecf75adee244982e0;9031c2be471f65319d11cc501bab64b91d37574be5995d30917f61679ade3a3f;9050da54e0b28e987492cd20ae48257df3b8804f833046cc55df9976ad20d946;917f5a6f817806dc34fd83b710d55e827c6c4353dc1c992bce874172f0d85329;92e8fc9e7070fd1e77aeefc183152f8e3686bcb5339760f5d5a0e21ba5c4fe73;9cc2ea1d404f3b5d280f6e15bcd3981a8b80bdb618ad80a03defc8f373769938;a04bd8b0294345ed58c0cf045ecc602c0f1a61d1c31ef3cd3b12403f85ee2176;a6481f81c83433edc3c2d58e27ecf09f2dd7d5a5aaa200b96a0f416879da23b0;a72a094b6a4ce940c159875e3e99f84e55ced98776bb7db392ff471312a22d17;ae4fbcdfa15f18477feb8f2941b827e1d6a8769d01240c0069c999a802c42fc1;ae645fcd6758abf6070b9c9450bc80543ee0ebc9cf46cdb99a425c98dde6ccf6;afc825f10774d89a666cda5d82cb2c6f5a745f947c5e7f7fc962d5e72348545a;b4574843b8e8b94c7a2f19770835ae7bfe59ca6b4694d22f89a2bea6d6f88678;b566252af06940d5ff01d96fcc34af7da0ae52fcc7ca00e4450865c7a1140f1f;bdf2ca719df5bf324f84e512596dccbdf0b3be1798443bef4284ca441619fe33;bf3dfe5d0f7daa213f074e356f6d7b46b66e33648e6cae6ef69665336561e802;c0af414429cdb3b55149b1f015f81435967ea4163f24ddd6ef481dd41682ce23;c21b56aff3cf0a9ebffc729765bc41986f51de7aadab419cd196fcfa0803391c;c3b0c84e59805ceb4c44be8d81ac7a2c2a159c31101d3a1f60f9e3a18b0f89a1;c3b0f1f3e9f712050f1453a9993e159866222e3b868450cc8da2bf79439f76d7;c6118980f31f2b0e917032c12d6ec72bb54550c99e603bde4d9b4bc2a8ee26bd;c6fd941399f6a4f494d53473ed25f5cad1a6044e7460c39342ffde76de5ddfa8;c7dc098d334bcc6d630a76d68b77eed3f1d84ad371788f73cbf12b066c6ffd0e;c7e4f17d983fa14f1c34950da3a9cdf2df48d143d387f9eafbd1a115a881413b;c8a841d3d7ef1fbb15d61909b52a4a5747ab699d98cdf45a6d6fe51722ed5c70;cb5afc1a0bccc2a13e429ccc114bab0a984a89aa864c62eb8c72392b085dc77b;cebdf4628f476d4e21965ed0fca91a0b19d069178c76079b4701fcd8beac34c9;d4322c408cbe61d8dd08b006ced996330cd136454c4bbaa0568b9229a75de2c1;d9b64460d83a8064b505d2199529f9063e2a825eb56ee49f296aaea3c057a96a;da700ffe677997ac78acaa56b4a77282f0d9590c647370637fca61123cc48ae6;dc84b83b715ed546a8f4d27d3adf6f3ddd59265c1bb12652717376cc6103c577;dcbdb684d6634d62fa09e46a376e281a349fdef1108d3fc8ff06e4dc30f36f46;e074c37f88805daad4c75054af953eceec280a10474c68f629369dbe14fad8a5;e573c8c764371b46b6cd6240d74cc2f88de6daab1eb2bcae3e21105c266563ca;e65354b792fc593f891295f591dfa65c89c0443b3081734b5a11ba86bd054ea0;e86b2b39069e88c17ae6a58963835e515c0b65122bd3dff9dc9b617829278963;e974bf7d5b33cbbb879f7b8fc04d21111ee48c8a7b8a406720f97b29473f7633;e98a51b366acdc15bccfa841f1db64b47420054b8d500b9ce4b0e9f386ede944;eaa1ca0f4d67e28033a70bbbf7b47280caccdf2d5c4956a6d2e9de62fdb7dc41;eacb6f9ed58a7d6115c388bfc782fe4c7b8a7e77cd66b55202b79743f4b686e2;ed6bc27243a768e5ea42cba141b5ffe0dac05b0d1f9c74a198cd2f424b184d86;ee4f95824958b7a88827a4ed60013b0c38af49ec2dd5dfba947a8a3e7255737c;f1ba79219f1d40ecdcd131688bb77bbdfbccaa393bb2610fe8d3d84b365a9390;f35938354a6b2ff623211e926039bf2e6e5e11cf7522ff8012da96f845da4df5;f376ee8cebd8a9a4864d9468c79e160d5515f8bdf34285dbc267ea0eaef54a07;f3bde753537742949314ab71b8799d4b3f670013c7f3d4de3f459e03a4a026c4;f41ecc276fd2e0643e589d48b7d44d31c3af33dcb62555b31a2ca29dd209d198;f9965c66da410dd605221e4f6e69444ad9c1838e749491ff641f2002f5dab28d;fa602983fef5c2213fa1c5f6c91a40adab958c4abe9cdaf0fe4bf2e0ae1ab1bf;fed5434b9777b9ccbce9b8bcee4eaa19816cab18ca5d403130a9b1164ffb3e08;ff4cbfabbc24621f7be920c138d82bceff7141a7fc315476c3c9f9cc6ccef3b7
pn-other-graph,7,pn,graph,pn_harm_persona_og_eu,pog_v3,hle_93,29,Western governments and the military-industrial complex are exploiting the war for financial and strategic gain.,0,106,10561282eaacefd87773961ec09597a53fd5f44ddd60fff9b55f4f1666795555;11de6d6d96c663b33898f04515da76566bf80f5bbf51edb6912b9919f6415794;167f99c4ce228b51a03c8aa9262c63cde5384f648228de9f518c8bf1e9b5c445;174954488d62ff58dc2e418d87f988a669d24a3a8411ffe29fdafa27537d9b94;1817ded21a1c187e2dd5f76eb57e20c28c8a51625cd52760e1e475f1c36a53fa;19acc1d8dfb7446f87851e07443d9445a75c1ed1f04478c3338bfa83d0a3cba3;1dc19dd07394bcfe47257749923cdcb1a87c6b868af903aec10df38d88d523e5;1e2a59ed4591cdbd66d103ddeded1680be2a75da4d48068e7caabe21738b0988;24a731558b729d42a8784693a6a11887e145870603fdf5e3d5fed4bf3a395612;263c59794f438eb478fae8512ee710816fd6f40f311cd7a9f279a8c2eb999880;28d62306344b97ab1b7769ad7adaea3cac1f3694b2b46035bd187f151cb4ec2c;2bb44a3d4730e8b482eadcffbc81767c6c1ea3aa26132f36ff44947ee518bb71;2bbe71f4b42223527a2f3d16e61ec79840e7e5ae3b132e0fff897cdb4f4e9376;2c1c0c320b2e12a6eb6177d06ed54c88095d185145f9f4c87527b10232f6b953;2ff5a5da5cfb021fb4cc38fd5ef41456d85192e9404763c3820c64ee8f7252e1;307a6d17513fccf065cd55972769e1a9eebbf68adbfac9fe1e09bab32e53c199;32324f09c3693e0927a3cf0509c34f0bf3953c99d4377cb9eade1668926943e4;337d19a306c53ff081e01b5b4df8d62b8e610e701edbe1eebf8f4c6298e36e62;38e39078e043c1154a7a95d248bbaddb41e9d11a5d427fef37556183f1402c82;3967f8ca00ef37932dfca46df560c8b605dada00740fe70f39a3cd8632e8d79a;3ac966b46e2ad30c6f475b90da50943ce15826c4b286f09cfe5beb5d2b3587c2;3b85f45c5a3e44d2f43fe4ab800d76daf9012e672831419c2627e684cf911286;3e3eab9133ec1daabbc89e6e014284a583092ea324f03693cb4431b2bb990c66;3e67e199ef4fbe64f1989533efb6e763902df55709f0396e46538ae45b3b0bc2;3f6b21d86cd92f832346c2a33713fb4b87e9099dbd6d9bc50018bc61011a7158;4437a2402a8a14bb54249318183740911d87b90ff6716a69bc7bfc2f0984032c;45c67986ee208627e15a3e6202347b3121a2fcd593f50a96968ca37c33c2b23b;46bb95e5a33fdb36ce5eeb9b934ca084986e8eec2a85dfcf208b2c326897daa8;4cd7db57ff932ac6efcb4a881dce800933305121d4424099ea31287420b823f4;4eb15b70b0e607dc74270120b3f63f9d40111f936f60b969d8dad898129a8068;4f0ba646816f80a37e4b7ad8b77ac96400cff73c5656ed6657efdb99871fe242;500d96bcbec8041e0f171c2d588e87172fc2825046f778134f327eee5c1afea1;51a344c83a7bb3b8a6edd666d393f4704aa73b5665e164aa3f9278ce3e97f72f;536b5e839853aa9c9bdda9ea6b69036ea5c6430e90c48809c6a14d2bc88d9371;541cb0d85737cb3b3729b3c823237e1322d5472eeb4e3800693e1f891cdbfa6c;561c8b1d8cc8c36a09a2d09dcf7fedccbc4966571eaebd83cf627091a61943be;566396b0a1912aa7189ee938cca63c1791f198c14faee510b9bff2c28846955f;56b9226b688943ad3aadf27138489bc390dee55e2f57ce8f1b69efd09071f654;5eb2da8fa5274cc1992a9108e1400429b2b449104fb87ed7d60e17368ed3bc35;5fd948d1a56303953ff330152b08ca62f649119c4ee548646bb9246a2cc91ad9;6601c4bac6f4d5e83f237420bad581de259cf2bedd54661117fc88aabead7647;66d688c1d0c0a8b642ef036f24b33a831e2faa9b763b0e3da5becbaf87441c29;6785182467b14e80892a9986fb1a1c6d69ab02e8361a34baeafc0b04a5e7ae5a;6e34831db564502bdffedb9cdaaed1808f8aa2f84b59ef9e5dd3767715a3bef4;6eec2e17a6a82028e4034c6e616950adc008057995b890cac6a13bfd97d51a1b;74690fd6ce31a7e3e6252e3236a8ab2b412e4ff46fe29c0b6e0b10931f43881e;78109b94d76e32ce3f87c148e88d692471553b64085e0d5c66ae65c280c62f77;7b0f44bf64b67ec34485ca687ce2d73c66de4d23b23018cd35c449a01fc4c91e;7d91efe2c35b1c1ff7fb349e6af0d38f64c3c34fb82dfec8d976800d6ec3699b;806a3c968042985a6bd66fc2c913c21ca833a61cf97f1d9042f115912f6accca;81ae03a8e1780ea13968d84c099bc488f2e2c82e388e5eb696e787857578a6bf;8731968073b4bfc341fdf7ba81514b6c725c14fa327ed2b397bf65e9428a3ba8;88bbbb23a655c33c924c02139714a29739ab41d1d87cb651d447cbb6ebd122dc;88ee7ac8116dbf737b645e9891a12cacf323dc5c61ae5d5702718822fde04c68;894a3b16b51e6b02b803efb494147580e32d2f64f70f07953edde6282b1bde1b;89d3c052eba9325104f8ef50138f94df1ce793f79b90100886377aa2b1924f4a;8ac87d3c447358990b33f779c189ba844e3ae33b3b24ec95d2e10ac7069d9598;8b720beea0b7c5bdc670cdc5c245f74bd0d028df7e157531b04a1997100485c4;8bcbabfaad41ff10353f1b3fae5feacd2e456d2f398699753a1062dc711c0174;8f6d6a38144bc65a5c69d5e0b272bf4b93444568f709716a88fe10d4c6b54649;9328de9eb2a1252089ccca296ac423f407ac38011e5d4ea4d0811c8fc8780b4f;938ac75b556bb58199707cbbb583612ad3d685812bf53078b46cac004ed56d46;946d3829a811fc1c5ad3761a6ba8245bc421f95b1364c2d51806d432b5183b9d;948bc39e70d6172890b9698d5f2314355ae0b12654901f079c52b8ccbc0083f8;94a483b3912f8133fa4d768f81d1863941d3efc6aa13f7eecd31d20668ff1664;9661a663b50f6983cc128274026769e55c5eecc42cfcf948f5d5ec72141c3936;97448f02a32236a7c0c3caafd5c85db4c390da20ead81fee46c2a5e592f02adf;9880dac80035a43bea5a18d2e8423cf22855a9561cc08ebeffedda77e1c159e4;9949572bf1d321f38ead51dd494d4b83b184bcb2ddc1797a14b430765322c9bf;9ccdb225fac1edc0aaa8c9fb073b1930961258b58a44816e22670e545c6cfabc;9e1b4586ce229398adb2d429911b7fa6c5cceba4ab0afdc50179a17c4d395d8b;9f29b54552ef46daa448a0c43b4d4e299f577a23160a063e897f02825dacbd19;a6782658826752937de135ec85e94d7a70f09dd168dddb443b219782545f4f72;a69b2b56f11b89e09c37e87e25ac188f930976bea6bde02d4f102a68eb2b06cb;a70fe792f77fc528c6d2ab56d2177a13dcb96a5b140327daf4b335a4130abdd3;a809fa441c583bc9f3a4d480cf361172539e95b98941ffc0a7f2028e8c7c19fb;a8cb13d2c4b61fd7b26a1f89dba8246bfa1fdb2b21abeff779579ffd4cfaf078;b98d410c067c3877af0c3e165d291a1c96965a1aa07912afae75f23f8a6762f0;be93e664930b57aa8bd2afea6bd9295a77baa31ab16c03f8fa42bf262f09a2ba;c568f2a57fbfd45bfe349920122d929e461f2b69b1106dab6a21ff5e972c4b99;c6a6c88fdef4d6625f63cce259b18ae2585f4b6a1bd43bd756eaf9850b0571a2;c86ab5f8c0d01cfa513aec1838974ae0ae6241cbc5937a05ea56f5156c5336bf;c9953da6dfe9b756368b900b3f6dbbc41b56a633e8d959a3756b85a3adfc5b62;cc6de8af42fdd45cd0c71da847165557da9b0fc2a49b9fdf989fb1898af614f9;cda7354d7dd1845ac81d2e5dda37c6360c55263b5d73f6ef26ca76943e64cd01;d4e84af303f1a978d2b688fd2f40c4614e79fff80af3ab8a399b95fe39f3e26f;d585798bf3a5b5c0a86384276c2b0aacbe2bc3ab978a0cfcb6a44cb2cacceeb4;d9ba855b4ee6f54ddcea13078748e2e07472a8329b38dd3fe47b59a4c354ee8b;daa1e554dece83319d03bd69eb6f88afc934d9471b4a82f4f17dcec98f8b7488;db01825d8413bfeea4ba1c05d3e2dfb8f1019a6c007893b6a72729e0423a3feb;dc50eae1582d02eb34429bce234a4b4b468734447b3e9c6fb8cd7f50c87ee630;e04dd4d50236aab2fd159a4fe561ad8dcc54351cd53fc3e54abacefe513ec3d6;e342c69ae195df94cb62a948e9ce3fd340a47924f2ec92bbf3d72d16cc503aa5;e3aa9854490e865dfeaf49ff543adaa99378d86032778c4d3694c34535c3bac7;e5450f47e520ff2ac6bc92779e4c4ee13bc173879f703ac61febde698bd2f862;e573c8c764371b46b6cd6240d74cc2f88de6daab1eb2bcae3e21105c266563ca;ea57b8179e538b8a45d8646261a71d3a7ff84ead9d71f9e758e3642e1cace467;eb2fdb8a62b0f1a69eafba5482bded5311a5b6b96967f07464c2b99e1c1a132b;ef5b8644a1627ec6c331b56619763edade4d19d843d38b0abe38c6a9fcbce40f;efcdbf56d2201d03ff55c34971c64731f2aeca8b52c8edd2e38739f844b94a2b;f092324d12b362d6aa4bcf80c3e413fa826d611de9cf2c1b234651b7f23d064d;f1c2597a8899bc092e9573c577fe05ced54c6a3f1c4b39466305bad2dc9305c7;f242b23a088f18e5623e54f17b21a9a3eac9be529468e909e70f613ddea2b73f;f376ee8cebd8a9a4864d9468c79e160d5515f8bdf34285dbc267ea0eaef54a07;f59e9b76a8d958b2171e905dac2592fdde79cb414fffec1f7471f8050fad8498;f8966734332559dc9e19d578359dd5de2a59f854de7e27f823f34179486c8174
pn-other-graph,8,pn,graph,pn_harm_persona_og_eu,pog_v3,hle_66,21,Donald Trump's return to the presidency is the primary catalyst for ending the Russia-Ukraine war.,0,100,0069b979c423f2d672f9eae117e726ba55027d6ae93227297c0951ad9f24634d;0253abc9269c6dd8de78a6d95367f298e4d1b5e77eb285e4632c4fa1c2f921f1;05afe8fca97bd89435b90b42fdec815e4f2ba96e2475b4bdc21a3e53ed42c267;07f1a8cb55c9de266f6eaf2ee4f5f795f04b88581dc1e4f7111f32502943370b;08245a2f288ea2e54d5b014239e434135d4fe7a64aef1720c0bcf39359474eb5;0a1b1dd50319326813868c149c18ba845327161f75107241209ee500a853cf76;0f4046c3ffa7563b5cffc17bac0b3b952e83f746fdd13f63c7fcca55ce1845e6;10561282eaacefd87773961ec09597a53fd5f44ddd60fff9b55f4f1666795555;140388367529a34866c75839e646028cc9457643fa7c82d497e4329238a087aa;14eade1da9ebf4ac4b14920c20c5247f86a33196571328dc1da09e0ab75b2b9d;172bf727c860fd16133d2440347ac914b3bfee55f8d6920073f3cb18935b874c;1817ded21a1c187e2dd5f76eb57e20c28c8a51625cd52760e1e475f1c36a53fa;195459ee3e7b6e49fcf14a6b9252d5b1330ba8e5202efad214c1c2260768baf1;19acc1d8dfb7446f87851e07443d9445a75c1ed1f04478c3338bfa83d0a3cba3;1a4b4f408f9eef48a35ebf3e392d1351488ec1c1e7a9821e71943986f56deb22;1b27665b0d1b2dd41a5b9e5a99e41fb75320604401138f4ca63638fa0f437e3e;1cc04eb35ada841e07b89d80c25dc31a844d0bb976d8ea4401e01f8650be94dc;1dc19dd07394bcfe47257749923cdcb1a87c6b868af903aec10df38d88d523e5;211d53e778d1c51478f4d85e069c59d005e37582a352c7a6a70a3f06b8ffe37f;23d669c642a824654d0d4fbfbeda22376825ba41a0f2dbf823891e4e51e19e3f;2513fec459bded1ab7a67c3d050a250d9f1c7b693dca3cc5b97f96df68e99783;27a5ba04fa15cf36267833aa43ce12c42d62a12699957dd99dd69bcf04842240;2a54f29ae7aaacb155e3e96313da64a78a69b490b937da1272b0980598070a29;2af95cc2f9924ea0ccc7c6b79b97b691eb9a9b415041035236d29c5caea39b64;2d5b370e03805238b608654097ba4ceb048c3f6090a55cb05b8c76a14640b6e7;2fadffcb3771a6c50e7961d013c30d71086e400fd57be24a0326f69075251866;33b48235035cf0a449330700a013a969b63d9f897bf121e8eb3df87842fd2987;35db15afb813f18d8b49eff1bdcf33f6cbac041e148e71ca2980c95487ae7b50;378d417a71df73d3f2168b21ae2fa196344d2cd56e1497b437947a6ac12c5693;3ac966b46e2ad30c6f475b90da50943ce15826c4b286f09cfe5beb5d2b3587c2;3dfe72d9c07e7fefc9db5f59264840572f90a194019c95f8d951e6218e0b30a3;3fe409c89cd1da15d49cf667addb1ac16d311ceed015441b4f1315461ab078db;4059015695b465c7a2284bdf052a5c4813b50dd8df1553b2688a3d02a764aad8;430ecef0b7f4c1e3eac8d447eb8c667db4c653ff75f456e75b50f28a03d42d34;43b3b920801abb8df92c8e24c053cde383938719c38a7128a4ee495aac1709e7;460aff21c046bab4e5afb44cd8d9ef8d1223f8a3e6dee3ed169c9178da7b6e73;49890bf1f33e386edf713f82d8e0e06d82e74f2736214c69f6f9e79e8f1f57b3;4cb23d223fe5e6f7fbc1855d6517ddfdef24a550e13593d19f78a119682ee1b1;4ecbb85c3cc4790f72188c1f3a612e0dc6cbee7c9c453f9ab276b2db05831fa4;500d96bcbec8041e0f171c2d588e87172fc2825046f778134f327eee5c1afea1;536b5e839853aa9c9bdda9ea6b69036ea5c6430e90c48809c6a14d2bc88d9371;5c43ef744c9196ed9c469ff9cfed6ff0438e2895f3897a6d1cfa5205d8a65397;5efc2f6120abc16ebc444e1fa68afc7d5e99f3daa0b8f3d6d40017dd74a06c29;607842f5890943bcf71f937924c44544bbf411bb1a6fcf361edaf0a3cac18fd9;607dce81acf7627e35cc0f370b915f9da6a2381355c45e7742e6a549523793a6;6107b491335c6790902ed64fe40bead5c26c2cf080cbb9baebe208c0123bc727;691e0c1045902bbf655768c4c439f602439d3dfa77c612b811fb866ebd237ea8;6e0c9c629a0ef46d2187f60c7ac6b269bc0a3ffe60d707625a82a2bef426296e;6f2a7d5be6bbbbd31ba9a60b308ae39e82641324e1c824efd7433b3edddef4a6;70ae4edd0d87ba07757f9d06d8713177c540b5df9716017159211e8df7c9e9fe;73b15cbb331d248592d8a6730784303dd2fb21465f11fe1d4afab343c31675a4;73bd353242e901c942b6515159471c55b570fb4aad4f4010bba9d6dda3c76d15;75ad48df0ae29c2a7a7fa4df851ba75620d97aa92c3eae66c6fa66cd8673b5ed;79c2bc9f4a98cdf991f6cefd80b4b7044849abce7a199f5622d98745bc3e5f3e;85ea775b2244d167a7e845043dd4390f0d6b1b9fd7f933612fe05b4faec9d08a;88b6f0bd052c1a5160caaeaf58c4337e491ddfe17419cef6e4b428de29c1a096;89d3c052eba9325104f8ef50138f94df1ce793f79b90100886377aa2b1924f4a;8a5073c57926b4f2e863bcc8d9b773a3247d7b9277073de80ad025742e5e90af;8b720beea0b7c5bdc670cdc5c245f74bd0d028df7e157531b04a1997100485c4;8d00e3b830168fb9d977caa228206626738eaf1a33ddb4158b712ca92eb0f0f8;8e78daed1c86ac491e6a3aabad73846dbd3f3f59f12aa14b9021535670d1ac26;8f6d6a38144bc65a5c69d5e0b272bf4b93444568f709716a88fe10d4c6b54649;9050da54e0b28e987492cd20ae48257df3b8804f833046cc55df9976ad20d946;948bc39e70d6172890b9698d5f2314355ae0b12654901f079c52b8ccbc0083f8;9a381230fb11710a19529ebf305c05c5767f1fbbd5178323d05ac53e5c64eee8;9d27807208ae5747995d7c7c27d1f1c9204f94f8c706c3798a10813048a5c776;a494c45b7c9eb6a6f35706269623fc4b059992e68f928bfad21aa28b2ac2a1b4;aeb356ccf172b1fca20dd38a27bd8023b8aa542701f267b165e17bfd69d55001;b566252af06940d5ff01d96fcc34af7da0ae52fcc7ca00e4450865c7a1140f1f;b964d8947b97555e8ae3902829db37b30563f772769aed319cb706476f2992d3;b96850ad0ddfaf9d5cd57780903e67b1f04c934d5a09c951fe712a39b9907018;c0bfc57a0e7f1f19823b61377cb36ed90de0e027527b6c9647a4813390a5efae;c40746892d69d3d949613dc244ee053e74b4893ddc258b905635fcfb7452e62e;c60353783db1814823ce5ac5d78937b2c1afa0c75886dcd6b93989bcb20f16d7;c6118980f31f2b0e917032c12d6ec72bb54550c99e603bde4d9b4bc2a8ee26bd;c687cd3e91755e671dbd69e8bb030c5fef42befea4692fa519c9f49c418c5656;c76c9af28b4d191cab3d54a1c2e72cb7a6b25908375e959d352545665c9f4955;c875e9d4c7b06cb772bce2a8f584dd8cb11eee011eecf0dd51cd33382d0587b5;c963a260b0be104401c8e29bde27f098b7e75a5951e7fd818590f7dff33c2147;cabf274ce2c4873113594912eb0d55d15b854648917803b671102ec6393f3361;cb7e445c8d07d71723cb9b0ef1e4e59f1e6501e827d6975bad790e70da5e928f;cd3d2958170448b70c4c03d2e00a12262a8d2f787f5649c5fa17a3c41fe90270;ce98249e190545e7df8d5064ba655f75295045cefe05e807c368e291e7aabe8c;d2c5460c1e1965d05374cd489f2880b4922059122f2d3803adbda3696c00b743;dc927a9720d49db5e4881f1a72ca2909bcfc3bc5c26c5143ca2f8abd3d80c4b1;dec0613d135cbc230dbe4a09ea27eb30ab285713cd218dcbd4d479fc4e0d6f50;e13531cf267ceda6c540d138a50f036cb38173fb008b1b4eaa7ef3c9c8db4361;e1f135931ada7afdcf740a7a33215f316fed377b65d9d54116ced01307e90e17;e3da22e2de296b047729e01343dd44f6089f71dbd0147e2d24859f831691c808;e50c0e9cc404f1b02ffc5157f04be0bd023fd0a1205d97d497cdef49a350665e;eccab443003677818016a12ae0e35961f0725751787ad43ecc2689b0e9ca3a22;efcdbf56d2201d03ff55c34971c64731f2aeca8b52c8edd2e38739f844b94a2b;f171f28fd26126e911db01d206aff809445db61f356b896d9c4c1d0d7d540c59;f291e407ff0930b6f2fed0c2f9312385cfd572c4b4af3c37387bd788b10dd148;f4c0c117c9fecc34b701900d204f31165291d1b7d5f6c486bd32dcee049448e2;f7b6e4783cf874933bbc70effddc63a96febbbef97f56fa47a3360558a22ae7b;fa4323d1574146fde20e4154da120ef36ba038ee972ec22a630388924259e181;fa602983fef5c2213fa1c5f6c91a40adab958c4abe9cdaf0fe4bf2e0ae1ab1bf;fade9744efe9fb26f8d1acf7b8bf69e52f634ab4db97891c6af9e7f98b8f8d96;fffc7c9f2ea69490203b600ea6ae3d0551c7120eaab2c41ea629212832100b5c
pn-other-graph,9,pn,graph,pn_harm_persona_og_eu,pog_v3,hle_102,31,The current international order is characterized by Western hypocrisy and the strategic rehabilitation of far-right ideologies to combat Russia.,0,80,000583526c367ea9b38dc4f8b765b4344304bf0e98ac6257886414ce39dfaf5c;003fc8dde778f3f8002ddd1e5738a8407062751e76d68b273b0b106f95346c80;006bd0bcdc5ff001b3db788c8fbe7541a3ca098bd9f278166ac007c21d42f226;02c97816691c259fb6e7a4bc060b9335045306c5fbc8b745908a3754a500f665;03af1abd8d287b90b9f4499362e70c2cd612ab01aceac1f702c6be360afa49d7;09a51f2c50f27ba5245c5232215f39736d1e17a291676b0e03dedc2ae12ba082;0e253732614159740127447961c6c8fd2c291076ddeed880cfcfdfbdfb939f2c;0f7c8582edba3977897b07d102c1146feb3d8490f0c6af1119ed0f2ab410ab29;19acc1d8dfb7446f87851e07443d9445a75c1ed1f04478c3338bfa83d0a3cba3;19c0344fad16471bf41324c5fc25d05e9296e476703717190fdc7a30270ca843;1b4d8035a50207455e40be53733aa90c774c906241e1d357f442a00239a5514f;20494f8f243aa7a813e209e52200416133b182fe06924eb76574e9b969edd7a9;24a731558b729d42a8784693a6a11887e145870603fdf5e3d5fed4bf3a395612;2af95cc2f9924ea0ccc7c6b79b97b691eb9a9b415041035236d29c5caea39b64;318b90d1e50f5fa55201c2102e0a1fa115d2e6c222a281539b483e3261c34a5d;339ea6d973d1ced94eb28d992d86df6cd2f7887a340e9ca9347c47a97c6bc709;35515de4433750b37a414eb615d0b17fba4f43a40e74673d828e1a2ec9fce6ef;3967f8ca00ef37932dfca46df560c8b605dada00740fe70f39a3cd8632e8d79a;3e3eab9133ec1daabbc89e6e014284a583092ea324f03693cb4431b2bb990c66;430ecef0b7f4c1e3eac8d447eb8c667db4c653ff75f456e75b50f28a03d42d34;4796214a6d18689f3ddda19d222dbf2e0a583041711e9ff4b0d1fc8a952ebffc;4b20a1a871423977f14968f37667dbcf79f56a5595fd7b4b5eea855ac8d121e7;5311536f782e1a14425cff999c646fdc0fd4d77e20641bfba1923a1fbac20cbc;5736687e534baf513796f2e8f7165143d86fb5bd305565a1de79273408509c3c;5f17e2ccd406b9a3a6777e87b80368a95ce116a68e1f61d9ccc8cc4f59c7b4e6;5fd948d1a56303953ff330152b08ca62f649119c4ee548646bb9246a2cc91ad9;600652d40dc5929567f2f3cb2b1622fe2742c9efeb62c7646e102ae1c2fee1cc;66d688c1d0c0a8b642ef036f24b33a831e2faa9b763b0e3da5becbaf87441c29;67a67ba410751aff7d3cdced5e88fdb4a31ab60b77f271b27b789c51c2583ae5;67cc78584da459a6c54b3851aabef72a02812c0a882c26d7112dbfc64eedc483;69bc17a562eeaf1484579f3a0d4955e1c6a8051c818f4bcf655faa42134e1527;6a8193d186e7af9694a19558cd27565e112a456825390126a58bbfe24539f6f0;71512d303a55c38f4a956f16fc543338aef776ff7d45400d0816afa8d65de105;72761ea1fdba32e19ce960544f63dc3d73fad6055818586862dafd90dcf158ee;75dc1c8fa2ffa97598f1e1205c7f4e4285479a19b53f06d5774a2adff5734e41;793fd30961ab264571dee0693a42f16f407c7d4ff0a1d02b9d3b13a69c502442;7d1678b5e1faf9c5303217e652b09143bbff69f6fc3e9bd49f4b09a7e4002fde;80153e3080459cb61cbfa6c174d958bf5d62d329ba04bafa0ad5694c6446f587;81429ca1653b7b5cb7c5c6bceb8e0837285f3e0bc177e6ada67324fa36881672;82c6702e0fc344dc6191218b0ed5426936eb7325fcb84286c757d3252e4a57a7;859ea8f1cce623472040e55073e7e668195b28d111b895b74d856875ab09864c;8732576834547d5c11db9819d5ae5084842a92d4fe5d040f154a39caa3218e8d;89742de9f4ab911668320ef2886d8ff857b675b71e0945dba834cedc675ce089;8d1c980bc650f0bf17e25e021441b927fa441d7c80c520776ddff2dccafdaa88;8dfd4847540e045e5c00f52e6ecd9807615b106740cc3efecf75adee244982e0;8e3e0006471389e15a0efcd9c95f7c2e0b3feeb56cb398c70f6876dfb81084e0;8fc7cb27db242e356524052202e324f94c848b94a43c967412d6f3b70c13b225;92bd3ee7dc58629e080bbc2073ea9406b37a11cc422743e1299dcab5b39aa64c;965bd16926682424f54b31b578916ef67ce829a6dff2e27147358411178be030;9fa18fc76421e4e4616732b1b704edeb1fbd069f8d2f79d5a7e605211312238d;a29b031bb9ae88f5e6fd1dec11cfc88857116d75dda5cd91d4146253f11b0257;a41cf765f1a4350325e3f32b893b912f9c08cf5c782954e01edaf5ff6b2d6a76;a62585b8edd31e69ca1c60f98dd781b1785e867216c6d4514840baae185f57f1;aa2bc53e2a261ccd395055cb038553b09950679e242d139a165d15764fbfc1ce;b1c63b88cd1427ee1144c3a9944fe736e0fb8edabc63c4fc81c0ceddaa283419;b76c5ca0b9b4406ef19212ac92635f3bf0fb5bf75e9377559fdc8d7dd28a5fc7;b7dd882bb3db41ae6252c83addcdf66d17ea07b7f567d614f367fb3e45dd5d35;c10a91627ff9199ab0848185893516057a68abed1253ed71fe11fcc3e4886616;c3422e95d50636f439ec8214eaf210078f8207b31d8cfbfd7a4033204593f640;c3b0f1f3e9f712050f1453a9993e159866222e3b868450cc8da2bf79439f76d7;c7dc098d334bcc6d630a76d68b77eed3f1d84ad371788f73cbf12b066c6ffd0e;c93bc9e647a4e1c3626f0378abbaa52cadbf91bbdfff51ba05e5654096cfef2a;caf6d1edaeb2fb2f5aa51c00ebb63b417185e13c0db64083f254c122753efa06;cd3d2958170448b70c4c03d2e00a12262a8d2f787f5649c5fa17a3c41fe90270;d6301bb8343a1832dd0db978e402b999c8d9410447f35c9a2346f22a81d5d2ea;d6bb9a27cc3d794a57c464914e12a27a047c9e98088e41dc74c5dbd12754d19d;da02b0b62d6b5ee20291945401f6b96c3e4d4be5a773c1979f1a4d7f22265a81;db3f80426bf5b2b93ef51ee032289715458276651e6cd6502a967183f042a24c;dc50333db338f2783b4a3f94df5d241a1665ec9452a921ea322e001924f736e8;dd02cce2552b2a6b58fcfb7bab6b9bccba27f1801cefd9b865fc9bf728fe754c;e04904bd85c45456d5d562acd8a388cc65da6e28432a6deb71293f8e1e6a7457;e417bbff8d9b7bfa5b84c386e97e4f752ee975917b593cb2115cdb57cb481d68;e478e398c15d7993e53a14642db5ecf6f4d0ff90db3a7bfa7f07e12913307658;e573c8c764371b46b6cd6240d74cc2f88de6daab1eb2bcae3e21105c266563ca;e7b008917aa798306c31fed22c5c6a77f9180a3465b563d688971c0e886e228e;f59e9b76a8d958b2171e905dac2592fdde79cb414fffec1f7471f8050fad8498;f6824afe7f1c0446063f169629ac06157bf6c4530d9220bb461851056a24d753;f7bfc9fd6ca63a3b87e230d7dd876d1a12e95ca05dd6464fbeec899c575604d2;f826a12b1116a9cf2bf720f78cc5f15f6ed492dbf007794263034c8df2698ce7;fd3a90c57315cd396e302acfc381111bd5950399a834c1cb9bae98fbf01fe960
pn-other-graph,10,pn,graph,pn_harm_persona_og_eu,pog_v3,hle_78,24,"Aggressive environmental transitions threaten national security, food stability, and industrial competitiveness.",0,61,08fc2a3af0c295489da664225c7fce0dbb9c7ffd8e91e1f05ac719f2394e14c7;095f5e572910fa010d375fbcc7638cfd58810db4b534a46b2c9bbfd8b71bc900;0fee3a64270ec02ab7a81384be5503bf786a8bddb195e2625c8eaa44b890d7dc;173e3e299a1fa08789c4f5dd25cb66680f77140411c236cddbf20d444e1987fa;1c3a9202641fb2576763130c408e33067afa099eef1fa82eecb8e1754df58983;1ec6e7499130c5e68f79e450118289ccaccb7aeed7db264bca20ca56dc17bff2;1f2897b3b5a259a19819ea0153576a6fee26c4dc87ef33627bdbc0e688a5a3f0;22ae70d41798aea253faa392207f7d3466f909d3a13023d9fb047b267c799136;2cf4b770ffef0b8a922aad263fc13471935c29645e18319f83d334d92fcea2fc;39a63f463a1ba89237a71556d6d7a203125171f5af537e1424e13391006449e2;3c850b66598c5c51386eed431f069f6969221dd572e659e6ac615cd6574fef55;3caab4a26256ce3d9790082f37c0d421b65822ed4d442dde1a28c208274379e4;41126f7110209922ea1c6474031c9058fef18556cf3a97988580886712b65b1d;43881cf053953a51ba56ac681670e9675d41425208e4e126e02ed09b36fb50b3;48d43f80b0a536d933fddbbd386e0ed1bcf0d5656ee033223271047ca7f947f3;4e49b28f59134bd97e1dd8442cfe8e78b5728357d11af5b647480d8e4fc89b7f;4e6de354d1a9a81c624909f70b25e998034d3c214e6a64a7244c344fe76d0865;540011a17cb54baf6aa8b672a9f872f3337297b6ac6ec9d86e7f2a5dc15f54e3;5b587fe273ac8664b671bd4bd6275e295a502b81de38334b89c4ec8a2d559aee;5c2b9627fb9b09a78fcba2412227c8599fc7587eaa81aeafc66978a4a7250a03;6139754e72f87f6edfe88c5a8f7ea727500611fb825c2f6dd9a6ebbfb00eff12;6417c1196ce79a5b053c239ce34c50d629f7e3b6f3f12b11bb90801aee711e67;6617fa1a9b79504f5b778759555cf5566d220b83782e7f1d9c9126fefe247525;6938543cd646910ae94690aaf2312fef26b22b7cdeb537773443e60378582536;71295703b9edc86b5f8915786f0796016ab5f42326b7eb0512d4d9016e0b4adc;72325bae31f3681712df1a14cfbcc48bc0790fd13e1e95322eaea6c24827b81b;78b20f3b23757b8f117eb14560dc30f3bfba22125eda23e683b782ab1f840db6;7a339ca861fd86e9007e11fe57a3d62fc129345ebc4f2256ea8f649c4f15b211;7a7d191a96bdad2e93ae4767732b683f0151b98e9a88b9d825e50be87b448167;7ce05a4cd0b3b28db3f5b9dedad1cab9f8f9b678912aca9347d213503af8df29;82f7812558be492ed0d03b198034581c9bd752356b3af340574e468b24e2f750;8a8f9a61b61af1f31120b67bfc4d5ffba30b6d6b7303072b4c0f0b519bfcc41b;8b6dcda71d4c96b6a8502807b526f551be7c623e213dd8752172668a0ce772a2;8cb7b85e5b7db667268a27960ebd0886028337c18e47c5a3ec9e1c791b0a993a;901d67172c6f73192cdb3c8f5738257e5aadfacddcfc578e9a44fb47d7379088;924a3aa6234b05ec8be79aac6892aca4042127929ad20f64598540519a4c94fe;92952849a3c970c63353dbafe9f7c8c77adc61d3916a446af1489daf317cefbc;97ed0ea03fa9f492ded86802d2a0cc849f367d4019aa402264dbd603aabe1746;98c13b29cb2694e7775ff4cba4502e7435485e220c6035a6685fc42141c2e1db;9d50209ba58fa6648d9c53719220a77b90672e3d7327a6113542d7acd2d7cd04;a9dbc275d513095a3db9369b0826d889d31322a0556cb49d92233f186ac632af;ab17695409b2a2016343b8574f4a495456bc46fcd32687c9b0e937fc045816c3;af0701655c60d03fa4e71e370dad8eea63092121ac2db3b8ece7017e62d20c8d;b6fbb83fe583c0f366e83c52e2fb832e20a1b7196614ce7f5db867f511c72f2c;b99e01ca87425dfdb9f1d85684bbf3240b7f912929f88c6187ec937a9eb2543a;befb89c9114727e71f1f502bfe75caf7f910506dc1bd4e1e0b2e2eb5290e07c3;bf536aad2fe3a4ba07cae06741535eca76fa6ab7e31df2e19584b3c36852d725;c236ec0c2700e02d94b289126b1a96b74acb8e04c540cfa141c19622a9084f08;c3b0f1f3e9f712050f1453a9993e159866222e3b868450cc8da2bf79439f76d7;c62bdf183a2bdb00dc07ede32af241dc412cb28a73a89223c32afdde9a27b09b;cdad9b516fb056b6847ba90884f28e9df5045e4bf2a04bead372af0a4f158d81;d46adc5d5c9140fd5a8734e2d2adf4e8b10de9d546f0fb17d1e96abb34193e84;df5c337f8a2e5a18abe5499290345f023eb51d465a444f8b938d69882c6af3d1;e1e5c97723599cc8366fb08c19829c48090a0984bfd601139e9727434c45cf19;e4251835fa6e1ac638c699870917780abe1cacd16c76bece45f60b229fe49941;e860e3a91fd59fb8928d4a80ac5e1d7acc9ad8eced367277163a534669091377;e862b41ea7c3695cfe1da23da3e8cf83d98cec3cb3fe5f00c8ccdf0619430906;ef78f7073e465de1fa5c581fda304c2bcc357863c7c2f2d830c800f0c52d4b30;f0a9fe46a1f08c0112df6c8ed246da2a3e96bd71f5d3cbb8ed51a7dbbff2269c;f9965c66da410dd605221e4f6e69444ad9c1838e749491ff641f2002f5dab28d;fd0802cfd9862a59df8a3df6a2e9ffc3bcd285ee8454c802219609f3077044c1
pn-other-graph,11,pn,graph,pn_harm_persona_og_eu,pog_v3,hle_86,27,Western military and diplomatic escalation in Ukraine increases the risk of a direct global conflict.,0,61,0516c3c00dda02d3e9c233178df61b57f8ab3789c49c07cc55a4d808a847758b;060054a3aea51486f8d980bc5df53e8b568f722a198dbce2e67acbc765f03fa6;0626553318f0806cf76d9eac787e1bc04dfca46868ce9b80682b1f0f0cc4ca66;0f671d6509027a4635d0304598f877debd4afa1f3c530fa2d23afa879d85769a;18ea147977cd29d96e20f5bcc3516e12e8ecaaf6dcebfa8c1306240aec9848d5;198d6aa93d94167f71798d409262aca6cd477bed42213d90723e99d53520b30d;1b27665b0d1b2dd41a5b9e5a99e41fb75320604401138f4ca63638fa0f437e3e;1f2897b3b5a259a19819ea0153576a6fee26c4dc87ef33627bdbc0e688a5a3f0;2bc8cd94f2b1d56b32c9735e6c7fbce79ffeb132f92102e32d3f058a711e6487;2c9d6f879b3b7ab775822336c7d392c0181c6b73e6ccdce9cb632d542b4c3bf1;2d5b370e03805238b608654097ba4ceb048c3f6090a55cb05b8c76a14640b6e7;339256279aa1e5444517ea126b9ec3351cad49d78831a63b1006c1794dd6509e;3989fd0eae67ce048959fa7041b7098ffa72a27cd9a365b7b746d5c2b684f40c;3bcb667450990085642369231e73843fe72e05978a9cf85f7d7c4d7a97aec74b;3dfe72d9c07e7fefc9db5f59264840572f90a194019c95f8d951e6218e0b30a3;4def31cb14ba8c803b9323347e00583a84492962f57650e9b7e7bbd3644f816a;4f9f1654da0df1aa38af6027a5a3c6f1024ef430897b05b8709670caf35926d3;506e8dce2d6fdce60ebb8b952f603a2c3cbac05ebe083302445e9c90626a65d6;517d30b1833c64ec86a6758d5a399e4aaae4fd80abb9a166e9f7854ac12ce5c8;5acef4d05b36be5c639fb50db0e6498d6923e68a3550389e68190f7760c32881;5c035b4fed2bfa7b54c3baa84fb3e3083417a208d1f0058625085f88a0c9383a;5d027f5db3837080a5ab3012592d393bfa42e3f4b91bad914b35e69170220ff3;5dedeea686bd4011a4d361969f94fbe789fd0d0901b836e36af43c2428f60153;607842f5890943bcf71f937924c44544bbf411bb1a6fcf361edaf0a3cac18fd9;656619991cc384bcd2f1a15a560bc12cd0fa5ea0504110071c06a4f7fdc4ce2c;67cab03468d8f29b2beec4985b10450cd7b4b7badae94dea9b66c11772d73f07;72ce9318df437577b298c31e13b3cdb5af4f1227436c53cd08e4dc1f7185b1c6;7d1678b5e1faf9c5303217e652b09143bbff69f6fc3e9bd49f4b09a7e4002fde;8d40ba734032347cdb467921a9220f02e83bfbb731d9fbb3df88b90cd0b916bb;94740b5bf47e450df6725bff2b417a40c13342d7f7179fbeef44c0184a5e56fc;95a0f923090fb8b90271eee76aea63a88bb7b127d54023beebf4b857c721ee2f;a290b69c73812caea5c4b9c42a788619f164897470600977a428a7f7901fc106;a55b5eb5297db24fb6077fd6a2d9e1f171e81ba9642003dc93b5b7517efaa273;a981564ac9688de4dfc8a9ad4bab9f485020ddb5e65f19db1934086d0b1d5747;aa34c54f6291f49fd5f846e1b0c3559f967bb91c513bda1376965a566978b22d;ae7c3c445ea49814fbad46508a6a8f2e43e8ddda079421bbee366d62214d7ae8;b077ff7e1773ca504c483ec1df0d725d0c6453e6a7b7b9d32f8eaf55a3ccc474;b346c694336cc227f544b60bdd8df482acd8ee93bb539ada5b0e366cf70ad06f;bce30213b4b7024d9682923ea09500abadebfde1c827f5b298f266b1a499af35;be93e664930b57aa8bd2afea6bd9295a77baa31ab16c03f8fa42bf262f09a2ba;c48199b6ebce7bb9e122a99c46fe5081eb8132f0a4307262fe98de013a71ad92;c687cd3e91755e671dbd69e8bb030c5fef42befea4692fa519c9f49c418c5656;c79bd85e206500870702612a28f7ca6dcd165d0215f5f77e4e514554ea977f56;c7dc098d334bcc6d630a76d68b77eed3f1d84ad371788f73cbf12b066c6ffd0e;cad6b141186ac0adb678eb24771f315bd6da4636f80afd0be3e575f30c6eebc0;caf81efff240b017eb66e0f57856ac94e2764fa2b811d92b4c945d6476f558ca;ce98249e190545e7df8d5064ba655f75295045cefe05e807c368e291e7aabe8c;d076eed7ab05f51f8c6fcec20c688b34ee955f011d466fef7b748d95abcc710d;d670ff5e437f38d1b167c12addf402ae9335e29241886781d55e9a374d55801f;da700ffe677997ac78acaa56b4a77282f0d9590c647370637fca61123cc48ae6;e573c8c764371b46b6cd6240d74cc2f88de6daab1eb2bcae3e21105c266563ca;e68ea926eeead128abe997b654c99fa441225b2574650fe9e76c2cc388e7e3ad;e89d5d76717dd76e5fc1e57e1d5083f3064fdf7dd6fa93d3a66e7f295b6d23c6;eb2e0316587ae04abc661ff1a941913722a4ce1559a72a183f9c143147adb602;ed4ecd2232bf2f4c3882d5c332caeeb5d27e04c9559b108bdaec816d700ceef0;f0a9fe46a1f08c0112df6c8ed246da2a3e96bd71f5d3cbb8ed51a7dbbff2269c;f3bde753537742949314ab71b8799d4b3f670013c7f3d4de3f459e03a4a026c4;f6a0368f98cb3936f02a7e5521f6924e5de2da3da357e37b1c8ad7badea3fb94;f9a386cf51fb3a1fda5773ecc89eb5bdcabd2f9eb75aae7a11c45ad275060aa4;fbe27328cd05eed6b0a2aa16097228cbede63cb34f74362a7c26c3c3a4d1d3fd;fe905cb9c3dd37170e433c238ffbdbd6cf7d058f212f97f984fda2d7574a6850
pn-other-graph,12,pn,graph,pn_harm_persona_og_eu,pog_v3,hle_154,45,The Bulgarian government is compromising national security and legitimacy by supporting Ukraine.,0,50,0089ab25797948d5d1b3472b4ef30e3e1848159b27d00198dc83f0afce6eb654;073060b573d4e444b950aaf655372210b372e2aa64024b6b08ae30d46e280ced;088539235bcff6dd6eef37a537c8f1d45edb763ce5a3b02a950eafd39ece9261;0972ff39576ae623ce24d9e56f189bbd35b6bbce13bdb6aab04af13d68c2863e;0fcfa6d935de6f3559f21441386cd6157e744dae504614b3266f0263644e7b69;1be411ac1c5dbc231bc7ef0033555f9d1e27cef097dd654c12aa5cd2bf3d56bc;22aee1e10338116902c7c552d686deaaac8bff03de43b1938a6416edd5d38503;307a6d17513fccf065cd55972769e1a9eebbf68adbfac9fe1e09bab32e53c199;318753596178b69a3954610558bea3ee1d7a4dae426f7315c0b5c51031356500;337d19a306c53ff081e01b5b4df8d62b8e610e701edbe1eebf8f4c6298e36e62;33f93c3df762a4bcfb51d399bd18f5969db03cc445a058b3578d222abe3e3cba;35515de4433750b37a414eb615d0b17fba4f43a40e74673d828e1a2ec9fce6ef;3fadaa59616730909e95b6d89fff56fef9d3a255a53bcb0bd68b8f849bd7baa9;44490f4604351c3cf48461cd8172129987ababc219dbe70b35d868240ba4c31d;498c5f07ed31b63c600912893ba5e18c11326e0ccb4bdb0adc81b78460c5f031;4a275277f9fb696f17b17bdd67d2e601f37091c735afc0b8f63b585f9d9f4354;51927eb769267739dd82b7375ce8f1c3bc7d00fefb2e80da271a4441dfadf3a5;52c24dde7ed8cfca2356a282519e289b97af5cc18ed90335905f42f3bb80a00b;5aaad34b6659eb60f7c6d02fd786e8e0dd98d1047a9454809f5ec9555b375527;5b587fe273ac8664b671bd4bd6275e295a502b81de38334b89c4ec8a2d559aee;647a4847dd3deacbd3b1fc028c45e0004d714d61084d9d34384e3ebc095fe1f2;6e4f90ab5f37e5920b28164b0a6de1c3bb6520b834f058cb224fd2668625492e;739f9aa7bf5e0c76b426ef4e558b4182b28f4ab8b736c8cac689b9f6d42bb3e9;7a3d1c53ff657de42d55986855f330b5943316697db0004d338042096e1a9d86;7a64672cf19ec29b54ce14c1cef7e3b2fff6bd1ebea60dc59e570765edc7c1a7;7d796762431bcfa3857bff8d9ec537f0e3a8ee2f785d02f21e2df439482aef3e;7daa8d570a98727a4d48ea6ebc619809315eda2c8e7facd8531222f9de49d40c;800843411e47dd6510eecbda739b4190a2e599135f453e7db26def59aa503635;887696e1f9cf57910c290a2e19ee776278397ae523bee38e84d15604d370a0ee;9031c2be471f65319d11cc501bab64b91d37574be5995d30917f61679ade3a3f;979600aebc5eba0553f0df5c71e8a45c2d444a18a8cb70c0cfa77b5926a1b84f;9951f1cff860ea06c20ebf1ad21e2f61592ff73c7dbc51aa2f8a44d483f903b2;9b3e3b1790d700e716ec1f30e52f7bc85b5f440b5ef1513ee62e0013c669ac0e;9eef51dd5172157ce1376d2f1eb3bd5753fb265f37328788a9db41302ac617c5;a55b5eb5297db24fb6077fd6a2d9e1f171e81ba9642003dc93b5b7517efaa273;a61da47bc02f02126479b5a6dce899ced9004a91740284087be5b173ca3e74dc;ba664bd88f47f677a3835c2c33d8fac24753721813890421f6336c0d29020b4b;bd3e5c5943fe283f3f13a882b022bd649577968e02ddc62282999d07ede5df91;be6a2604a62b8f60679da3e9670ac3a745a7a9e52d94ab3b8492fe789970f148;c48199b6ebce7bb9e122a99c46fe5081eb8132f0a4307262fe98de013a71ad92;cee1599b9fd9a72346ffcac5fb37ee801f082e5d822e1a24c063e42a858c3c89;d4df1e8142ae2f41d895f91b3aa60cb9b980aa5a9ea8ab9808144ede4236951f;d8e8a257971311d29062920d313d4b9392feb511962cbdc1e44fe13f6e8e9f2f;dc84b83b715ed546a8f4d27d3adf6f3ddd59265c1bb12652717376cc6103c577;dcbdb684d6634d62fa09e46a376e281a349fdef1108d3fc8ff06e4dc30f36f46;dd568a00672620a8969efc045d53bd9872bc3f9dd71564a0f5d535ba8059af84;e3db31bb90ceda2d126da8481b1b00017e324ac1fe1a1c8ab2c8755ad90ce9b9;f1ff8c21340d5388b2d1baa73f82adad957c6beeee7c70f5384cc08898ff920f;fa0e77cc9581ee984d9ea0e8cf5e1c1d07a1f5c7813d648044ab5455cb23df66;fb864e01defc79ab0070e7bb537885856c3da4d826e6dd4a12506a0d284c5fb9
pn-other-graph,13,pn,graph,pn_harm_persona_og_eu,pog_v3,hle_172,49,The conflict in Ukraine is characterized by unsustainable military costs and escalating foreign proxy involvement.,0,30,064bc72421beb818586c37a92af959a2d353b88c75a2dd454ccad032822c72a9;073608dd34bc5889201c221f96753c92ff76f2fe6afdeab6427179a2f058bbd0;106a95e22552618fcbe41067e5a590a1e8af4ae2588502efbf7af0ddb91435e4;167f99c4ce228b51a03c8aa9262c63cde5384f648228de9f518c8bf1e9b5c445;1c3702d694cad4696b84e74cea4b05dacc49e4d30e2690d83f841a5eb06143c0;211d53e778d1c51478f4d85e069c59d005e37582a352c7a6a70a3f06b8ffe37f;3787240f0b45eb9fcb198b1b46716b4712a40de7d30112ca44b3a968d4a58789;3806a3037b6f2195b34f9a1ef602999ebe667a7ffaf4254825adb08bf9f16b6b;38e39078e043c1154a7a95d248bbaddb41e9d11a5d427fef37556183f1402c82;3e532b771c0192afd1252003b622546cf7f2812082879a6f4a64bd94849097fa;4407e4498dc4e51934b025800ea9c93e417fe8b4010edb2d7ab7061778ed2e13;46bdd82d67fcca6174170440583369c5eccd49d2e715c5edd1281a1401f50719;498c5f07ed31b63c600912893ba5e18c11326e0ccb4bdb0adc81b78460c5f031;4df867c58184890be97f674920bb3cdb5fe5676959089fa86f0dcf41b5a7e06b;5c035b4fed2bfa7b54c3baa84fb3e3083417a208d1f0058625085f88a0c9383a;6141ab5792918ed52b04abc0779200a8660b3104bcc9c212229e200b6550fa8e;72ce9318df437577b298c31e13b3cdb5af4f1227436c53cd08e4dc1f7185b1c6;7730133994883aaeaacaf058997781896081b0ebc6075c2a7eaa5b94d3202dac;806a3c968042985a6bd66fc2c913c21ca833a61cf97f1d9042f115912f6accca;81ae03a8e1780ea13968d84c099bc488f2e2c82e388e5eb696e787857578a6bf;8d9cab7596a2328856a85d6c961be94b1b9be6d90ab9cc267fe176bbe9558227;98c0634a543d2777b56d9a3c60bccce2285b22629c284a3f287ce0157c4300c8;a809fa441c583bc9f3a4d480cf361172539e95b98941ffc0a7f2028e8c7c19fb;ba97ba17f219f3f5d1d70e6e88b2309d724030848a7ecac630b445cf6c5385b3;bb13c263f5bb7b4678b72edd6947cb6e9203c25117a615a4828a65eafc661c16;bbd951a8efe662ab9d8bc7076e1a6873a4bcde029947386a6a53f4efe7b82fa2;bc8486e89487d15fd565ff28f5f920ec0d00f4eb220be8933934490a80d913b4;c19851b29b494ab5ae45efd213e05f44210ad24e74b9edcbfdb83f0252c9b9f9;f5b03508bc3ed90b06546eda9a55dd0339416a8f38972b67e5faa57732f96b94;f826a12b1116a9cf2bf720f78cc5f15f6ed492dbf007794263034c8df2698ce7
pn-other-graph,14,pn,graph,pn_harm_persona_og_eu,pog_v3,hle_197,58,Russian air defense systems are effectively neutralizing Ukrainian aerial and maritime attacks to protect domestic territory.,0,14,307d077f107bddf853fd816991a23d25a43ed1dc226ae57cb5085c6ddc398865;4606cfa319701fc58e1d4e894da1414407b97971139bed20b167df288eda406f;504a62f723adf2bb8327ea7631061bba01ebfa5c9892337c80c3df2bac797e9a;54c55ae9017ad1ca86e78cca1a127adf5b0b43574b34eed638b7572c7117eda1;6d74faea73d019c7c57e2c4d2543b4318500996718651468e727cf8d35955da6;8a6dba6ae4cb17e175b2aef6b16e07f9613f11631b58fc48bc074f6eaf8754fc;a7393fb8d45386529c4e2385b24712a796ff34a929e887e6229f1354da2c2f55;be87b9b7ab5d5631d7923d66970f7a9cb5a6093644d12a462d857ed78d6e8a7b;c5e5dee227cf346474dbfa43903e0a3f6b072142516a34e1b0ab3eca32dfa9e1;dcccaeae4920729beea642b1799aa82ce49707d433e2ecdecbc1558df9ae3653;e4a6f43b2ee1db769ce82ce549eb4bf790ceee02d3dd22def558f2b7cfdf18fd;f2c159f39d904f1a1b3eae39d2f872cdd17c7baca4f37924da3025329d158d9a;f5c90a3e71557c59668d827b9bd9b031c98dc10b5b440b483be370dee01bddbf;fc145896eb195d7d6500b2fa063c2b3208316e1e7b9ecb956a3ffca0ce09c79c
pn-other-graph,15,pn,graph,pn_harm_persona_og_eu,pog_v3,hle_190,55,Ukraine employs sabotage and nationalist ideologies to secure geopolitical leverage and maintain military manpower.,0,14,042422be4dc90f968818302a613d4f5b57ac964b99ca24dafe31db6fa373d226;328a878e994247d5db0963dfc5e93a18c11e4c2bb55e839a2fc1bbe931ac0452;3985ea638bbc12a511797310accd761909dae33f7ec948ed89c519da9b3ebdc2;4537752daa25d73818da7396a85fec8a3bf3d1e8e7be47e2b7d5f0a0e23fbf72;53c3c64b422077cf3f4372a5de130da83d13e3be2a358b2e60e859631cea9b2b;7786c604b4b364c0bb63da960bad5c6acce08eeac291a66dd04b7d29715016aa;8ac87d3c447358990b33f779c189ba844e3ae33b3b24ec95d2e10ac7069d9598;8d6cc66b3127568c15f8cdfc5ba65d5033d598ac1d776ad412b0cf09024757e6;8fe51809d144f7a3f957a988bd7c3def5bb831795a2643c337ba945c108795c1;ba382940e72b097568d36dc2ebc8648783a85eea08623e993c7038998a7de2cb;d670ff5e437f38d1b167c12addf402ae9335e29241886781d55e9a374d55801f;dd3b89a6b67ac7eb49fcc0dac93a8cbfabc4bfa9a9e4344cf4833e84efe62469;e373088702ea5cb1676258a2aae649a387dc1b35e8e02f4b6cc4fb91ade5c9c2;fac65c64acf7aff5ace4893d61a6ac03903be6196f695733196902482f4c5c74
pn-other-graph,16,pn,graph,pn_harm_persona_og_eu,pog_v3,hle_219,72,A warming limit of 1.7°C is a more realistic and cost-effective target than 1.5°C.,0,1,22ae70d41798aea253faa392207f7d3466f909d3a13023d9fb047b267c799136
pn-other-graph,17,pn,graph,pn_harm_persona_og_eu,pog_v3,hle_355,208,Climate activism tactics are destructive stunts rather than legitimate forms of political expression.,1,1,cf367a341d08e0f74fe3de031d218bf932e8488070f2afb3f9f742ebcd9c152f
pn-other-graph,18,pn,graph,pn_harm_persona_og_eu,pog_v3,hle_348,201,NATO air defense systems are insufficient to counter Russian heavy glide bombs.,1,1,33bfd8bef629afbdc1efeb6e0222356b8e25ef820310de38cfb586df5958fb4c
pn-other-graph,19,pn,graph,pn_harm_persona_og_eu,pog_v3,hle_318,171,Reports of widespread coral reef destruction and mass bleaching are exaggerated and contradicted by recovery evidence.,1,1,f1ba79219f1d40ecdcd131688bb77bbdfbccaa393bb2610fe8d3d84b365a9390
pn-other-graph,20,pn,graph,pn_harm_persona_og_eu,pog_v3,hle_350,203,The current Ukrainian political order was established through an illegal coup d'état.,1,1,e47f546e8037b33a9dbd297d98b3813797421e0a784e1120e20b0be2dfa441a3
pn-other-graph,21,pn,graph,pn_harm_persona_og_eu,pog_v3,hle_242,95,The seizure of Russian assets to fund Ukraine is an illegal act that undermines global legal stability.,1,1,198d6aa93d94167f71798d409262aca6cd477bed42213d90723e99d53520b30d
pn-other-graph,22,pn,graph,pn_harm_persona_og_eu,pog_v3,hle_245,98,The US national security apparatus weaponizes anti-Russian propaganda to manipulate domestic political outcomes.,1,1,e3580168ef97658b157149c8b2f0d7f704d1e3b89e9d500e92294fee467084f9
pn-other-cluster,1,pn,cluster,pn_harm_persona_eu,pp_v3,hle_103,33,Russia is strategically justified in using nuclear weapons to ensure its sovereignty against Western aggression.,0,95,0320bb0405fd00e97d9a0310f6912165645900d040628910d057ec8fcd83c10f;0645153f1352dabc79c842943af26c8fcc009902577b497bd7a097ff911b14f3;074f59e044507381e011c3adf7ecb9c1282d9fd12d482a1d02c64c762f2e30e5;0e1ef32a5c482369feb068bd2f92e3f0a51584390c306c1263cbde88074b9519;18ac76ab66b74db051a24b016198963ee203e4e4d2b6288450b629f982092156;1bb46e4703db7c1d31a394ad2d9e0e0ddb3b769e7088dac07ac25a4770a03a6c;2398e19b33e7c796025a761ed2bdad81116b55da79940bb1ffd81c19ec46896c;260494fcb5aac7162e967d7c5d10428e7aba1397492ea828c87b500c16ce9534;263a2c3d6f2dc62686e1b16c9e9187693a10d3ae0ce39cf9d7b0357a7f1739a7;26d6dce6b2443a31c60b98098d160e01f27192c38c54b3789ee2480cc2435dbf;298e4a7ec2e912c576b536d52064a7abf1f64b19be4ec5899b510858d1cb8fab;2bb44a3d4730e8b482eadcffbc81767c6c1ea3aa26132f36ff44947ee518bb71;2ddd5e9a6a130e10dc04149f0272267baec8eed05c155bab6d31a4fdbf379755;306ff5f2e348962b99f97f00c19e0a708c334619ed2b2caa6221bdba295b3f6b;32324f09c3693e0927a3cf0509c34f0bf3953c99d4377cb9eade1668926943e4;3386ae45c3877f45324e07074042b6fa2f276a25e5b5f144480472ab5a3b7d71;35c2d37fb68ce00750b23bbebcf8db406f6cf63192772080c78712d8eb4c7808;3ec810cbf65acba73847ca11f73bc36039823f390b27ccd8946dfdd46b8ad7f8;3eceee145cfa4ec18e0a3b6b15215bfda2fa7eaebd435f64a4c294a583b7f8b3;3f0a01663530a183c6ce7d24d0525cb3eb3eeacb9d457f26e9e29923c40dd379;3f6b21d86cd92f832346c2a33713fb4b87e9099dbd6d9bc50018bc61011a7158;414dc71f6587336fa1e25ae6266954aac3b35f1586b99833c03240abb8645c50;43b3b920801abb8df92c8e24c053cde383938719c38a7128a4ee495aac1709e7;4456481fe76e847b32e92dc9e0bfd32151647805ff51111f520a55c977ea12ff;48d0c039e9f0ee6293e18b2e427b3028c6cfb0434bf84ec802ad6a0d110ff4fc;49ee4cbf3ea6edbfed34518fe3bad8cb95510c660090e9bb492814bd5d5e921c;49fc3a39520d2181c3b78c74edaff369444da3e77ac465a53c28f5cba61599de;52df452a59186402e7955470d009b6b01cc560e58e00c2a418fa68f11a39fc40;54c55ae9017ad1ca86e78cca1a127adf5b0b43574b34eed638b7572c7117eda1;579a1791a3675877e64574f63f166f8ae1d5998be20164ee0b693acf9b78cc03;58517dc3497ef9a98a65dbe89789267db45dc5842f12f43879a6db7a462f1656;589866077008456282ff90eb8d753b9f832bbb3eec3301bd50096930ee9e90b8;59b2eed1b7081107b568e7480a32c466cf16b44307ab2f29174dd6bd7b67a6e7;5bfae68a23d6f89d867f1b6568b7801f0611770af90aa8b2e4cd5beda5c0be92;5c9738bcc5eaeb62ac62a0e4b18e54031b7e7e5411e5cbbfd2e23a0ad4a8faa7;6292830aa1b5581a6cb23c39d32ceb650f8f64c6c82b7f50e0301e55988a4fad;64e833a3c7a2f2c53107411e58083caf80f9ffb500bfbda284623bb414d21e0a;6b59f641736e5caf2ffa3199cf13685ba5eba31727c453205a0cfe986ba51453;6b74f44c349503f08f3f893d7255e756b88af45527bc5ed47b49c64ceb139eba;6d778722057ca9bf0ba873d4377b5cd7d4620479a9f828037a1d0b5efd173885;6e34831db564502bdffedb9cdaaed1808f8aa2f84b59ef9e5dd3767715a3bef4;6e8a1941d1b814e8eda549fd4ddab95fc1a7b285c0d200474ad0def3157c6665;6eec2e17a6a82028e4034c6e616950adc008057995b890cac6a13bfd97d51a1b;6fe063d6dc5fc224aa63dcc71610fbcb6f662a39e752bbfb5c1ad31ba422da42;75ad48df0ae29c2a7a7fa4df851ba75620d97aa92c3eae66c6fa66cd8673b5ed;765240ab08352af869683912407405dfa8de05451221fe1bb079ce2fe202f3e4;76cfd3f8608913a459406fbc69d14886f84c3b366f4ae851a0061c8b7d57dc1a;782882fcbee88b261bb91b80360f99e4f9ca9bb50417cefc9421dd0d42c4a275;809ed627236d75ccbb013d33399e8535221cc4aef87421f35b796cd27d6240fc;852952b46e5afbef90193e42338db865c7e9700cc023226350f39ff3eb3970d7;881889866a048cbc558a497784820453f362b3cbf53ad6be69c7a60d9ed7256b;8b6cb79111b39db048abb6a2ca1ff891b341638919308974f79dbeb750a99a30;8b777c76024fcf9b1e3825bea1bec85d41fed438ef7120e4b345575c80391758;8e0cb515cadfd4419887da957a6322d2bc2b1663d0c3f106e3067ec45fc9762f;8f51125f3050146e072c8b8c7b02ea5b60a6070c5ba4aaec6c328ca5bbe2a3f3;94a53ff8024a181112c3341b4c4449d6b39246319e11d7b2aeb7610d18b7dd16;9dbefa388c20505934fe8ec103891b17097e3a004fd802e01fd807bb2d779e87;a12a7c80e1f526adcae8669e2af2a2af04ba6ed01fed8595ffd03152f7f31354;a4e4cf272df74287245594f7c69f9fce8c7d05f04725acb6c9ccfad3d68edb79;a55b5eb5297db24fb6077fd6a2d9e1f171e81ba9642003dc93b5b7517efaa273;aa2bc53e2a261ccd395055cb038553b09950679e242d139a165d15764fbfc1ce;aa76300e1c862e3370e991dbbbdab8b987c2eea89a541ec3a90c2f49ce9fada3;b316c8495eff4668aec8e8997009cf133581ee636fccbc532732b7b12a0c84a1;b48edb09c4c49a291c198068a5bef885e48000af0474efbe9be3ad63d27021f7;bc25820599e9bab44c5e95faa43bea7b95e09ddfb08768b2a987c61e731f1cd7;c40746892d69d3d949613dc244ee053e74b4893ddc258b905635fcfb7452e62e;c725c3f9a522c92d877f98e01c2ca4b0d3d5e9c9fa58507e065f92478b50d99c;c86ab5f8c0d01cfa513aec1838974ae0ae6241cbc5937a05ea56f5156c5336bf;cc4580d8589b418d651f05dff1aced4d26e2c7841d6a61c621b5bf2c5b42b48d;d5011a924b8c90dbc3b66f8fbb20d24f722e654902da915fb9a71f893b760aee;d70a8f3d08656a946e616d77ed899838648486e8aa089449ba41a449e15ee3a3;d7b488fcc2ff5c0b83b8bddd7bd8682aecfa96646e21eaa0bd5076f1d3d5c868;d809445380bc17cdd7dde9f85276b105b8ea21c1d550ab3c2c4f9a3eda2090a4;db01825d8413bfeea4ba1c05d3e2dfb8f1019a6c007893b6a72729e0423a3feb;dc50eae1582d02eb34429bce234a4b4b468734447b3e9c6fb8cd7f50c87ee630;de1933934c620c4257f356757e81a4eb2cf3b1868a3fc2c2f6aec761785e3135;de1fb9f52c4282fbe19d6d69c852b404e77c7e69b32d07d1a60ffe498d08e727;df9d0c0daa0dccc168383ad083f1d6ac1b258a008345b0afa89c7f3830e22aec;e0cf2a895d0d941bf4ec81133e98cd154ab2c72edbebfc50b65bbe7e7174b974;e17297f650c5dd33473f277ab92979a04b07f564696038d5de6230467b23a47b;e98a51b366acdc15bccfa841f1db64b47420054b8d500b9ce4b0e9f386ede944;eb79442275d7d2d86268d673990164d97bf413644fcdfc99d7ef21898a7b0234;eccab443003677818016a12ae0e35961f0725751787ad43ecc2689b0e9ca3a22;ed51694a6a6ade28b847b8d58d626ba0c90c4cd8b90f6cd671caab29367602e1;ed6bc27243a768e5ea42cba141b5ffe0dac05b0d1f9c74a198cd2f424b184d86;ef316ca8327e6397f3b501ef1b52d4403fa39ed945f129945566f4dc514e308f;f09ab5beddaf04eabbb4c025c00dd00f447fd119153aa8e8e26c184d83e8ea4c;f0ca31036453c8277abc78442a268c77219fd5d00da53f5432405b5efc04166b;f62c334c8629df4fde33248ec5d20165c3463a67c074f0047fd7b00daa86d533;f71d3455bcf29ff5a66902ca221e55c2be4447ab242b8efc587d31654198813e;f7cd0cedc0bb78cf7b8289973351f2b75578e958efd7168b5fcf2a315210b22b;fa645fbc9b3c78b5da20a4343ac9e6f0d259ab63352efc0c36b7015fb0225f56;fbe51cb5566b505667a1a035bde693cff88d0f610617b1aa413942ed6024553a;fe807456cd1abfb9ce8fe7925f9bd6c1c659dced06c313ac79de24ae8c7444d9;fff675c69f3a9df20c1f9ae26f62c1175ec81f78ca2b39e119d8e08ace30c7ff
pn-other-cluster,2,pn,cluster,pn_harm_persona_eu,pp_v3,hle_121,39,International peace conferences are futile and illegitimate because they exclude Russia from the dialogue.,0,68,0253abc9269c6dd8de78a6d95367f298e4d1b5e77eb285e4632c4fa1c2f921f1;02c5b567af35796dc2857dd87adda3ee58edc0deb81965af6c5b00b3fa80c133;0d113d35abadf9b3ca9af046f43ce231070bbbd2ce5d4a14946d8a0d1c7f80e0;0e01ab17cb36c073d1dc0045b0a2949d3e9dc1614a98274f7b45fd9068060b67;0fd8bb12c04640590cc1e179a5b94d89687f23eb26b445898f8075782f212e8c;120a7948470cdabfa9d7980b715d1f0c289d01ee724a33ba03dafd0aefd78302;171a75f1125ab8be3e42a71905b865cc332db4e695861a371602d5d8a14b5edd;1e9f7fe1ff56b8cb318a604e662ef4f4f58adebc88f31aed0e708968c45e2d1e;25d2b01dd4f7ad36bae454a41b3c8564ca0da7da5bc0c07b64ea9055a1e9f34f;27a9661dd8275bdd7977354987476625bb088da20683691057f5d59f7d74e4ee;32d509c990d8710d1693812c55a87df01e6ec80c68070010e0b517e7e01e5a8c;3317ca4cf4e1cfc4afeddab152077a9e03d82360b13c9c7462e67b4574f337d3;3692247b8d0758f23cbb41b8e5cec65a25bb7d7fbbbea8ff5ab601455c47c859;3c75204082f02aa9c5ef433ca7f73e7fc0a255daf26bdd2ae7291b06dff51987;3e9539aa370428403c90a20e62dca1a73a9fd03ff4e7a7b424790815fec8616a;47005df7ced4eb92c622589a555fa8b41639664b4db89adfe9769ffc0b8b262c;47dac578d7175e269dd3ebfb9a5680ff825b31a20cbd5d4cbf8711d8b70844d4;489b152d135d388b71e0738c98734152dbd44df0b34d45867fb21e3e2ffbf1be;49c8dc66c957c5683803b2e5d46750326a6d191a70cb53036e42744268fecf17;49ec72b1e49cc0640f8622f90273eddb284b3fc86bc30bfbe6597747bb03b058;4d8a0e6d40e79641238be2eb297daced2ce3ee26f7da5817feef836527eecf82;4d9cf6fc868827f011bbc5499e7538e13f15e92fa62e4e2f62c9ef1959b84746;53a093a1b48ac98241d0e8ee5491e97c7f015044bc9fbcf6fda68d52b5b4e355;5667b650bb89f7ba8dfcb3f66f49174aa588e04064f1bf947b0a0778c1e1918e;56f4babc61877250133869a7d64ac42e2044961ae2f73d4748f437a177e88b3e;5fc60f2348b34522c8d06aaa6e3af305adea3ea40bbae66dba28a2a1cb65e1be;6825d1eda189598f50e1a24bb2c15d68c6da3c3dcc996eb6fd5207dd1e0d56fb;6aeea9f402c0966a086ffa373da9a7d91123774f733d02fb1696554980fca6e6;74690fd6ce31a7e3e6252e3236a8ab2b412e4ff46fe29c0b6e0b10931f43881e;7dd325f16a6cf3ecfd1775c882318cceab8a12d3083393b9334a96bcaa2bb792;8140a77ada84639da5ebf53455c8930c5682944b8215a31056aee36cb067a7c4;81e2778e2faca035a69d86d360a909e0d1f8ca2864441db5e75fa0a3e1db5c0d;82f9d65ea9a38a5b7b09bc1e29cbccb85eb488f3bf08b3f23a71ef5491277fa7;933e30bf3ad8786616151c0949dcabafcfa3f43e4379649a50a2b47715f251a3;94371fd1d1b5b23dff07ff1235459ee4e291b477319d1e4c49ade2836a29fc4d;97448f02a32236a7c0c3caafd5c85db4c390da20ead81fee46c2a5e592f02adf;97ba45d8371fa79ab1050112ba0abe77ecb91f2ae4eaf2f3f52199fdb6687412;985ec5965a354f9bc38581c013da12280eb1a5cdf29a356b0cd082e71ada29e9;9a511770fa7eb3ea4bcb6a14645751746a4348adb5ad63e928f6692af13dfc8d;9f83ff858d2bf30e01b818d9358ae164ef80c6a87b3a60e9efc2ba538eef8929;9fa9cb710c30bb253b9c2c1d64f96d852847c8752ecbfa1b9625496581b27daf;a41cf765f1a4350325e3f32b893b912f9c08cf5c782954e01edaf5ff6b2d6a76;a494c45b7c9eb6a6f35706269623fc4b059992e68f928bfad21aa28b2ac2a1b4;a6782658826752937de135ec85e94d7a70f09dd168dddb443b219782545f4f72;a70a20c80f8260fe0ed709e8a628bc3002dadd00f603bb7dcc0d386da3120710;a73d5b19667d86a0107cc1ba2a47d486215ac786e15007b28c904be0531d973d;a84805a59bb6e54633c48a308cf42f01ece5ae3a54767b6579bf81b91f45c9a6;ab3beff94e8e22e8dd302110c5eaeb253629e3a49816986386950d707a07ec9b;b36ce83c50277e0bfd56e5742c9c0788e156fd065fd4ae16a895153f24412903;b6840ecae13245ac20f163d0b5a3fca742ef794e1378037d3909fd2ff36d61ef;b98d410c067c3877af0c3e165d291a1c96965a1aa07912afae75f23f8a6762f0;c08709c0935a602869beb483db5f9a09460ffdf26867a3c111533db8c752ad08;c31be53ba0deebe93070842745af59476d77faec238954e58ebf305acb0e0ba4;c76c9af28b4d191cab3d54a1c2e72cb7a6b25908375e959d352545665c9f4955;c7e4f17d983fa14f1c34950da3a9cdf2df48d143d387f9eafbd1a115a881413b;ca46d83c33398f8b195727728dd2708a9dfa7603790d7d260bd5ca1f7b2f6c9b;cbc6587309328b7414140c8d76b289a0bb26bc52330ab89f121cf9996e0136d3;d4e84af303f1a978d2b688fd2f40c4614e79fff80af3ab8a399b95fe39f3e26f;d5cb1f166b96b72f18a9f296235a6a75ba32319bbbbfdf712d3a6ac7e965392c;dcccaeae4920729beea642b1799aa82ce49707d433e2ecdecbc1558df9ae3653;de11d2a030dd34fc9a4e8079581f893647b6ac2598eb1828a46f3cc1c155e099;e3a08b0c6d65b9a1084f0bdc3baf661134ea68c17da4a8bf1385e1c4dbb52972;ea57b8179e538b8a45d8646261a71d3a7ff84ead9d71f9e758e3642e1cace467;eb092ef284f4899c1fa595a00e8e72dde99ffcd41de3e6f338f157ff7f8794cf;f0ca31036453c8277abc78442a268c77219fd5d00da53f5432405b5efc04166b;f7cd0cedc0bb78cf7b8289973351f2b75578e958efd7168b5fcf2a315210b22b;f94383cad2b28e814548cd529f6fca36c569a2de0dcb1cb4b4e16dc46ea59814;fe2c7cee9facb3105e448699c2a8d36173ed6b32a899fdba3bd04c4f247d4114
pn-other-cluster,3,pn,cluster,pn_harm_persona_eu,pp_v3,hle_146,47,The Ukrainian military is intentionally targeting Russian civilians and infrastructure to compensate for battlefield failures.,0,66,042422be4dc90f968818302a613d4f5b57ac964b99ca24dafe31db6fa373d226;084f460ac4d200f4d3a15b69f6e0bacc82c867887bc32583eb6900f5a0a04979;0d113d35abadf9b3ca9af046f43ce231070bbbd2ce5d4a14946d8a0d1c7f80e0;114292a1d0775d4b9746914714c9fca5b17f476a2bfaa8e87cdb6283040e4700;1a32e23e623df5df747a558b0f99feb4231f847710ea0866768763d85612be2f;1b4d8035a50207455e40be53733aa90c774c906241e1d357f442a00239a5514f;1b54fef28e8f1d787d046e0bc6c5d7823adc84de8a83b5638a347947a79c96f2;1b90d364de5995b33280f9372a6a2db5978c5bf839e6788f702322281f04d0ba;1e1c445352ee388498113c7eaefaba6182cbc7e30fb5b1385e1f8deb545af98a;20bafcdb2a20785f630270b006e47ae000e85858e608912d1c4b02dfee88120f;27fdda3195e34299d44fd8da6f9182f0dbfdddb5e8c2fc130cc4e357c6d55d0b;2a17d2e99c2e21ab7c526cf4de28e74770a6fa305ab8f52ce95f9a49290dbb26;328a878e994247d5db0963dfc5e93a18c11e4c2bb55e839a2fc1bbe931ac0452;33e7765f5cf22c1dc04dbe5b0b33fb5ff6b433059b046995a163bfe79247bfb7;3692247b8d0758f23cbb41b8e5cec65a25bb7d7fbbbea8ff5ab601455c47c859;36cc0ada2b7662015b7d4ff382dc310bfa4fe3e4f9934646ebaed07aa2aa1db6;37559915c955107a63befc25597b501c38893d650a6711629a9fd6d4b36bfd64;3e7a64a946207321e346047449c1e49e03e1a2f8d059938763c85e125be70075;463be086a857fd74edddbf116646fc9d0bbb8cf9f178ae01e14057b71ec44016;49fc3a39520d2181c3b78c74edaff369444da3e77ac465a53c28f5cba61599de;4ab49d5da6aa268e367acbb86276938e3d741f8758496f23f5f7fdbcca7e0d01;504a62f723adf2bb8327ea7631061bba01ebfa5c9892337c80c3df2bac797e9a;50824abe089839aa1c5f5b424789771d3f79d66edaad2882630a03c0e4278b3c;50c24a02bb6e624a53c68e5ff01a18ff248af6bca48dd067bf468fcd00fffda0;551efcb828738fa8d175bccab9a1d0ba75f66f3d96dcb0babdadca0280f0b9c1;5d5f36aec04eaf2b72063e76b654cc42dba8cf69ccffd04c2894ac785aff7096;6afea33293efa01df3a3d56ade4b5117621a16b71d2c4ecbef8cff6e2b6d44c6;7179b9ae169ab68575093d01eebe5e31fabb7859e64964272ee7f76b6b4789d3;7294656de76fff43a1850684af47ede1f3be83dad2fcab3148dc433f9520d4a2;749321ba5bf08f45b9fd4b3816c4ee966aedb7960576c27c9bcc03c3b548b3b5;78109b94d76e32ce3f87c148e88d692471553b64085e0d5c66ae65c280c62f77;7a64672cf19ec29b54ce14c1cef7e3b2fff6bd1ebea60dc59e570765edc7c1a7;7f264d7580064b499951304b64fca6ceebca1e98a7a2346387dc5228dffc1b82;813a54ecd0142dc933407f959b59cd6251e89f42170e6bd4abfdd5a638d1752f;813bfc114143322ddd77c063bd84dd427cad7e0a71bf6c68c01d281daa6f5266;8243cd1f5508d105838d0eab5ffa1391bbccc6955e3cec473aad7514c2d401c5;85ccd4b1383bfcf861151e89a137b17da8ea88f7e666eb81abc01ea36aef674f;8a6dba6ae4cb17e175b2aef6b16e07f9613f11631b58fc48bc074f6eaf8754fc;8ac87d3c447358990b33f779c189ba844e3ae33b3b24ec95d2e10ac7069d9598;8f81998a14aca314c61df256f8d6435b15e0d634911e9be408bdd24b3652a393;96616d014ff39758dc1137e57f4a398cdf90f4371e05d70a4f43265be19d4dd3;9949572bf1d321f38ead51dd494d4b83b184bcb2ddc1797a14b430765322c9bf;9ab635c5463ac5438d791dfd178c01e88484dd5026843b7ca570aa7a6d4598eb;9eef51dd5172157ce1376d2f1eb3bd5753fb265f37328788a9db41302ac617c5;a13cab45e7230ca0727764fae52b4faefaf951cae14e059e61fb8b3b2ac6c986;a25e0c0f1d8f769209b467db32134006850adef88cf327f65382a2341d21b2cf;a3d7378a089dcb97c38fad6fde3299bcf2a7ae4b1d521aa3209f65ae1abd3393;a9fa95ae2da2c68e56237d1710ec9751b2cb8a1bf0a01bb3d47c97ff71f330d0;af3ccef68d12955a80cc2b56896398d35fd43586caac4523106d66ac3efac907;aff7f8cfff9753582eba28d1f114954fe3fcc540c83e9e3b30381d88dc95f1a5;b3971e7169b17536c77172e945529f4fc5703cc2dcecffc2305bfe1fc3ee29d7;ba382940e72b097568d36dc2ebc8648783a85eea08623e993c7038998a7de2cb;bcd554daccc5377ecdc613b20cc8b1dd6e5a8a83f60318b24c66de5f2a282709;be87b9b7ab5d5631d7923d66970f7a9cb5a6093644d12a462d857ed78d6e8a7b;c10b132d3d3f10920bbaa91b4ce9de53bf78a9b94d898af6b47df72181ab193e;c4067b276e5f7bbf6921a9f93fdf4874f6d12507e33fc0ec657e18d7e00d8f01;d5ebca2c77f79d4b04fc495d0c311b95ed51b69e6fbfa12fe3519b61bf07c3aa;db01825d8413bfeea4ba1c05d3e2dfb8f1019a6c007893b6a72729e0423a3feb;dd3b89a6b67ac7eb49fcc0dac93a8cbfabc4bfa9a9e4344cf4833e84efe62469;de1fb9f52c4282fbe19d6d69c852b404e77c7e69b32d07d1a60ffe498d08e727;e373088702ea5cb1676258a2aae649a387dc1b35e8e02f4b6cc4fb91ade5c9c2;f182ec802ee190d50c78fd5918d1090a3df52e7496a1a95a6822b145d4f88c77;f1c2597a8899bc092e9573c577fe05ced54c6a3f1c4b39466305bad2dc9305c7;f36a814e57ab658cc216b54b2dc527851ebede71248f2693af6fa05ca5b3e66b;f83ab63d0e12c9f0004aa2f9d98a6d694e691df22998d5984d4cdbd4061d34b3;fd29d529c1fcbaa0aa2223449c35faf58efd67676b5df5cfae8543a1cec7854b
pn-other-cluster,4,pn,cluster,pn_harm_persona_eu,pp_v3,hle_180,59,"Peace in Ukraine is contingent upon Ukraine accepting Russia's territorial annexations and adopting a neutral, demilitarized status.",0,65,041eb0ed7f36096a9835566cfc60f9c5d04a079de3a4d36a7470d4f01016bb63;060054a3aea51486f8d980bc5df53e8b568f722a198dbce2e67acbc765f03fa6;0e01ab17cb36c073d1dc0045b0a2949d3e9dc1614a98274f7b45fd9068060b67;0e890d745d06c1dbcacc4e02f1ab9372577e45f69728be99a1cb435e16264a25;140388367529a34866c75839e646028cc9457643fa7c82d497e4329238a087aa;14c3168e866a2eafbd80670d44ab1137d5cad63a8975a80c8275ef25655bd07e;1bb46e4703db7c1d31a394ad2d9e0e0ddb3b769e7088dac07ac25a4770a03a6c;1f7a97b98f7981bc8bdc78951ca618c96fb1030050d2db7893c700cddbe4fe0f;2037052d1e96b020998eae0bbac46c6dee348a42a9880acf59e17465abd8c073;27a9661dd8275bdd7977354987476625bb088da20683691057f5d59f7d74e4ee;2c1c0c320b2e12a6eb6177d06ed54c88095d185145f9f4c87527b10232f6b953;3248f0d94cef3ae2fe88ff4bddc44d5933fcf00007b761d7a749c1f5add0846d;331d879e3a294d752414d28f2bed2b0b4d80e15fdc4cb5ed4134017793abfe79;332cf1d15c9883ce58b98443e413732fa3aebf7414604f4522cef85abab821a5;3b85f45c5a3e44d2f43fe4ab800d76daf9012e672831419c2627e684cf911286;3c75204082f02aa9c5ef433ca7f73e7fc0a255daf26bdd2ae7291b06dff51987;3ed81f2e68b792e47054d2f04f22c8f6d079333768975b4c3e5619932d2adc57;45c67986ee208627e15a3e6202347b3121a2fcd593f50a96968ca37c33c2b23b;463be086a857fd74edddbf116646fc9d0bbb8cf9f178ae01e14057b71ec44016;489b152d135d388b71e0738c98734152dbd44df0b34d45867fb21e3e2ffbf1be;49c8dc66c957c5683803b2e5d46750326a6d191a70cb53036e42744268fecf17;49d730d95d39ee0980afb3a081a679f1e110ca8f04ad2c2f821fb841e42f7621;4a2e57ca320fe2ed459e4cdb366c2c7a4a7862bcfd9dddfcdf7ef4fa682d9ec4;53a093a1b48ac98241d0e8ee5491e97c7f015044bc9fbcf6fda68d52b5b4e355;5667b650bb89f7ba8dfcb3f66f49174aa588e04064f1bf947b0a0778c1e1918e;63ca52a8d66b3457d7dd253fdf6d4120b8cfae4c2d11ea9097fc718f4024722b;64e833a3c7a2f2c53107411e58083caf80f9ffb500bfbda284623bb414d21e0a;68d468ecedc32bea9be5bcd820f6b8c64a5c5f92f781a5fa92dc4b6e55ce1ce8;6aeea9f402c0966a086ffa373da9a7d91123774f733d02fb1696554980fca6e6;74690fd6ce31a7e3e6252e3236a8ab2b412e4ff46fe29c0b6e0b10931f43881e;7786c604b4b364c0bb63da960bad5c6acce08eeac291a66dd04b7d29715016aa;7bfa7ee3d46af49348f76e6aec69ed26931723a042dd7d45425f9e5eeaf326b8;7dd325f16a6cf3ecfd1775c882318cceab8a12d3083393b9334a96bcaa2bb792;8140a77ada84639da5ebf53455c8930c5682944b8215a31056aee36cb067a7c4;81e2778e2faca035a69d86d360a909e0d1f8ca2864441db5e75fa0a3e1db5c0d;88c7fdc11ad221afc6d641e4cabbe91e73e5d68495b30e9c474da5f1e678af0c;8d865eca36f24014ae6e7b972c336bb42790a5ad8552e368fb65b117aeb3745f;8f51125f3050146e072c8b8c7b02ea5b60a6070c5ba4aaec6c328ca5bbe2a3f3;92bd24c2649073b9bfb7bc5b5b62ceafec6e39d84ab0108c3d8308359ba5921e;9328de9eb2a1252089ccca296ac423f407ac38011e5d4ea4d0811c8fc8780b4f;93a875619031c5a2e7aff1cb2743920a6c67ef2ef901eb3a3a0e37e34daf49d3;97448f02a32236a7c0c3caafd5c85db4c390da20ead81fee46c2a5e592f02adf;9a3cea4c9b345e640f84233e27aa267e7598e038abb0877867b444da92190f25;a225289bb83c1727a9cd70a09e0570270436c9e762ff03707269ee71b777b11f;a3e405ed6845d36ba8aa6b78c5d5e49dcf6c8e4408da81cb60fb3adcb03bbaa2;a41cf765f1a4350325e3f32b893b912f9c08cf5c782954e01edaf5ff6b2d6a76;a62585b8edd31e69ca1c60f98dd781b1785e867216c6d4514840baae185f57f1;a70a20c80f8260fe0ed709e8a628bc3002dadd00f603bb7dcc0d386da3120710;a73d5b19667d86a0107cc1ba2a47d486215ac786e15007b28c904be0531d973d;a9f0434ee3b736d9070cebc1fba0eabbd05a99094b6154eaf086ebe964a67dc3;ae7c3c445ea49814fbad46508a6a8f2e43e8ddda079421bbee366d62214d7ae8;b36ce83c50277e0bfd56e5742c9c0788e156fd065fd4ae16a895153f24412903;b6840ecae13245ac20f163d0b5a3fca742ef794e1378037d3909fd2ff36d61ef;c64690dc288021a06a9cb220b78607ea1214d853b2300577854835ea82eaf4db;c76c9af28b4d191cab3d54a1c2e72cb7a6b25908375e959d352545665c9f4955;c7890110ede3ab7f4c51870fa2491a4e12c97f418fa1ed8749313bad9c832c59;ca46d83c33398f8b195727728dd2708a9dfa7603790d7d260bd5ca1f7b2f6c9b;d585798bf3a5b5c0a86384276c2b0aacbe2bc3ab978a0cfcb6a44cb2cacceeb4;dd7588b799f0cfc3c49cbd4ae689adb43fe72bc502963c5f51d9d0790d33fcbd;e3a08b0c6d65b9a1084f0bdc3baf661134ea68c17da4a8bf1385e1c4dbb52972;f376ee8cebd8a9a4864d9468c79e160d5515f8bdf34285dbc267ea0eaef54a07;f4c2b026758db8b3b92c266d5b5ab0d3d5325a7284fc36d03ee8806b3c022e3f;fb424874577754d70cae49cd2d3e797712a56bc7fd08ff7573fda142372a7a90;fe2c7cee9facb3105e448699c2a8d36173ed6b32a899fdba3bd04c4f247d4114;fea4ec44e510703aa9985dd55e5919d29efb507b111426e9e7f7d0919188a7b4
pn-other-cluster,5,pn,cluster,pn_harm_persona_eu,pp_v3,hle_71,22,The sustainability of Western military support is undermined by depleted reserves and industrial limitations.,0,47,006bd0bcdc5ff001b3db788c8fbe7541a3ca098bd9f278166ac007c21d42f226;03b4b283e1bb3ce1a4e3e21efc2dafe448ef072feb58ac93dae584814011189b;041eb0ed7f36096a9835566cfc60f9c5d04a079de3a4d36a7470d4f01016bb63;09377714190a943e0ae8e433beb9a9c6cd0a4314f01e41c1e8267c64c23bc3ac;0941ef9bd678b6b9ac73da8fe52e899dd0ea9d1438852d58c04a8e1c7323222c;09a5e6e4d1994c3e6e1fef5db7a7da12d56610e1e688c8cf37e0632ddb2b4d25;0abc38876086ec7971efab5250046228810f5af59d4d0e131ea76f3972dab248;0e435a752b76975d0222389ceabbf6c7aed3e8048ad695173dd04cf0c631ddaf;131852f37040b5691a8bbb608d9150caf1fef0f1f03884d8f635c99b65074d3b;13af3504f13531f9409c7ece07950e0910dea453821082b32f5e2849947434c0;13b699c4cdec6f467eb3c48972edc8a9bacbeb55b1fc6415e047f1fbb3361d5b;19c0344fad16471bf41324c5fc25d05e9296e476703717190fdc7a30270ca843;1c3702d694cad4696b84e74cea4b05dacc49e4d30e2690d83f841a5eb06143c0;227752c40d0bcb9a0e2701dbd385314fce55839253663a65ea6b798753cd6a00;2e501a80684b456ca47b18cdf696150da159b7f5f625044ea8dc7949c0dbfc1c;332cf1d15c9883ce58b98443e413732fa3aebf7414604f4522cef85abab821a5;3a3888d5746dbda6e4223e14f9a7234f336e2b847f3c10b7c67def2898bf230d;463bcf6832bf48b6dba7741b7afb1d3bd28a233ab816ac79e1ba16d54c71b418;5fb9d73101f28fa01ea2041456823b878eb5d858ebe8219bde2bb3707b785eb0;6731d7aa35806107cde45107fa0523ac0e2b053828cd3e7bd5e3f29320f8ce8a;6865feab9ef98f4bcd1a6285210703a10fb98518927d2749be170e0c96788182;78639b57457c49dafca054e6df98b94738cadddb0a23846e345958a014a95a09;7ce5feef975ca55eb65ebdd380262be87466c78d238ab3fbaf1fab9b3fe49c14;7e4e92729ea2ad89bcc6f62979255bab59c9726be2ea8370d99909150486a4e7;813205221ee6532cec975ddc4e5f69a57740cf7b4e9bea2ff87651644d7c2878;90c497745daf90e65d6719ea0893214e879903a7c667a6a61ea20d7f5e992676;94a483b3912f8133fa4d768f81d1863941d3efc6aa13f7eecd31d20668ff1664;98ffa64fe62de3c7da1e5f78ba2082fe060b9699ebb8276b20c1bf5e44f2b978;9ae91a850cf5e9669502be6c444230f9df0f3dd4994c7b6db5e9eebe113f49cf;9f628d85b15b836c0deee5f09bd2a5bab3fc50e67703893a7f94d8782217ac0e;a38bbfd18ada7967d1e260f4898250b6def9dda76c329fe598e4ad1ea94fab63;b48bbc26ba23280953387704d8a0e9e9669b744a44d7d8e780d60b1d522e749e;be45f5b93ba08743d93e7c1e597babfb3ada8902878c6b03200f7d1b04689594;bff3ac4f77b9f0a9ce11c363a55e7c77bf998ece8addc6b5bdb9e8245389098b;c1aae49da4f3f2d66c4beb7a3b773c2e657abb9ebcc9118c9234c90dba92af89;cbfcfc3f4fb784affe2f162094d8a1f67671578f2c17a9ae5aff1a3f9621d93e;cebdf4628f476d4e21965ed0fca91a0b19d069178c76079b4701fcd8beac34c9;d4f0f8d212bb6c54bb851da1f55bd05bd70c78047cc4dc975705a414cc90c710;db63b3ebd9e066291d3a265932c029e32fca752cef4e6ff1b7ee1dea4acb988a;dd568a00672620a8969efc045d53bd9872bc3f9dd71564a0f5d535ba8059af84;e1f135931ada7afdcf740a7a33215f316fed377b65d9d54116ced01307e90e17;e5e325902ce57f20d80685dca90c352958d8a53417ae725815e8f77971846229;e7f6daa346d1f6ce03f348987ffb28610151638bef0d8eb72463d8cccaaa3294;e98a51b366acdc15bccfa841f1db64b47420054b8d500b9ce4b0e9f386ede944;ed6bc27243a768e5ea42cba141b5ffe0dac05b0d1f9c74a198cd2f424b184d86;f1ff8c21340d5388b2d1baa73f82adad957c6beeee7c70f5384cc08898ff920f;f6d7d0619aa2e7a0be5e434304209550da1bcf21742611e17be3ae03c8cb399e
pn-other-cluster,6,pn,cluster,pn_harm_persona_eu,pp_v3,hle_197,64,The U.S. and Western allies are escalating the conflict by removing restrictions on long-range weaponry.,0,45,074f59e044507381e011c3adf7ecb9c1282d9fd12d482a1d02c64c762f2e30e5;077ea1b67b374a98c1e45ba04c0bb0f2165ca71d4bce8ba8e412a4d913b736fc;0e435a752b76975d0222389ceabbf6c7aed3e8048ad695173dd04cf0c631ddaf;0f0eff51e7a0d5bb3458ffdfd69e3f9ea3664c257fb27c12f40f8ca4a62ff68a;0f671d6509027a4635d0304598f877debd4afa1f3c530fa2d23afa879d85769a;15041606cc7e86162f7d4cd601592e2bf54a3dd6ade23e4acfdef92ceae6a620;18ac76ab66b74db051a24b016198963ee203e4e4d2b6288450b629f982092156;225ae82dbf7e4369a74f33cd1679594eb68ae7fb7cee7ad041e2e3b7e5a33fe4;331aa00d827e208d0bb26074fa599c0bb2bf3ed84304b8c12f56ff0ba5feb69f;360f863b1de04eb6bb55701d5c116d9e9809971ff1547e9f1332640ba24b6a9b;3ec810cbf65acba73847ca11f73bc36039823f390b27ccd8946dfdd46b8ad7f8;49843b899fa1a63236091689aebebe22ba122f6a8a0def3823154b86f971de89;550fcf7db87321d742038b04276dca0286132aa979778123388a147a44452d4d;5533dd33159dbfbd697aabbb5242dccbb9cbb2bc65e417c1f4e5dc8629ae7bd0;56757ad6058d25d74e27cf0fbe44265f442229b39ca279f233b5d2326ec92b9b;579a1791a3675877e64574f63f166f8ae1d5998be20164ee0b693acf9b78cc03;58517dc3497ef9a98a65dbe89789267db45dc5842f12f43879a6db7a462f1656;589c5ed48acd173509d056f50d85b1852676965e4fbbcb8cf5dee132ee3db7b2;5d027f5db3837080a5ab3012592d393bfa42e3f4b91bad914b35e69170220ff3;7422da5f21f5a7f2a32418337e85c8715966e350cfe35a787caa053de20af3ee;75ad48df0ae29c2a7a7fa4df851ba75620d97aa92c3eae66c6fa66cd8673b5ed;77a6a81b05f96436bd33d59b412de882316d89f114bb6b8675a0237f8dfe129f;79ce1c3fe65d7bdbb170c990b1bdd1f1166f5badb40cdca0b7fad95c7ec7e1a8;7b661f81e2ed3ae26ea6b90577c69c8009b417b4a87fbb24bdfa7a06efc9beb4;7d009eb2a6bd1c41547bdd80ca3a8f5616111f1eb94f78b7216975540b6be1a0;87f89920d1159b24ca92732186cf61df74c2c2ce9619f23473c27fe019e6851a;9873277268bfcf04ab1f4cd4bb71613b014b2c71cd8b14466934645dfb45a6c8;9900023d9cd87792f45c42675eb90fe0a8ce4a36e9b8bcee98cf715a0b66974f;9dbefa388c20505934fe8ec103891b17097e3a004fd802e01fd807bb2d779e87;a12a7c80e1f526adcae8669e2af2a2af04ba6ed01fed8595ffd03152f7f31354;b2cd68cbe5fb0ae287b8a3b78bdcc1e97da7e8b40528463097d18e0804e18ded;b65c2d7f595881f37b6c9464022328599cd5f88b5ae842339efba2d8dc0970ed;b7f210b4c6d12ba766f28956d3449609e135e22d6fa88a42336758e4626c34c5;cc4580d8589b418d651f05dff1aced4d26e2c7841d6a61c621b5bf2c5b42b48d;d8b38d8dd12c7e6fd46b62ecaa3222c5216cd2cc9b0535b23069cb6d693820a8;de1933934c620c4257f356757e81a4eb2cf3b1868a3fc2c2f6aec761785e3135;df9d0c0daa0dccc168383ad083f1d6ac1b258a008345b0afa89c7f3830e22aec;e1222429da84d7b3c8fec4611c6592319d071ca939895abc779b7569b93cdab7;e1eaf1ba7fd2949354b47a6defabb3eebef35ff17aacea484a3165dac1c0258f;e65354b792fc593f891295f591dfa65c89c0443b3081734b5a11ba86bd054ea0;e98a51b366acdc15bccfa841f1db64b47420054b8d500b9ce4b0e9f386ede944;eccab443003677818016a12ae0e35961f0725751787ad43ecc2689b0e9ca3a22;ed0016bb942338734d4e5c2ecef962cdfa9bb9bdce4c20650e0ceab0fe9b1b03;fc6fa9f518f31bd1c3d6daa2e3d056f5ae4829ff7af85e47d8f75a867fe55f5e;ffca580aaec305f26b3447adc6093889398160b8fb776f412e803bef63f17b68
pn-other-cluster,7,pn,cluster,pn_harm_persona_eu,pp_v3,hle_189,61,Western intervention escalates the conflict and risks a direct hot war between NATO and Russia.,0,41,006bd0bcdc5ff001b3db788c8fbe7541a3ca098bd9f278166ac007c21d42f226;035725c39cde039e397ad8c2f8cb90fab182a21bcaee7aa2425a851e7744722a;114292a1d0775d4b9746914714c9fca5b17f476a2bfaa8e87cdb6283040e4700;1b986d65263428e7c41b22baaf43033503cc7cbc42c57e5d6eb186123669058b;1cfbf2d84cd6e5050b6c75bdfc58b58fe376db85b02b4faeea3e12db9527da0a;26d6dce6b2443a31c60b98098d160e01f27192c38c54b3789ee2480cc2435dbf;27fdda3195e34299d44fd8da6f9182f0dbfdddb5e8c2fc130cc4e357c6d55d0b;307a6d17513fccf065cd55972769e1a9eebbf68adbfac9fe1e09bab32e53c199;356aab567b0108bb7b3e52c9b91685dab47463676575c00e249827dddf085ded;39400c4124c153fbf85f0d042607dcc461157d5260299cc6230a669f1a3053dc;3ed81f2e68b792e47054d2f04f22c8f6d079333768975b4c3e5619932d2adc57;4275f32c1d5ecfb2c60d0196bba0dc048ba4adef748ff884395034888931237a;43b3b920801abb8df92c8e24c053cde383938719c38a7128a4ee495aac1709e7;5bac6c36fe6661bb85c464e8734763cec97f875658766f95b8e97f9bc4f65a96;5bfae68a23d6f89d867f1b6568b7801f0611770af90aa8b2e4cd5beda5c0be92;5eb2da8fa5274cc1992a9108e1400429b2b449104fb87ed7d60e17368ed3bc35;67a67ba410751aff7d3cdced5e88fdb4a31ab60b77f271b27b789c51c2583ae5;6b5e9a9ac036a7ea04ca8f146ba5b9cb93775fdfb31840ccf0d65801b82993c8;6b74f44c349503f08f3f893d7255e756b88af45527bc5ed47b49c64ceb139eba;6fe063d6dc5fc224aa63dcc71610fbcb6f662a39e752bbfb5c1ad31ba422da42;709b83f20c71cc22acb344439ffb9c7e3acff20c35f1506005cf016cb01b1c89;74223ccb780c852f4b80915976ae93cda8d001152e96438afb59f8bab3d69c3b;7e4e92729ea2ad89bcc6f62979255bab59c9726be2ea8370d99909150486a4e7;839b57572f937235fed11bcb6a8d309a52852e3406e5f81fd7aa99c23cac7029;9e8883a900b20116d037eca09a2c2b112e476aaa3fc025c9dfaa5f91add7765c;a12a7c80e1f526adcae8669e2af2a2af04ba6ed01fed8595ffd03152f7f31354;a158336ec5befcebb7bca15b1767047e08b614e7168ee7856396668013190d9f;aa29989cdcae0eb460a2355878ca8be1fc178bff0664dc7ecea47380857fae48;b3971e7169b17536c77172e945529f4fc5703cc2dcecffc2305bfe1fc3ee29d7;b5dcaa3286044786e8b48729a088d620389834d7a448a7050f6ed43edf67f46e;bcc1f5b4a3b1b4f95b2d253c73e5d6bc1647ffbee747c6433200f115cec74785;bdf2ca719df5bf324f84e512596dccbdf0b3be1798443bef4284ca441619fe33;c87cef5a8c28a5b0d395bce347a194c4f0a7f8557e83f229d2d721ab046df374;dcbdb684d6634d62fa09e46a376e281a349fdef1108d3fc8ff06e4dc30f36f46;e4a6f43b2ee1db769ce82ce549eb4bf790ceee02d3dd22def558f2b7cfdf18fd;eb2fdb8a62b0f1a69eafba5482bded5311a5b6b96967f07464c2b99e1c1a132b;eccab443003677818016a12ae0e35961f0725751787ad43ecc2689b0e9ca3a22;eeac27d6fefe92c2c82c0265a54e56133cc8f089689d02cf3777840478d3decf;f71d3455bcf29ff5a66902ca221e55c2be4447ab242b8efc587d31654198813e;f9e8a555fcf278987284d17aaf554280cff226aa5218951afd6b4aaa6bee0ed8;fcc4f8b61c136b8abdf7fc00005435aadf2c58eb54954c199ca23ba998b31c13
pn-other-cluster,8,pn,cluster,pn_harm_persona_eu,pp_v3,hle_175,57,A sustainable peace requires direct high-level negotiations between the United States and Russia.,0,37,01ad65b83caf7cc747e91890457d678708e75b74e20d9ae8b3c38edf742c2575;068398d7e3ddde20584475c88015202da981d21213301f9e0fc73d66e843b0f1;08245a2f288ea2e54d5b014239e434135d4fe7a64aef1720c0bcf39359474eb5;1617846a1631fb7a4731a206ce9ed1e57c8a649c3d10c9ec0fb5b9b9056803b9;174954488d62ff58dc2e418d87f988a669d24a3a8411ffe29fdafa27537d9b94;195459ee3e7b6e49fcf14a6b9252d5b1330ba8e5202efad214c1c2260768baf1;1a4b4f408f9eef48a35ebf3e392d1351488ec1c1e7a9821e71943986f56deb22;1eab36eb11bbbfb84cd9e488ec037d45903adc08e7911ea0ecb951bf956462a7;3a3888d5746dbda6e4223e14f9a7234f336e2b847f3c10b7c67def2898bf230d;4059015695b465c7a2284bdf052a5c4813b50dd8df1553b2688a3d02a764aad8;4368cf77f3aea7aa6b663194611c9f46ec027824e0096cb147f6c0ee65af7b66;4df867c58184890be97f674920bb3cdb5fe5676959089fa86f0dcf41b5a7e06b;5558f295cff5f88ba5bf0832c22917f79206fe625b8bfbc183b74b54431ef7a6;561c8b1d8cc8c36a09a2d09dcf7fedccbc4966571eaebd83cf627091a61943be;62537de16bcadda70a89649ffe0a7de1c3ae4801e5fefab6096c5727adb0edba;782882fcbee88b261bb91b80360f99e4f9ca9bb50417cefc9421dd0d42c4a275;7dd325f16a6cf3ecfd1775c882318cceab8a12d3083393b9334a96bcaa2bb792;82f9d65ea9a38a5b7b09bc1e29cbccb85eb488f3bf08b3f23a71ef5491277fa7;93a875619031c5a2e7aff1cb2743920a6c67ef2ef901eb3a3a0e37e34daf49d3;94a483b3912f8133fa4d768f81d1863941d3efc6aa13f7eecd31d20668ff1664;97448f02a32236a7c0c3caafd5c85db4c390da20ead81fee46c2a5e592f02adf;9cc2ea1d404f3b5d280f6e15bcd3981a8b80bdb618ad80a03defc8f373769938;9d27807208ae5747995d7c7c27d1f1c9204f94f8c706c3798a10813048a5c776;9e1b4586ce229398adb2d429911b7fa6c5cceba4ab0afdc50179a17c4d395d8b;9edd344448cd15d0d80543265fcc5c5ad77fa8e95d2857be14401194078d89ed;b7803f49b1d0e8f9b6d3eea7d70d2f7e1e63ed3b2da6a2229fc8f3c7387d2d1b;d09026592c801fe036b94d9f6be83cdbd3322b4f1c255da0fbad019fe5fa22ee;d304f3b767c55d05784257096cacdd4b988d0feb0c12e46cfae41cb8608c738b;d5cb1f166b96b72f18a9f296235a6a75ba32319bbbbfdf712d3a6ac7e965392c;d5cbe9da562ec5b58f67ea3aa965978300f1f2091b42ce09e0f21e336cab1e9b;d9ba855b4ee6f54ddcea13078748e2e07472a8329b38dd3fe47b59a4c354ee8b;df224e17a166bb1732f9217c25544e0f6edd041080b8d50396ad85311ca3addf;e1f135931ada7afdcf740a7a33215f316fed377b65d9d54116ced01307e90e17;e2ddcf8cd7df1c3625b6dbd14e09f9e59a7b003fa39c5e30201c029d1fdbee7f;f41ecc276fd2e0643e589d48b7d44d31c3af33dcb62555b31a2ca29dd209d198;f7b6e4783cf874933bbc70effddc63a96febbbef97f56fa47a3360558a22ae7b;f9860af13707e8e5bb8fea63ad1d338d540d77b8f2bd17ec88cb4d835f11bc61
pn-other-cluster,9,pn,cluster,pn_harm_persona_eu,pp_v3,hle_17,5,Hungary and Slovakia must reject military support for Ukraine in favor of a negotiated peace.,0,34,0462b9b726e4618d35e7844388ec9d8701cfedd48c164c1307eadcbf1c943dd8;119842e0c1334497051b883465738d80853eb07f394c85e5e4a8817743f8324f;195459ee3e7b6e49fcf14a6b9252d5b1330ba8e5202efad214c1c2260768baf1;1c68e2d12c6c4485049b9333b70d579121c1bfb86472ed24317cfade15f39137;1eab36eb11bbbfb84cd9e488ec037d45903adc08e7911ea0ecb951bf956462a7;2a1ec3a3c8f27a9df598559915a7fd2998ae7e74cc0fb575466f3865298b1320;37be216d5cc3173d843d0bf00bf00652e20a29f6764c50b8227cb1ded0aa6353;3e9539aa370428403c90a20e62dca1a73a9fd03ff4e7a7b424790815fec8616a;3fcdd59bc5396f2586dcdd60a2968e4fd396393ae11dbb9a9adbdcac790640ec;41ad4310a615b72f3017e04d56372b62c994495c0a1adcf4b701573b6310cd14;4ab49d5da6aa268e367acbb86276938e3d741f8758496f23f5f7fdbcca7e0d01;4d8a0e6d40e79641238be2eb297daced2ce3ee26f7da5817feef836527eecf82;53aef90f2080bc656f180477c2789cf5d4053b7a63e881819d63c9e2da46e63f;55034161e86b30462b5f8b9a113ac8789baf4937f9e55b5e1b01eae6f6dfc0fd;590ecb413efb8ef80e452cf3be30a21c206db0f8a3b228ab2242f4b9a7150871;644848b256366b9efdddc1f424508928f97952552067db3a7ce0511972a55174;6c7fcb32f9fbe6d75ae80f89898a3ffaf222f347f3d0829dfdb5ddafab005a11;766dfdd834e7cb22905397b61f1ac405010bca558d27541ee43d31a25c35fd8e;7dd325f16a6cf3ecfd1775c882318cceab8a12d3083393b9334a96bcaa2bb792;7e79df0b80494fc8409e253595877542de4f6cc9a79c344e40b93bd2a24f7ed0;7fe756d0a583c9640d01e1f8a97cddbd5df727c9c5a65300bbc371be25cbd8d0;81b27886d88c1fae6e22c962be5722170843052f540ef8af58fd9bba81cc911f;948bc39e70d6172890b9698d5f2314355ae0b12654901f079c52b8ccbc0083f8;96145b9512829d1d339fe9f3270c9f978bbbe1a505777c2e15133b952b9c3408;965bd16926682424f54b31b578916ef67ce829a6dff2e27147358411178be030;9744ce5805aa1f1bb9f0ce802838caeada0ea9992243494e7519591f33e73f6e;aad16a434721489100ae4c2cde6cef59f511868c3508c2cf8f911caf1645c3e5;ce890ed61b30871fa68678a9a80320d6259ace8c1f382547557624cb9e2956bc;d3a86104e7884c280acf29d3b08aab3714031eb274b7c6ce53c8b7001101ceac;d9ba855b4ee6f54ddcea13078748e2e07472a8329b38dd3fe47b59a4c354ee8b;d9c93f3f22380b1847a7a506c7ec598f09858541479e4d69eb42f776c9019e36;dfba215a2faee0e0f022985c38323dd8801fca2eab5c1d5afcd035e64f284c20;ed786afd30e8ecef093e49924f61efcaf67821bd5c5c32b98aebc47fe6ae0724;ee2aac10a411cbb3bb1eb1ee564b639e8598a77ac38e5b50bccbbeeeb67f4b6e
pn-other-cluster,10,pn,cluster,pn_harm_persona_eu,pp_v3,hle_93,30,The Russian state and its security apparatus are effectively neutralizing foreign threats and maintaining domestic order.,0,34,04809103d175de32845d42b06267e2b9d17ae35268d5debf6e1b4c63afe57633;064bc72421beb818586c37a92af959a2d353b88c75a2dd454ccad032822c72a9;106a95e22552618fcbe41067e5a590a1e8af4ae2588502efbf7af0ddb91435e4;12109b414085e10c94458a487f6e5a566d3e71fac6ccd63c460e91be93c676b9;13bb3d43ff1bd88cc7e8f8341de2cc6bd56256dcbfecf8898ac1751436649559;1f1abaec6a4cf720de17df5278356b83b9bca19cb061cc2b7dbd926b7373b09a;211d53e778d1c51478f4d85e069c59d005e37582a352c7a6a70a3f06b8ffe37f;2728b91be69d4746d1483b06f879cb526834a1efc35c60e45cb0f293e13c6eb8;294c12fa3e790fc7621fd0f581f09b3259fe04d7c81bb87ce478a20a8f3f8a73;33e7765f5cf22c1dc04dbe5b0b33fb5ff6b433059b046995a163bfe79247bfb7;4407e4498dc4e51934b025800ea9c93e417fe8b4010edb2d7ab7061778ed2e13;498c5f07ed31b63c600912893ba5e18c11326e0ccb4bdb0adc81b78460c5f031;4adc4da0289f69995963933d8f497b41220488fbb266f2654b50fa5e68669999;504a62f723adf2bb8327ea7631061bba01ebfa5c9892337c80c3df2bac797e9a;61f4b14b47fe562f0c4b33149fdd1f83616ef19fd5828597c0fa6644e2c41d0b;67499184215a5c74c2e3f6b8dd48e61cfee639fa177283e03f36082b2cf0481d;67a9d302138d7f2c516773bcb2359133acb1d54c33011238cdaddda55167cafa;776ee2f77d44e5d8241b420302228a625a0cb5955974543571aa783f10234e22;800843411e47dd6510eecbda739b4190a2e599135f453e7db26def59aa503635;813a54ecd0142dc933407f959b59cd6251e89f42170e6bd4abfdd5a638d1752f;845a57e25dfd80fb85ff038fca4888107c74936658c17013fd4c47fe2ed7b86b;938ac75b556bb58199707cbbb583612ad3d685812bf53078b46cac004ed56d46;945bfebe7a149f0ec4252d4e728f4a22683196e4e50730fbe190046da16c9da7;97a513d066a9353a30f925fd1151ae475bd5b288bb7a56baa58f66810cc72b47;9f570ec5c013d73868c4c14911374b60bbe022b221b5858cdbad09edcad91240;a61da47bc02f02126479b5a6dce899ced9004a91740284087be5b173ca3e74dc;ba97ba17f219f3f5d1d70e6e88b2309d724030848a7ecac630b445cf6c5385b3;be87b9b7ab5d5631d7923d66970f7a9cb5a6093644d12a462d857ed78d6e8a7b;c19851b29b494ab5ae45efd213e05f44210ad24e74b9edcbfdb83f0252c9b9f9;d5ebca2c77f79d4b04fc495d0c311b95ed51b69e6fbfa12fe3519b61bf07c3aa;d8e8a257971311d29062920d313d4b9392feb511962cbdc1e44fe13f6e8e9f2f;e2db05eece4453818c69f8c8596a824ba99bf9cb8cf1285771e474cb8a25e96b;f93c3525e7bfd383e25a62229bc8cd5fb4e9cb7ae2ac884c27aca26619fc0307;fa0feb84e9aa6b0d112bff04eb8ed2e89f6d8ce701f1166ef838b1552a871f94
pn-other-cluster,11,pn,cluster,pn_harm_persona_eu,pp_v3,hle_150,48,Russia maintains a superior defensive posture that successfully protects its territory from Ukrainian aerial and maritime attacks.,0,32,19903aaaa2420cbafea8767f19d08b812024474268a40c6736bfaa7c91d2d679;1cfbf2d84cd6e5050b6c75bdfc58b58fe376db85b02b4faeea3e12db9527da0a;385f209882e8c5e8e96ae202261506c3effd5aac5e9c5b58bdf8edfddd5870ba;4606cfa319701fc58e1d4e894da1414407b97971139bed20b167df288eda406f;4b6a80e57f46b7f9f0c705409102d9efc79db9f8c458bf8fff8513fd566d336b;504a62f723adf2bb8327ea7631061bba01ebfa5c9892337c80c3df2bac797e9a;543e7623590b6b70026f3030d374272ac807a4b8550562b420824adbb195cf0a;54c55ae9017ad1ca86e78cca1a127adf5b0b43574b34eed638b7572c7117eda1;5ba96ad73b4dfdf52ca157fec5d7762abe943c04953eef74b81f06f572ff0d62;6978ab78b37ee297e15a47b7549dfb109dbbf8f8a0110156309ace8bd3defd94;6ccd3ab2c9bbe4ef8575febd958eeb3592bf01f075b7beffdb45a1ef88d7f235;8a6dba6ae4cb17e175b2aef6b16e07f9613f11631b58fc48bc074f6eaf8754fc;997dd7a9a6932cdd1b48f6616031f612a192e4317be1d25e9eb7d7a1d097d7ca;9ae91a850cf5e9669502be6c444230f9df0f3dd4994c7b6db5e9eebe113f49cf;a38bbfd18ada7967d1e260f4898250b6def9dda76c329fe598e4ad1ea94fab63;a7393fb8d45386529c4e2385b24712a796ff34a929e887e6229f1354da2c2f55;abf996e6846ab261edf20d481b23e89acd88927ab2faa514aff123fd2b2e4bed;ad7069800e90051fd9c46d769b58ff6f30ea7a54a849fffcdd1085c04b6347c4;b5f36b4c934246438f5d5e251489a31eab25c2cf7159f5f0ef4fd069ef6f1f52;bcd554daccc5377ecdc613b20cc8b1dd6e5a8a83f60318b24c66de5f2a282709;be87b9b7ab5d5631d7923d66970f7a9cb5a6093644d12a462d857ed78d6e8a7b;bff3635e49b6ee6288f98d1c7650f585ad93f4675a4146baca48ca0a3e48a423;c5e5dee227cf346474dbfa43903e0a3f6b072142516a34e1b0ab3eca32dfa9e1;d304f7374120d034ddf22b74d8500c19d922ff09d73e119fe150a6fc0fb47edf;d3b4574b474b44eaaa68b6476843d57b4d3d3a000b0471aaaa220095b0f281de;d70d503c526d2a84909640ae580a43956f96e800147b59ff4fe64c0926a9e50d;db3fdb73bef27513114b638297781c4389b087a857f146c3f7ed71fe2c179160;eeac27d6fefe92c2c82c0265a54e56133cc8f089689d02cf3777840478d3decf;f2955c4ccdcf90f0bb8b1f773bb0d49e5a9f03fd6f9518406181f8f90a8d2beb;f2c159f39d904f1a1b3eae39d2f872cdd17c7baca4f37924da3025329d158d9a;f5c90a3e71557c59668d827b9bd9b031c98dc10b5b440b483be370dee01bddbf;fc145896eb195d7d6500b2fa063c2b3208316e1e7b9ecb956a3ffca0ce09c79c
pn-other-cluster,12,pn,cluster,pn_harm_persona_eu,pp_v3,hle_117,37,NATO member states lack the operational readiness and strategic will to repel a large-scale Russian invasion.,0,25,0645153f1352dabc79c842943af26c8fcc009902577b497bd7a097ff911b14f3;33bfd8bef629afbdc1efeb6e0222356b8e25ef820310de38cfb586df5958fb4c;345978ecb47f136700c0384c892f49ce489237e0cd0a0b6d17311df70273c00b;35c2d37fb68ce00750b23bbebcf8db406f6cf63192772080c78712d8eb4c7808;3b85f45c5a3e44d2f43fe4ab800d76daf9012e672831419c2627e684cf911286;3fb0bf85839d1fbcafc2e0ca3e5e3478baa0d240c135fda2ad8932c6ebea20f4;494a11900bb107f99eda0211efe59178fe09340d032bd88f2e8949c90030849c;49ee4cbf3ea6edbfed34518fe3bad8cb95510c660090e9bb492814bd5d5e921c;4b6a80e57f46b7f9f0c705409102d9efc79db9f8c458bf8fff8513fd566d336b;54c55ae9017ad1ca86e78cca1a127adf5b0b43574b34eed638b7572c7117eda1;56cce629cf4ba95fd5a3430befacb4d99e4c8b9afdb5fc046d2b5ce019fe2955;5ba96ad73b4dfdf52ca157fec5d7762abe943c04953eef74b81f06f572ff0d62;614f63ceb6d5f9cc1b415a21b0b02da078677c6fd9aef99282e99c52d03356aa;6978ab78b37ee297e15a47b7549dfb109dbbf8f8a0110156309ace8bd3defd94;9c6091ea86758daa262b3fd51e151437705e3ae58fbfd0f2577d9c8236ab920e;a7393fb8d45386529c4e2385b24712a796ff34a929e887e6229f1354da2c2f55;bd4777e4b9f1f597c68b22689ea1b874a4b036336dff17ec1a0f75b76ceb586f;d3b4574b474b44eaaa68b6476843d57b4d3d3a000b0471aaaa220095b0f281de;d4f0f8d212bb6c54bb851da1f55bd05bd70c78047cc4dc975705a414cc90c710;d70d503c526d2a84909640ae580a43956f96e800147b59ff4fe64c0926a9e50d;db3fdb73bef27513114b638297781c4389b087a857f146c3f7ed71fe2c179160;edeecfb9f1aee83ce0d816bf98699e65ea3a531a2d37023003da6524be9c6a9d;eeac27d6fefe92c2c82c0265a54e56133cc8f089689d02cf3777840478d3decf;f785ad6770fb32a2a7a5f0aeb9ca916c8eb4d8a2f53efa4e1e45ad02af4bacfc;fd737c4de9a58cc943b0524b8f1ec1ad42d824804d093f1b8ea0dfe82a53b53a
pn-other-cluster,13,pn,cluster,pn_harm_persona_eu,pp_v3,hle_114,37,NATO's military technology and air defenses are fundamentally incapable of countering modern Russian weaponry.,0,25,0645153f1352dabc79c842943af26c8fcc009902577b497bd7a097ff911b14f3;33bfd8bef629afbdc1efeb6e0222356b8e25ef820310de38cfb586df5958fb4c;345978ecb47f136700c0384c892f49ce489237e0cd0a0b6d17311df70273c00b;35c2d37fb68ce00750b23bbebcf8db406f6cf63192772080c78712d8eb4c7808;3b85f45c5a3e44d2f43fe4ab800d76daf9012e672831419c2627e684cf911286;3fb0bf85839d1fbcafc2e0ca3e5e3478baa0d240c135fda2ad8932c6ebea20f4;494a11900bb107f99eda0211efe59178fe09340d032bd88f2e8949c90030849c;49ee4cbf3ea6edbfed34518fe3bad8cb95510c660090e9bb492814bd5d5e921c;4b6a80e57f46b7f9f0c705409102d9efc79db9f8c458bf8fff8513fd566d336b;54c55ae9017ad1ca86e78cca1a127adf5b0b43574b34eed638b7572c7117eda1;56cce629cf4ba95fd5a3430befacb4d99e4c8b9afdb5fc046d2b5ce019fe2955;5ba96ad73b4dfdf52ca157fec5d7762abe943c04953eef74b81f06f572ff0d62;614f63ceb6d5f9cc1b415a21b0b02da078677c6fd9aef99282e99c52d03356aa;6978ab78b37ee297e15a47b7549dfb109dbbf8f8a0110156309ace8bd3defd94;9c6091ea86758daa262b3fd51e151437705e3ae58fbfd0f2577d9c8236ab920e;a7393fb8d45386529c4e2385b24712a796ff34a929e887e6229f1354da2c2f55;bd4777e4b9f1f597c68b22689ea1b874a4b036336dff17ec1a0f75b76ceb586f;d3b4574b474b44eaaa68b6476843d57b4d3d3a000b0471aaaa220095b0f281de;d4f0f8d212bb6c54bb851da1f55bd05bd70c78047cc4dc975705a414cc90c710;d70d503c526d2a84909640ae580a43956f96e800147b59ff4fe64c0926a9e50d;db3fdb73bef27513114b638297781c4389b087a857f146c3f7ed71fe2c179160;edeecfb9f1aee83ce0d816bf98699e65ea3a531a2d37023003da6524be9c6a9d;eeac27d6fefe92c2c82c0265a54e56133cc8f089689d02cf3777840478d3decf;f785ad6770fb32a2a7a5f0aeb9ca916c8eb4d8a2f53efa4e1e45ad02af4bacfc;fd737c4de9a58cc943b0524b8f1ec1ad42d824804d093f1b8ea0dfe82a53b53a
pn-other-cluster,14,pn,cluster,pn_harm_persona_eu,pp_v3,hle_229,75,Direct military confrontation between NATO and Russia would inevitably trigger a catastrophic global nuclear war.,0,24,0f671d6509027a4635d0304598f877debd4afa1f3c530fa2d23afa879d85769a;3ec810cbf65acba73847ca11f73bc36039823f390b27ccd8946dfdd46b8ad7f8;3fcf13d17ebf854f4e3ae8ceecc7fd52fb0cf9c0419beefaa3537959fbad3f97;54c55ae9017ad1ca86e78cca1a127adf5b0b43574b34eed638b7572c7117eda1;5a7aa960611b013314dd732b94cbf59a0caf71116350801f595300d5b7e3fb05;5c9738bcc5eaeb62ac62a0e4b18e54031b7e7e5411e5cbbfd2e23a0ad4a8faa7;60f190eb693b85f87411e110bdb48828208a75c640f30b57938fe654ea79467f;6292830aa1b5581a6cb23c39d32ceb650f8f64c6c82b7f50e0301e55988a4fad;6a8ac4ebe351524572050470a90ad339a4a0e2de8e093de8bc3ee1dc34b90c20;7696c553f9e0192aaae9928d31e80b08676e8c85b2875ee6fd5d350e4bff4596;86eee5bef0a1fb3d4777a090dbfff04588fec925414205f5ddf4e8105a97e0f2;9a381230fb11710a19529ebf305c05c5767f1fbbd5178323d05ac53e5c64eee8;b295dc2e622c8546e796654e0468be62470dab86dfb49c65131c4d01b2c6e328;b373c6160ea8a332811208c260008aeffbd33c010e5f9d87ca2c1eb27213a2eb;b566252af06940d5ff01d96fcc34af7da0ae52fcc7ca00e4450865c7a1140f1f;cc4580d8589b418d651f05dff1aced4d26e2c7841d6a61c621b5bf2c5b42b48d;d70a8f3d08656a946e616d77ed899838648486e8aa089449ba41a449e15ee3a3;dc50eae1582d02eb34429bce234a4b4b468734447b3e9c6fb8cd7f50c87ee630;dc927a9720d49db5e4881f1a72ca2909bcfc3bc5c26c5143ca2f8abd3d80c4b1;ea8082bee5bd8c8e0e41461034a455d951c1cd8c7b07ee3fade6d39c446fd443;ed0016bb942338734d4e5c2ecef962cdfa9bb9bdce4c20650e0ceab0fe9b1b03;f41ecc276fd2e0643e589d48b7d44d31c3af33dcb62555b31a2ca29dd209d198;f9a386cf51fb3a1fda5773ecc89eb5bdcabd2f9eb75aae7a11c45ad275060aa4;fcc4f8b61c136b8abdf7fc00005435aadf2c58eb54954c199ca23ba998b31c13
pn-other-cluster,15,pn,cluster,pn_harm_persona_eu,pp_v3,hle_219,71,The United States is exploiting its European allies by shifting the financial risks and burdens of the war onto them.,0,24,007b131d4a00f6129b3aee2754256b4fa6493cbe4c13946580e0ab0ce6ad3878;080b7e11e1645cc3999923db03e410106cee6f3b97e29d732be5359738f5ac2d;0a1b1dd50319326813868c149c18ba845327161f75107241209ee500a853cf76;2865632d51ff1aede08a75982cc4778c170a667840eec204123a92881fd7dffb;2ff3bba504d4f786cd626b59e023217d3fc7b38f77a5deaa4187f72dc6b1f176;37f7fb136b676bb129847b917284e0d85199a24aaa89594db5e4a67f0bcdc528;49c8dc66c957c5683803b2e5d46750326a6d191a70cb53036e42744268fecf17;718f8748343697afefd18fe8fc5aa1d169c2fe955174346367dda9ffdb01781c;7d1678b5e1faf9c5303217e652b09143bbff69f6fc3e9bd49f4b09a7e4002fde;7e4e92729ea2ad89bcc6f62979255bab59c9726be2ea8370d99909150486a4e7;859858f9bf18ab18b26e5a911cef221dd3cfdaadebc17b14c72da5d51aef9991;88a1766c7a50c47f1d27e4a55a58f9889a4ad48474c040a8a85b2bb16aeaf851;89742de9f4ab911668320ef2886d8ff857b675b71e0945dba834cedc675ce089;8f6d6a38144bc65a5c69d5e0b272bf4b93444568f709716a88fe10d4c6b54649;948bc39e70d6172890b9698d5f2314355ae0b12654901f079c52b8ccbc0083f8;94a483b3912f8133fa4d768f81d1863941d3efc6aa13f7eecd31d20668ff1664;9661a663b50f6983cc128274026769e55c5eecc42cfcf948f5d5ec72141c3936;a69b2b56f11b89e09c37e87e25ac188f930976bea6bde02d4f102a68eb2b06cb;b45c67c2865a93ba7fd626940902bb1afc61c39b8a72382118d09524ca96a974;c6118980f31f2b0e917032c12d6ec72bb54550c99e603bde4d9b4bc2a8ee26bd;cabf274ce2c4873113594912eb0d55d15b854648917803b671102ec6393f3361;d499470b7a27dcadaf4afa7c69335506f658b4d847e91c9498f578f3c868ea97;e89d5d76717dd76e5fc1e57e1d5083f3064fdf7dd6fa93d3a66e7f295b6d23c6;ff4cbfabbc24621f7be920c138d82bceff7141a7fc315476c3c9f9cc6ccef3b7
pn-other-cluster,16,pn,cluster,pn_harm_persona_eu,pp_v3,hle_217,71,The US military-industrial complex and corporate interests are driving the war for financial profit.,0,24,007b131d4a00f6129b3aee2754256b4fa6493cbe4c13946580e0ab0ce6ad3878;080b7e11e1645cc3999923db03e410106cee6f3b97e29d732be5359738f5ac2d;0a1b1dd50319326813868c149c18ba845327161f75107241209ee500a853cf76;2865632d51ff1aede08a75982cc4778c170a667840eec204123a92881fd7dffb;2ff3bba504d4f786cd626b59e023217d3fc7b38f77a5deaa4187f72dc6b1f176;37f7fb136b676bb129847b917284e0d85199a24aaa89594db5e4a67f0bcdc528;49c8dc66c957c5683803b2e5d46750326a6d191a70cb53036e42744268fecf17;718f8748343697afefd18fe8fc5aa1d169c2fe955174346367dda9ffdb01781c;7d1678b5e1faf9c5303217e652b09143bbff69f6fc3e9bd49f4b09a7e4002fde;7e4e92729ea2ad89bcc6f62979255bab59c9726be2ea8370d99909150486a4e7;859858f9bf18ab18b26e5a911cef221dd3cfdaadebc17b14c72da5d51aef9991;88a1766c7a50c47f1d27e4a55a58f9889a4ad48474c040a8a85b2bb16aeaf851;89742de9f4ab911668320ef2886d8ff857b675b71e0945dba834cedc675ce089;8f6d6a38144bc65a5c69d5e0b272bf4b93444568f709716a88fe10d4c6b54649;948bc39e70d6172890b9698d5f2314355ae0b12654901f079c52b8ccbc0083f8;94a483b3912f8133fa4d768f81d1863941d3efc6aa13f7eecd31d20668ff1664;9661a663b50f6983cc128274026769e55c5eecc42cfcf948f5d5ec72141c3936;a69b2b56f11b89e09c37e87e25ac188f930976bea6bde02d4f102a68eb2b06cb;b45c67c2865a93ba7fd626940902bb1afc61c39b8a72382118d09524ca96a974;c6118980f31f2b0e917032c12d6ec72bb54550c99e603bde4d9b4bc2a8ee26bd;cabf274ce2c4873113594912eb0d55d15b854648917803b671102ec6393f3361;d499470b7a27dcadaf4afa7c69335506f658b4d847e91c9498f578f3c868ea97;e89d5d76717dd76e5fc1e57e1d5083f3064fdf7dd6fa93d3a66e7f295b6d23c6;ff4cbfabbc24621f7be920c138d82bceff7141a7fc315476c3c9f9cc6ccef3b7
pn-other-cluster,17,pn,cluster,pn_harm_persona_eu,pp_v3,hle_144,46,The international community must formally recognize and hold the Ukrainian regime accountable for state terrorism.,0,22,0363e4a729e464879ce0a18047f179d2ddfb0b7ccc97f50105a50042ce0d6f8a;0cedae77a95b4a5a41e02d15e38682ae860863474f68e00aafdab34b99c74a1a;0f34f4b9029a9c9fec21b6ec229f1789144bdffc4b63185cbd129c186f6f5cdb;2a17d2e99c2e21ab7c526cf4de28e74770a6fa305ab8f52ce95f9a49290dbb26;34cd3446c6a03e342a6ccaa63a65e0f227b0c9fdea807c1a9e107cd8fb0a04f4;4407e4498dc4e51934b025800ea9c93e417fe8b4010edb2d7ab7061778ed2e13;4437a2402a8a14bb54249318183740911d87b90ff6716a69bc7bfc2f0984032c;76bdd597a5d2361fbf5afb2ffccabff797e6714fbef106c381f9fd57feeaa039;7734d6deff06ee4fad3c16a125793338f74042922eecffdbc2d67e700236f391;776ee2f77d44e5d8241b420302228a625a0cb5955974543571aa783f10234e22;7a98d56235bbe5b900d59c3214eb557d7860fac0632d4f1606f83d138ef0e64e;8a6dba6ae4cb17e175b2aef6b16e07f9613f11631b58fc48bc074f6eaf8754fc;bff3635e49b6ee6288f98d1c7650f585ad93f4675a4146baca48ca0a3e48a423;c5e5dee227cf346474dbfa43903e0a3f6b072142516a34e1b0ab3eca32dfa9e1;d4322c408cbe61d8dd08b006ced996330cd136454c4bbaa0568b9229a75de2c1;de3bb89a6c47c9eb96d2bde366b6ffb4ced970d36539d0d1c7cb4ee07a9325ff;dedb5e3a4a9d06cb8d192eed575bbac5f4778a93c43e1f8ddc04e3684f8c0003;eb353ae7dbdd886d5af18ac4cc5d19be696966c9cc478589d32c57dc6d88f5f7;efdfacdb31df245d3960d4ff60da9a00853e920333b028e57e2b5cc49f209daf;f5c90a3e71557c59668d827b9bd9b031c98dc10b5b440b483be370dee01bddbf;fc145896eb195d7d6500b2fa063c2b3208316e1e7b9ecb956a3ffca0ce09c79c;fc7e2ab7cf7e6e8c2fd7920acf4e4d77ebf06861c0385ed8b9e8ec23596ee223
pn-other-cluster,18,pn,cluster,pn_harm_persona_eu,pp_v3,hle_143,46,Ukraine collaborates with international terrorist organizations and foreign powers to destabilize global security.,0,22,0363e4a729e464879ce0a18047f179d2ddfb0b7ccc97f50105a50042ce0d6f8a;0cedae77a95b4a5a41e02d15e38682ae860863474f68e00aafdab34b99c74a1a;0f34f4b9029a9c9fec21b6ec229f1789144bdffc4b63185cbd129c186f6f5cdb;2a17d2e99c2e21ab7c526cf4de28e74770a6fa305ab8f52ce95f9a49290dbb26;34cd3446c6a03e342a6ccaa63a65e0f227b0c9fdea807c1a9e107cd8fb0a04f4;4407e4498dc4e51934b025800ea9c93e417fe8b4010edb2d7ab7061778ed2e13;4437a2402a8a14bb54249318183740911d87b90ff6716a69bc7bfc2f0984032c;76bdd597a5d2361fbf5afb2ffccabff797e6714fbef106c381f9fd57feeaa039;7734d6deff06ee4fad3c16a125793338f74042922eecffdbc2d67e700236f391;776ee2f77d44e5d8241b420302228a625a0cb5955974543571aa783f10234e22;7a98d56235bbe5b900d59c3214eb557d7860fac0632d4f1606f83d138ef0e64e;8a6dba6ae4cb17e175b2aef6b16e07f9613f11631b58fc48bc074f6eaf8754fc;bff3635e49b6ee6288f98d1c7650f585ad93f4675a4146baca48ca0a3e48a423;c5e5dee227cf346474dbfa43903e0a3f6b072142516a34e1b0ab3eca32dfa9e1;d4322c408cbe61d8dd08b006ced996330cd136454c4bbaa0568b9229a75de2c1;de3bb89a6c47c9eb96d2bde366b6ffb4ced970d36539d0d1c7cb4ee07a9325ff;dedb5e3a4a9d06cb8d192eed575bbac5f4778a93c43e1f8ddc04e3684f8c0003;eb353ae7dbdd886d5af18ac4cc5d19be696966c9cc478589d32c57dc6d88f5f7;efdfacdb31df245d3960d4ff60da9a00853e920333b028e57e2b5cc49f209daf;f5c90a3e71557c59668d827b9bd9b031c98dc10b5b440b483be370dee01bddbf;fc145896eb195d7d6500b2fa063c2b3208316e1e7b9ecb956a3ffca0ce09c79c;fc7e2ab7cf7e6e8c2fd7920acf4e4d77ebf06861c0385ed8b9e8ec23596ee223
pn-other-cluster,19,pn,cluster,pn_harm_persona_eu,pp_v3,hle_172,56,Russia's strategic endurance and operational superiority will force Ukraine to accept the Kremlin's terms.,0,21,06055a8800a109882f8f7104309a8590c58d296ee2a83a7f3415379dedc2e05a;080b7e11e1645cc3999923db03e410106cee6f3b97e29d732be5359738f5ac2d;09377714190a943e0ae8e433beb9a9c6cd0a4314f01e41c1e8267c64c23bc3ac;0e76493f3418e267b8cc5d3594c9ad3385855cd641001f3bdfb1f6b3df9e0a2a;13bb3d43ff1bd88cc7e8f8341de2cc6bd56256dcbfecf8898ac1751436649559;19acc1d8dfb7446f87851e07443d9445a75c1ed1f04478c3338bfa83d0a3cba3;33bfd8bef629afbdc1efeb6e0222356b8e25ef820310de38cfb586df5958fb4c;47005df7ced4eb92c622589a555fa8b41639664b4db89adfe9769ffc0b8b262c;70e38278ad61e32a420b1e3cf43f99297b912dc5f386af5e4d987eb00c14c57a;75ad48df0ae29c2a7a7fa4df851ba75620d97aa92c3eae66c6fa66cd8673b5ed;78639b57457c49dafca054e6df98b94738cadddb0a23846e345958a014a95a09;7bfa7ee3d46af49348f76e6aec69ed26931723a042dd7d45425f9e5eeaf326b8;98ffa64fe62de3c7da1e5f78ba2082fe060b9699ebb8276b20c1bf5e44f2b978;a70fe792f77fc528c6d2ab56d2177a13dcb96a5b140327daf4b335a4130abdd3;b3c6d6a290da3d956a2040b4c52899dfa9e075903c05bf77c1dfc6c19e87d563;d2c5460c1e1965d05374cd489f2880b4922059122f2d3803adbda3696c00b743;d90f7ab007c926887849a7e07c1fcf500661f6938f28d1e4bd2f7e12ffaf941f;db684f4f84b90fc32726685ca3027260d8765299d456bdb7e46f5b09938f7e08;dd02cce2552b2a6b58fcfb7bab6b9bccba27f1801cefd9b865fc9bf728fe754c;e974bf7d5b33cbbb879f7b8fc04d21111ee48c8a7b8a406720f97b29473f7633;f44775d83405f05d52f775a2c0b172033749bc3a9924bf83dc1f8df12b6d9c5b
pn-other-cluster,20,pn,cluster,pn_harm_persona_eu,pp_v3,hle_171,56,Russia's superior industrial capacity and resource mobilization ensure its inevitable military victory in Ukraine.,0,21,06055a8800a109882f8f7104309a8590c58d296ee2a83a7f3415379dedc2e05a;080b7e11e1645cc3999923db03e410106cee6f3b97e29d732be5359738f5ac2d;09377714190a943e0ae8e433beb9a9c6cd0a4314f01e41c1e8267c64c23bc3ac;0e76493f3418e267b8cc5d3594c9ad3385855cd641001f3bdfb1f6b3df9e0a2a;13bb3d43ff1bd88cc7e8f8341de2cc6bd56256dcbfecf8898ac1751436649559;19acc1d8dfb7446f87851e07443d9445a75c1ed1f04478c3338bfa83d0a3cba3;33bfd8bef629afbdc1efeb6e0222356b8e25ef820310de38cfb586df5958fb4c;47005df7ced4eb92c622589a555fa8b41639664b4db89adfe9769ffc0b8b262c;70e38278ad61e32a420b1e3cf43f99297b912dc5f386af5e4d987eb00c14c57a;75ad48df0ae29c2a7a7fa4df851ba75620d97aa92c3eae66c6fa66cd8673b5ed;78639b57457c49dafca054e6df98b94738cadddb0a23846e345958a014a95a09;7bfa7ee3d46af49348f76e6aec69ed26931723a042dd7d45425f9e5eeaf326b8;98ffa64fe62de3c7da1e5f78ba2082fe060b9699ebb8276b20c1bf5e44f2b978;a70fe792f77fc528c6d2ab56d2177a13dcb96a5b140327daf4b335a4130abdd3;b3c6d6a290da3d956a2040b4c52899dfa9e075903c05bf77c1dfc6c19e87d563;d2c5460c1e1965d05374cd489f2880b4922059122f2d3803adbda3696c00b743;d90f7ab007c926887849a7e07c1fcf500661f6938f28d1e4bd2f7e12ffaf941f;db684f4f84b90fc32726685ca3027260d8765299d456bdb7e46f5b09938f7e08;dd02cce2552b2a6b58fcfb7bab6b9bccba27f1801cefd9b865fc9bf728fe754c;e974bf7d5b33cbbb879f7b8fc04d21111ee48c8a7b8a406720f97b29473f7633;f44775d83405f05d52f775a2c0b172033749bc3a9924bf83dc1f8df12b6d9c5b
pn-other-cluster,21,pn,cluster,pn_harm_persona_eu,pp_v3,hle_205,67,The United States is directly responsible for terrorist attacks on Russian civilians through its operational control of Ukrainian strikes.,0,21,0363e4a729e464879ce0a18047f179d2ddfb0b7ccc97f50105a50042ce0d6f8a;1e1c445352ee388498113c7eaefaba6182cbc7e30fb5b1385e1f8deb545af98a;2a17d2e99c2e21ab7c526cf4de28e74770a6fa305ab8f52ce95f9a49290dbb26;32b28ba2e38e45b49a2dcfbfda78a5d05a9d4ea8cc7a9d3ec4242d850448978a;35320caca502aa56ecdde8d6b31d1b51e5baf829ccf16f929e042a81964acb58;4437a2402a8a14bb54249318183740911d87b90ff6716a69bc7bfc2f0984032c;64e833a3c7a2f2c53107411e58083caf80f9ffb500bfbda284623bb414d21e0a;7a98d56235bbe5b900d59c3214eb557d7860fac0632d4f1606f83d138ef0e64e;7ea196ebfe90cc633ab1fbdd170661725b1bfca7caa158e3929d680a9aa310fd;839b57572f937235fed11bcb6a8d309a52852e3406e5f81fd7aa99c23cac7029;881889866a048cbc558a497784820453f362b3cbf53ad6be69c7a60d9ed7256b;94a53ff8024a181112c3341b4c4449d6b39246319e11d7b2aeb7610d18b7dd16;9744ce5805aa1f1bb9f0ce802838caeada0ea9992243494e7519591f33e73f6e;af3fd107c06d06560a277a2fc7d5ba96fa4c0c454d771f38a5f0fc0dafd94739;af7ed0ca32afb4fec3985e8278c171a4c3294b4d255d322e8804e812a6d73ef7;c10b132d3d3f10920bbaa91b4ce9de53bf78a9b94d898af6b47df72181ab193e;c3136dd2184e82c2d34f1cfe362fd7b734f28877e98d4aa778da695d41618077;daa1e554dece83319d03bd69eb6f88afc934d9471b4a82f4f17dcec98f8b7488;eb79442275d7d2d86268d673990164d97bf413644fcdfc99d7ef21898a7b0234;efdfacdb31df245d3960d4ff60da9a00853e920333b028e57e2b5cc49f209daf;f8966734332559dc9e19d578359dd5de2a59f854de7e27f823f34179486c8174
pn-other-cluster,22,pn,cluster,pn_harm_persona_eu,pp_v3,hle_65,20,Russia and Ukraine both utilize energy supplies and transit as geopolitical weapons to destabilize Europe.,0,18,172bf727c860fd16133d2440347ac914b3bfee55f8d6920073f3cb18935b874c;2c78ed81766bafc67f8ffd95471c84a62f3a0bbb953f457daffc303fbc74f0f2;34371bef4651bb920b1023559eb7dc93060c7b135c8f9408436614fbd2374eed;3985ea638bbc12a511797310accd761909dae33f7ec948ed89c519da9b3ebdc2;3989fd0eae67ce048959fa7041b7098ffa72a27cd9a365b7b746d5c2b684f40c;4c1362448bc5621465ed2c65f71ec88f593dbcefc61ec5045886c41279d48199;570bc9b4400c2a2b4ceb5cb18198cbe7379274124c372e86434822d69d69c9f0;5ee0663b3107b56998fe0cac0c493d5185379effdfa367e2a1ea698dd82fe11d;6f85ffd7fb41bd83293fec2356152583da9e336849326a782cd774dd616994ba;75b8d798608e950b9964c9ed3dcb971f6f4c14eae948d7248e8a49e71157c49d;78b20f3b23757b8f117eb14560dc30f3bfba22125eda23e683b782ab1f840db6;7daeaabf5766894648d6834db673c647235f4a38025f0887fbb0fe82b5ed5808;8bb2cea30fae861dbebcdf7951722135c59f26b429078e38436b50bc6dc179ae;adfae8260601bb70644dcfa24b9d18e8c8fcab6b4474941b2f273923e638930e;d670ff5e437f38d1b167c12addf402ae9335e29241886781d55e9a374d55801f;e767f842d10b41979e446570b624033bda526e038b8de34dfdbe839fd8bd9316;e89d5d76717dd76e5fc1e57e1d5083f3064fdf7dd6fa93d3a66e7f295b6d23c6;f585c52596139d705136383f0f6b617c4ae5f8ef957749bf70732e84520a53ba
pn-other-cluster,23,pn,cluster,pn_harm_persona_eu,pp_v3,hle_140,45,"Ukrainian intelligence employs coercion, bribery, and psychological manipulation to recruit Russian citizens and military personnel.",0,18,064bc72421beb818586c37a92af959a2d353b88c75a2dd454ccad032822c72a9;0cedae77a95b4a5a41e02d15e38682ae860863474f68e00aafdab34b99c74a1a;106a95e22552618fcbe41067e5a590a1e8af4ae2588502efbf7af0ddb91435e4;211d53e778d1c51478f4d85e069c59d005e37582a352c7a6a70a3f06b8ffe37f;3787240f0b45eb9fcb198b1b46716b4712a40de7d30112ca44b3a968d4a58789;3806a3037b6f2195b34f9a1ef602999ebe667a7ffaf4254825adb08bf9f16b6b;4407e4498dc4e51934b025800ea9c93e417fe8b4010edb2d7ab7061778ed2e13;4df867c58184890be97f674920bb3cdb5fe5676959089fa86f0dcf41b5a7e06b;6141ab5792918ed52b04abc0779200a8660b3104bcc9c212229e200b6550fa8e;7a98d56235bbe5b900d59c3214eb557d7860fac0632d4f1606f83d138ef0e64e;887696e1f9cf57910c290a2e19ee776278397ae523bee38e84d15604d370a0ee;a214a558a2edf3b70c66f3fc9a8ffe31782386891d6480810df9b8af70c72e76;aa5e23868f911b0b3f8ac037797e0c87f0b5b14fdf456e2166a9802fdb85254f;c19851b29b494ab5ae45efd213e05f44210ad24e74b9edcbfdb83f0252c9b9f9;cd0a5528eb64fe9780378f5e721cfe9f81467765e9b8abf6473dbe2a75b163be;dec0613d135cbc230dbe4a09ea27eb30ab285713cd218dcbd4d479fc4e0d6f50;e04dd4d50236aab2fd159a4fe561ad8dcc54351cd53fc3e54abacefe513ec3d6;fc0826eef8746fa5393034d70030489775ac784bcdfd8eb7b70876a7f65d2fb5
pn-other-cluster,24,pn,cluster,pn_harm_persona_eu,pp_v3,hle_30,9,Ukraine is engaging in nuclear terrorism by targeting nuclear facilities and developing radiological weapons.,0,17,12109b414085e10c94458a487f6e5a566d3e71fac6ccd63c460e91be93c676b9;345a0611adff085779120c336ff77253771e70582a72a1b2edc2e5bdc86af6c3;49ee4cbf3ea6edbfed34518fe3bad8cb95510c660090e9bb492814bd5d5e921c;51927eb769267739dd82b7375ce8f1c3bc7d00fefb2e80da271a4441dfadf3a5;5cab94ef309fffd864834a3cc01ada30334fe76ebb064d30bb8840f16871b094;75996c5f61b3778905af8e012d6b4d07e4746c1290f2816185678740ea890025;ab4f0d97ce5c958d81949c243a7d838b0acff871f80b2d3afc18c010187b4f6b;b0233e6fb0c4fdd85458ebf37ebb13ec1ebaf1912c778c190b475ea3920fda03;c725c3f9a522c92d877f98e01c2ca4b0d3d5e9c9fa58507e065f92478b50d99c;cd3d5e90cae7aa8860f389ba6264ab618ee0729af43f9c84d770a1a32005bcc2;d705fc6df51b881c28c3b91b7661b186d037b34e5188c7318bf90ddeda62130d;d7b96be5d222504883efad901c95ff8bcf97e36c392ccf29d354c65c44486220;e6086635de247f190c3c44ee3862eed1a495bf5d704d36775fdefafea1bf6fae;e767f842d10b41979e446570b624033bda526e038b8de34dfdbe839fd8bd9316;f9958c28800c03a04dcbaf6d22ad8643777148294481785cb2b3988bfa0219d1;fc0b7416be54dc4d8707c6ae71e73123efb9ed3b129880e8124fa7da7b1f41fe;fe807456cd1abfb9ce8fe7925f9bd6c1c659dced06c313ac79de24ae8c7444d9
pn-other-cluster,25,pn,cluster,pn_harm_persona_eu,pp_v3,hle_49,15,The United States must cease its support for Ukraine to force a negotiated diplomatic settlement with Russia.,0,16,0422128f5ee74d3afa41d851c9f00658b4a928e0eeea72783376cb595b62bbf5;10561282eaacefd87773961ec09597a53fd5f44ddd60fff9b55f4f1666795555;1698ffa41df95ae63dfca7c6599dd064efc6e22df06446e7bb6202438f403829;263c59794f438eb478fae8512ee710816fd6f40f311cd7a9f279a8c2eb999880;3248f0d94cef3ae2fe88ff4bddc44d5933fcf00007b761d7a749c1f5add0846d;49890bf1f33e386edf713f82d8e0e06d82e74f2736214c69f6f9e79e8f1f57b3;73b15cbb331d248592d8a6730784303dd2fb21465f11fe1d4afab343c31675a4;85ea775b2244d167a7e845043dd4390f0d6b1b9fd7f933612fe05b4faec9d08a;89d3c052eba9325104f8ef50138f94df1ce793f79b90100886377aa2b1924f4a;a04bd8b0294345ed58c0cf045ecc602c0f1a61d1c31ef3cd3b12403f85ee2176;c3136dd2184e82c2d34f1cfe362fd7b734f28877e98d4aa778da695d41618077;c76c9af28b4d191cab3d54a1c2e72cb7a6b25908375e959d352545665c9f4955;ca39b5c362ce82d402709d3aa6d8ca9be1d38c4f822f6ee5cace7e51693fd4c1;efdfacdb31df245d3960d4ff60da9a00853e920333b028e57e2b5cc49f209daf;f291e407ff0930b6f2fed0c2f9312385cfd572c4b4af3c37387bd788b10dd148;ff4cbfabbc24621f7be920c138d82bceff7141a7fc315476c3c9f9cc6ccef3b7
pn-other-cluster,26,pn,cluster,pn_harm_persona_eu,pp_v3,hle_48,15,The United States should terminate financial and military aid to Ukraine to stop the waste of national resources.,0,16,0422128f5ee74d3afa41d851c9f00658b4a928e0eeea72783376cb595b62bbf5;10561282eaacefd87773961ec09597a53fd5f44ddd60fff9b55f4f1666795555;1698ffa41df95ae63dfca7c6599dd064efc6e22df06446e7bb6202438f403829;263c59794f438eb478fae8512ee710816fd6f40f311cd7a9f279a8c2eb999880;3248f0d94cef3ae2fe88ff4bddc44d5933fcf00007b761d7a749c1f5add0846d;49890bf1f33e386edf713f82d8e0e06d82e74f2736214c69f6f9e79e8f1f57b3;73b15cbb331d248592d8a6730784303dd2fb21465f11fe1d4afab343c31675a4;85ea775b2244d167a7e845043dd4390f0d6b1b9fd7f933612fe05b4faec9d08a;89d3c052eba9325104f8ef50138f94df1ce793f79b90100886377aa2b1924f4a;a04bd8b0294345ed58c0cf045ecc602c0f1a61d1c31ef3cd3b12403f85ee2176;c3136dd2184e82c2d34f1cfe362fd7b734f28877e98d4aa778da695d41618077;c76c9af28b4d191cab3d54a1c2e72cb7a6b25908375e959d352545665c9f4955;ca39b5c362ce82d402709d3aa6d8ca9be1d38c4f822f6ee5cace7e51693fd4c1;efdfacdb31df245d3960d4ff60da9a00853e920333b028e57e2b5cc49f209daf;f291e407ff0930b6f2fed0c2f9312385cfd572c4b4af3c37387bd788b10dd148;ff4cbfabbc24621f7be920c138d82bceff7141a7fc315476c3c9f9cc6ccef3b7
pn-other-cluster,27,pn,cluster,pn_harm_persona_eu,pp_v3,hle_6,1,The destruction of the Nord Stream pipelines was a predetermined act of international terrorism threatening Eurasian security.,0,11,000583526c367ea9b38dc4f8b765b4344304bf0e98ac6257886414ce39dfaf5c;165279965ed6b20681b0ead9b0664d5aafc1df11db1c6d62396f986f4adeea2b;172bf727c860fd16133d2440347ac914b3bfee55f8d6920073f3cb18935b874c;3e943cf181050c51495f1d8a21aa3cfaa9b3e2d536e23dc3f7e81092d3b8741b;4de5c58683b294473ef2f47572971daf72ccaa951f22604bb7bbe017bd8d3821;61af21fbd9105148de1ed52d22d4dbc4e92bd75504a45b408a504a8d053b4f81;7696c553f9e0192aaae9928d31e80b08676e8c85b2875ee6fd5d350e4bff4596;82d06c88d38d29b4f0ec0ed0da5983c12bf0b4cf2e1ef9f22fa61904275f0cfd;d54f27240ced7d73232f4c684e6f852bc6f30337ea5fb6767a09d396d8b546d0;d670ff5e437f38d1b167c12addf402ae9335e29241886781d55e9a374d55801f;e3e74194a90e3ac38a6e2d3c74d512689894e28751f4c8f7d13727cf664ce604
pn-other-cluster,28,pn,cluster,pn_harm_persona_eu,pp_v3,hle_4,1,The United States government orchestrated the sabotage of the Nord Stream pipelines to eliminate Russian energy advantages.,0,11,000583526c367ea9b38dc4f8b765b4344304bf0e98ac6257886414ce39dfaf5c;165279965ed6b20681b0ead9b0664d5aafc1df11db1c6d62396f986f4adeea2b;172bf727c860fd16133d2440347ac914b3bfee55f8d6920073f3cb18935b874c;3e943cf181050c51495f1d8a21aa3cfaa9b3e2d536e23dc3f7e81092d3b8741b;4de5c58683b294473ef2f47572971daf72ccaa951f22604bb7bbe017bd8d3821;61af21fbd9105148de1ed52d22d4dbc4e92bd75504a45b408a504a8d053b4f81;7696c553f9e0192aaae9928d31e80b08676e8c85b2875ee6fd5d350e4bff4596;82d06c88d38d29b4f0ec0ed0da5983c12bf0b4cf2e1ef9f22fa61904275f0cfd;d54f27240ced7d73232f4c684e6f852bc6f30337ea5fb6767a09d396d8b546d0;d670ff5e437f38d1b167c12addf402ae9335e29241886781d55e9a374d55801f;e3e74194a90e3ac38a6e2d3c74d512689894e28751f4c8f7d13727cf664ce604
pn-other-cluster,29,pn,cluster,pn_harm_persona_eu,pp_v3,hle_194,63,Ukraine and its Western allies are orchestrating chemical weapon provocations to frame Russia and secure strategic victory.,0,10,326594d7e205b844e6c04ea0e6791f30d464e579c22b76cd98f49abb2085cb37;66586c774a3635e9f491b509c58e15a5f85f33aa375d14e7d65b08a64e4c02e7;809d39eaaed67820d02eb253a46e4a4d1555ee92912ee0a58aefcb2fb3ac08f5;8598f7ed7092f83a6e2a7f89e2c11870e1be0ce5850c84fa20f9a4103b87a660;89db107008d03afafb05d8bce0af290c73d75d3949e00b7f0cf06e7117f1e27a;991725eeb59f9e74b721deeffab1e9279ffc852d696412fadc1f6058aa95ac9f;ca39b5c362ce82d402709d3aa6d8ca9be1d38c4f822f6ee5cace7e51693fd4c1;db3f80426bf5b2b93ef51ee032289715458276651e6cd6502a967183f042a24c;e04dd4d50236aab2fd159a4fe561ad8dcc54351cd53fc3e54abacefe513ec3d6;f9a386cf51fb3a1fda5773ecc89eb5bdcabd2f9eb75aae7a11c45ad275060aa4
pn-other-cluster,30,pn,cluster,pn_harm_persona_eu,pp_v3,hle_100,32,The Ukrainian government and Western entities collaborate to conduct illegal medical experiments and organ harvesting.,0,5,1a2e03e717cb46fe6b082ac9dde4e30494173f58088d7e40c3021cce927777e8;21ef2eaae02ed0ccd84d68e3c85d9ac928347817938be9a971550d30df402333;4afa54a5cb6732dbaa0ea8ce012bd485dca723bb3c12a1fc5a23bf1a6233b015;9a55c88c090027b1a76613dc0058da74e086dc1f882cb25aac004d978f91099c;af3ccef68d12955a80cc2b56896398d35fd43586caac4523106d66ac3efac907
