ad_id,text_hash_id,ad_creative_body
id1008422802885993,7e4ab5b351a45323242b80a9878a1047705a7ea0542129442d8578f90a43be02,Pipelines such as Mariner East 2 are benefitting the PA workforce and bringing businesses to Pennsylvania.
id1012611145833121,a8ee6bea33ab2033dfa16c54108d6ce4632d4756b439692abb8f886b77b62236,Don’t miss your registration deadline for your county. Cast you vote for energy. Visit https://www.voteforjobsnm.org for voting information for all 33 New Mexico counties.
id1022475528255432,03527890ab99da82ea5b3671e2a10e9dab5ddb0f4095ef06b09cd19dc2ad7b14,"Do you work in energy? Do you know what to expect if you vote in person this year? Don’t sweat it, we’ve got your back."
id1022787421486554,4906de338952b13786e690026a774ded378024dd63cd497dff263a08884196be,"#FACT: We believe that meaningful consultation and ongoing communications with all stakeholders are key to environmentally responsible energy infrastructure.

These collaborative relationships enable us to meet our country's energy needs, promote economic prosperity, and foster America's energy independence.

To learn more facts visit: https://daplpipelinefacts.com/The-Facts.html

#DAPL #DakotaAccess #Pipelines #Oil #Community #Respect #SocialResponsibility"
id1030984670597188,d3db6a15cb9842ed72e99e46a563bf2d4bf7668c3b971104cc71da2bd34c4551,"This is Esmel. He’s a community organizer helping community leaders, residents, and small businesses understand what natural gas and oil make possible. #SOAE2020 #EnergyForProgress"
id1036756806835241,f960cb99b5ee5ca91d8c0227a4f2bbb21321252c8f49a0512fb4d09d524272c9,"Nearly 1 in 3 households in the U.S. report a challenge in paying energy bills or sustaining adequate heating. According to a new report from our energy analysis team, #natgas continues to be the lowest cost #energy option and utilities are working to save Americans even more on their energy bills and increase energy assistance programs to help families. Learn more:"
id1037807713242629,a7e7abdacb5b9656f255431c4bb496a1d6a58cb94bbe26b6e8312899973ab040,"🚨ATTENTION PIPELINE SUPPORTER 🚨
We need your help to combat fake news being spread about the Permian Highway Pipeline. Can you help out? If so, click Send Message below and help support the Texas economy."
id1054211311704647,69bc849b9dac7627a5dd5461d3322ad640b4b6e6de8a0fa9adfdc3024cbf0735,"Americans deserve a reliable, abundant #energy source. See how the abundant supply of natural gas in America plays a critical role in energy security, strengthening the economy, creating jobs and more:"
id1060400521057711,0abb6fe0edaab4c3b2cb79e275c0f2a50e6756184903db45256fcd3ca76da974,The natural gas and oil industry is vital to our country and our economy. Register to learn more about the importance of American energy: www.powerincooperation.com
id1066509263722813,e907fb8a8d5c844547298494c9ab5e01d8244746dd6fb0ceb5073ffcfa5b8318,"A (very) small group of politically connected CEOs are trying to get Texas to implement OPEC-style crude production cuts. If they win, American consumers lose – and our nation’s long-term energy security would be threatened. Read more: https://bit.ly/2yqK6d6"
id1071543899908854,fd50d03d9db9256463af0a9ada7f9347ef2feb5bdf381f54410916c5e8e92e3c,"Ineffective, unnecessary regulations stand in the way of affordable energy for all. Support low-cost energy!"
id1078825302520799,9ebee65d47adf8fe7a4c6169f8506869b3972603377aa5cdcf161991dadfcedd,"Colorado voters have repeatedly rejected efforts that would drive energy companies out of the state, but new proposed rulemakings could harm Colorado’s energy industry, devastating the state’s economy and eliminating thousands of jobs."
id1079773329133467,c7093717c28480eac87edef714895594a49d98e2542d441c547bb8717eab77a7,Oil and natural gas production from the Permian Basin has helped America become less reliant on foreign energy sources. We cannot afford to stifle the progress we’ve made with disastrous proposals like a federal fracking ban.
id1086335075068763,cdc64c04a4888eec6315744dd5a64c2d7b99d33d2bf3fded6371bb4b840567b5,"Part two in understanding the value of natural gas focuses on how the #natgas industry is driving down emissions through customer energy efficiency programs and their own operational efforts. 
Link in bio"
id1098212797191919,0d7336f159c2b8eb219e5e1793b52049589008dc6ea64ef31721ff7ca4cfe93d,"Williams is proud to be an industry leader in creating fact-based, practical programs to help reduce greenhouse gas emissions: https://www.williams.com/2019/12/12/williams-at-the-forefront-in-collaboration-to-address-climate-change-issues-with-fact-based-solutions/"
id1098584400473063,aa3a4eed852671d1084bb6cb066cc8fdbca31f9d23b30feb5b814490e78fb09e,"Get the facts about emergency planning and public awareness for Mariner East 2 pipeline. → ow.ly/b4bk50xTY5t

#MarinerEast2 #Pipelines #Facts #MarinerFacts #PipelineSafety #SafetyEducation #PublicAwareness"
id111449076939589,22412cf0dec5e63097de7f53537110b5e69d0fb1eae64d21204b534cd2c70f55,"From decreased energy costs for families to increased investments in school systems and infrastructure, Americans benefit from the economic growth driven by the U.S. natural gas and oil industry. #EnergyForProgress"
id1132081010524874,c717a64b52a81bd9e7f90643f133efef299ba5ef3c5a49772f9ccfee8fefee8e,"The gasoline we make gets people to their jobs to put food on their tables.

Now millions of people need that gas to line up at food banks.

We're proud of the role we play in helping people get what is essential,"
id1142436342764581,ef345bd58a6f049b17009bf86f184b004fd7f65fe45415b5f27406cfd2aea545,Limiting Texas oil and natural gas means other nations will provide the energy the world needs. Keeping Texas strong keeps America strong. Say no to restricting Texas energy with production quotas.
id114252370013314,aa582c493d6369d56990999b78651eda8a033ada8855237d323c7e948bef491a,"🚨ATTENTION PIPELINE SUPPORTER 🚨
We need your help to combat fake news being spread about the Permian Highway Pipeline. Are you willing to write a letter to the editor? If so, click Send Message below and help support the Texas economy."
id117938629530886,cd433c35136d4a3ed8108bd9f424ba416f5a222ec733f13978fcb046cb61518b,"To grow American energy leadership, we must look to the future and prepare for projections that global energy demand will rise with policies that support safe, responsible domestic natural gas and oil production.#EnergyForProgress"
id119741082756916,9d07ec3e923938cf08c2822c83f561269eb17458db1c3abbfc4ea6100d4ee135,Pipelines help keep energy costs low. Just the way we like things around here.
id1209221789274198,852dce9af73cb3ea28b5f4f571ae819e2988ca2b16f2050a838b146cdfbce798,Natural gas is key to building the bridge to an all-renewable future through hybrid renewable systems that combine weather-dependent energy forms with a natural gas backstop. Learn more:
id1211893755843373,1493bf46b9f0aa36d53a5a3bcb63b254e004a443d800d767ca55207a11266eec,"A ban on federal leases could result in an increase in coal consumption. Instead of decreasing emissions, analysis shows the ban would result in an INCREASE in CO₂ emissions."
id1222814664742164,bf69ca8b544046845040c53401c0dce2e04958b33975bb59e2e35c349da30db9,The American supply chain needs to be properly energized to respond accordingly to our economic recovery. Find out how Line 3 can support that recovery.
id1232848773737874,063dbc7b2392a515695d90c88e38f5e9fa0d0307247f28767c157f1cc0f20b40,"#Natgas helps fuel the production of critical supplies like masks, ventilators and hand sanitizer so that frontline workers can safely provide care 24/7/365. #FuelingOurCommunities"
id1236117343393289,0fc47347e80900cf14d322be10f3a72c9f679c9f077355907a144e8a71249965,Energy innovation and economic growth thrive under free-market principles. Join today. Protect oil and gas development!
id1240147782987371,1e236de363750c31f7991e9099b5800da05c0a14bde7dd8a0db3f5ce7848bf5c,Good-paying jobs are fueled by America’s oil and gas industry. Join today—support energy production!
id1241611372855465,d5bd8ea59ffd8bed99ea258ff777f5fe217c9182d9a62a55d9aaa2e61652e53a,#Natgas utilities add one new customer every minute because families like the Wilsons prefer the reliability and efficiency of natural gas. See how natural gas is helping millions of Americans save $$$ on #energy bills:
id1241716629505173,cfa37c55418be4039d50c1d1ea1f8b1b3a9f85d6b240bf5ee433db619870b60c,"The #DakotaAccess #Pipeline has been safely operating since June of 2017 and, contrary to some reports, no groundwater has been impacted in any of the four states through which it passes.

#DAPL #Facts #DakotaAccessPipeline #DAPLalternativeFacts"
id1260607647466133,0b15c9aaa54b323c49ef4ff97df5fac0f8d1dc94093b2509e0539c3406b82550,The Trump administration’s rejection of social engineering should be applauded.
id126132698577883,746b97ee08872bdeea043f8a24261dd514c7ab7cac1280e905c84ab8e6e54523,"Banning #fracking, the technology most responsible for U.S. energy leadership and emissions reductions, would negatively impact our economy and our national security."
id126684295320915,8fb21be36c198ba047fa0ff9508d4f3c1e11367bb0ba1ee162d5218ecd23f71a,"The climate is changing. And Colorado’s oil and natural gas industry is part of the solution. We are cutting emissions, restoring the land after drilling, and reducing our impact. Learn more about our commitment:"
id1267664080103987,b299e6d82bae5f28250638487c66435cfb5c201d9767b2c548bd3af65831f7bb,Summer is the perfect time to smarten up your energy use. We encourage you to join us in the AMP Energy Efficiency Challenge and find ways to cut down on wasted energy. Making changes can be as simple as turning off the water while you brush your teeth or unplugging a power strip when it’s not in use. Get started at https://bit.ly/3f90e3j #AMPEnergyEfficiency
id1269024319952349,7361ef47421179f876fd5e4bfa539c775d59060cae58835592a9ced9886b0425,"To grow American energy leadership, we must look to the future and prepare for projections that global energy demand will rise with policies that support safe, responsible domestic natural gas and oil production. #SOAE2020 #EnergyForProgress"
id127216165398739,fb8727fc1181529c49862e868ae8d0d76fba6b008757bdce5016e3323972da63,"The “Restore Pennsylvania” plan threatens the natural gas industry—a key economic driver and job provider in the commonwealth—and the communities it supports. 

Last year alone, the natural gas industry provided over $250 million in funding for all 67 counties."
id1279304869112007,6ba26b668d87c74ee84bc7f389c936d0479c1e003a53a4622d6997011f41b432,Affordable energy depends on American oil and gas production. What’s most important to you? Tell us today!
id1367498036771789,6c3d91e4bdcb3e6b0afd2dccf3559551907272180686b38003ba9c3d8a7b7a04,"Colorado's oil and natural gas industry works to provide clean energy today as we help build sustainable, reliable energy for our communities tomorrow.

It's not the easiest balancing act, but this is the only way to get from where we are to where we all hope to go."
id1371513039724130,40eef704ebca473a0b9afdf0b56a46bee4737512268f0a9d12fe984324d94111,"The U.S. shale revolution was driven by nimble, scrappy U.S. independent oil and gas producers who ruthlessly cut costs and implemented new technologies and innovations. Now, some companies, led by the CEO’s of @PXDtweets & @Parsley_Energy, are requesting OPEC-style crude production cuts for Texas producers. Burdensome regulatory interference threatens the wildcatter spirit that transformed global markets and led to a new age of energy. Read more: https://bit.ly/3bq47iA"
id1395685887283383,d7e8ebf3faf4238746945ae56f8abc83f7c893523ee3955180d5c6430e9c1423,Limiting Texas oil and natural gas means other nations will provide the energy the world needs. Keeping Texas strong keeps America strong. Tell the RRC to say no to production quotas!
id1499933523727678,270f2f14691bdf470a4e067ae29add4818369cb506a26e4792e051a25d4fe72a,"As a voter and member of Colorado’s energy sector, you have a significant role in the direction of U.S. energy policy by electing the leaders responsible for developing and overseeing the rules and regulations which impact our industry. We’re here to help with tools and information about the upcoming election."
id1500984310104929,6fd6152a3ca02fa0c8a6526851a101b428f58ca026761836c1272cbc02bf269d,Support oil and natural gas producers who work every day to safely produce energy for New Mexico and America while protecting our communities and neighbors.
id1504087056415381,343f3c33a1e2e8a547c31e960fe07695bf39414b7f6eb7751e0879c86b519244,"This is Nancy, Executive Vice President of Hunter Truck, making connections right here in Moon Township. #SOAE2020 #EnergyForProgress"
id151196472613735,30dd122bac8c5601ac0baecb8e029225798bfbb757f1a1e0613048e89974c3fc,"To celebrate 100 years of oil and natural gas, TXOGA is giving away $100 gift cards! 

Treat yourself to some goodies for Saint Patrick's Day! Click to learn more."
id1527641567396234,4b7b21a5010609d579b80261c9a991eb42a3a8b4c1127bb279541b48ecc67896,U.S. energy leadership offers our nation stability and insulates us from hostile and unreliable suppliers.
id1544773085674283,dd5ba077e31528b8ad3eecfac0dd579f968efe76174759d71e3660c5d2748a4d,"🚨ATTENTION PIPELINE SUPPORTER 🚨
We need your help to combat fake news being spread about the Permian Highway Pipeline. Are you willing to attend an in-person event? If so, click Send Message below and help support the Texas economy."
id1573707982813293,aa45d69c6a81273ca7c7c061e2c9a2095746907adc39181024b5d03015c40c4b,"If you work in natural gas and oil, you know Pennsylvanian families and businesses depend on each and every person in the supply chain for access to reliable energy. Your vote is no different. Pennsylvanians and Americans alike are counting on you to cast your vote Tuesday November 3rd."
id1643386559118249,5316668cb4526c39fdc3a3f3d9b39d02007bab05b73e1cd97e3ef3bc5a25fc3d,See what Michigan’s local energy providers are doing to go green all year long. https://allianceformichiganpower.com/going-green-all-year-long-and-long-into-the-future/
id1661373910704921,024c1fbfe8f6eb1ec3957e35b91b0be9c53258895b57174ae6370f5ea889dac2,"School is back in session! Whether the kids are at home or in the classroom, school supplies are expensive! TXOGA is giving away $100 gift cards to help! Tap to learn more. #FuelingOurFuture"
id166824997980450,6285f47f18faa82cbdfc7cb8fed4ee5fb7cd4e43e6bbec048e8fac227d38cc7b,NATIONAL POLL: Pipelines are an essential part of American infrastructure that we all depend on for affordable energy supplies. Do you support America's pipelines?
id169748547626757,4d12c53f20b7b7afe5c50e397d863952423fe954ba1f866b3f7d08ccc2aa3ad8,"Homes and businesses throughout Virginia save more than $1,000 annually in energy costs thanks to innovation in natural gas and oil production that have helped to stabilize energy prices and support the area’s workforce. #SOAE2020 #EnergyForProgress"
id1703368796506258,974c5b1f7409a50bbb92e4915fdd915b46659f6803a4a2d8adae1885c1804062,Let’s give our supply chains the energy they need by ensuring we have the fuel to revive our economy post-COVID-19 and beyond.
id172521474170550,0a8d3043d702528266ce1c34696bfa3df86aa869529cb26bbbc3ff8f3029c87a,"To celebrate 100 years of oil and natural gas, TXOGA is giving away $100 gift cards! 

Stay strong and take care of yourselves. Click to learn more."
id1740064476168806,f90aad4bebdd31d0101dc9dc02b414aa5e78d7e28dedea99f6651c99d322eed3,"If you work in natural gas and oil, you know North Dakotan families and businesses depend on each and every person in the supply chain for access to reliable energy. Your vote is no different. North Dakotans and Americans alike are counting on you to cast your vote Tuesday November 3rd."
id174178794011603,7f06a03fd65ca33324aabff9cc22acb2e78784e9ea5406bb9f0d7b5a54481017,A reliable system of #pipelines helps continue to keep fuel affordable across the country. #PipelinesAreLifelines that fuel your freedom.
id174302743936509,4d65f0db3636adad14c643c727f6e10377571ab8a6cd93a49df3a5c54a541473,"Daily U.S. oil and gas production in 2019 doubled E.I.A. projections from a decade ago, thanks in large part to New Mexico’s recent record-breaking output."
id180790873153477,3564edaf275649f63e2cb8db6827f18bb87bacdb1d554096dafc1983da43910e,"Natural gas and oil is empowering a Western Pennsylvania comeback story. Despite its up-and-down past, the region is experiencing significant job growth thanks to a decade of natural gas & oil development in the region - as well as the broader economic benefits of abundant domestic energy. #EnergyForProgress"
id180965453112119,680dc6425e0426217301591ce77fd194462a28d27a7d789101f33cc0aefeaa6c,"In Aurora, Colorado abundant domestic natural gas and oil is helping grow the local economy and empowering people, businesses, and manufacturing. #EnergyForProgress"
id182725359615229,3968ae805f0709b0ff7ff0660228b0557ae116c9903c2c2f1870a3e5e37ffe48,Colorado's oil and natural gas industry uses science and cutting edge technology to responsibly harness reliable and affordable energy from deep underground.
id1834671209996779,66c87a210d798512a6296eaea19c66bb938b6893dd4edba4520219ef6a76efd9,"Today in Red Wing, Minnesota, perhaps more than ever, industrial manufacturing and farming are thriving because of abundant U.S. natural gas and oil – energy that empowers all sectors, benefits consumers, and helps protect the environment. #EnergyForProgress"
id183821606059524,574d00e32d48f6e984886b4c29b21f641985c7b59d6da14a53104068d1f62746,"We’re invested in renewable energy.
Our Bemidji office is powered by solar energy, as part of a partnership between Enbridge & Native American-owned businesses."
id188175675774511,258af19b2e594aa0059d57b2ac10e26eaed5ebf88632bcccf97e0e82d6a53563,"From 2011 to 2017, New Mexico methane emissions decreased by 51% while oil and natural gas production climbed 31%. Add your name if you support the industry!"
id188909929151649,4019e238ff92dbf4a9fe4ca58188e522daa185393c45028473fb41107f3dbb61,"Fire up your propane ovens, it's 🍕 pizza time!

We deliver propane from our Marcus Hook facility to Pennsylvania energy consumers, including local restaurants who use propane pizza ovens. Local propane helps keep energy costs affordable AND this clean-burning fuel helps improve the environment. Enjoy your slice during this #nationalpizzaweek.
.
.
.
.
.
#pizzatime #pizzalovers #propane #marinereast2 #naturalgas #naturalgaspipeline #energytransfer"
id189346665632987,121690ee8dca6a8fb7c11b762c70de52cc3eb8ab33599a2cdcbe5647c00c8c67,"For decades, presidents have recognized that our country is safer and more secure with energy developed and produced in the United States. Thanks to their leadership, American oil and gas is stronger than ever before."
id1905934502871841,ec1c9d339fadc35cc73d892d65cd443ef39580c5cd0cbb592cb7cc279dbc6dc5,Renewable energy still leans on fossil fuels to support it. Join our “Planet of the Humans” Watch Party to learn more.
id1907230816088544,cfb0b8454981008a1d574de4b203fe72a20f8e93a7e5e77a88c4cfbe6c9a1fce,"In Aurora, Colorado abundant domestic natural gas and oil is helping grow the local economy and empowering people, businesses, and manufacturing. #SOAE2020 #EnergyForProgress"
id194567538599956,c0cb30d555cd578c9c41b19e576bb1fecf3f4d1b51ed759feef6ef0b14d1bcdd,STATEWIDE POLL: Do you support Montana’s pipelines?
id195039311848774,4caf4bb04dca24fa25aa369251710faf6d68affa84dc0322e7bbb34490c99d8b,Increased crude oil production in the U.S. means greater energy security for us all. None of this would be possible without New Mexico’s record-breaking oil and natural gas production!
id197693781628379,4df08e5a57f76d94b7b30c81c9a4ecc6fbb906de7228e0252bb103f376ec1cd5,"Investing in Marcus Hook and Pennsylvania’s workforce … 
Our Marcus Hook Industrial Complex expansion projects will create roughly 1,200 Pennsylvania jobs thanks to a two-year project labor agreement with the Philadelphia Building Trades. We are excited about this next phase of our complex!
.
.
.
.
.
#marinereast2 #energytransfer #naturalgaspipeline #pipelines #naturalgas #oilandgasindustry #naturalgasindustry"
id200389521272821,a53fdb3f9acd579b336f52c52a133a5f3cd28cb1c552db32b4e046f1fdd14a34,"The U.S. is the world’s leading producer and now a net energy exporter – reducing energy poverty, lowering global emissions, raising standards of living, and supporting the uptake of renewable energy."
id200608174536425,66622fe297fc5228b5eba9453378f6096623f22d8403fc7183a70c6b17752851,Fracking is a safe and proven technology that has been used in New Mexico for 50+ years without a single case of groundwater contamination. Do you support fracking?
id201611251146384,b048b5fd5306e58f958eb61f1601f70680728c807584153b5e9e8fa0d898647d,Alaska’s energy renaissance fuels economic growth with minimal environmental impact.
id202748780830875,2afd10cf7f0ecdff11d495fe7e4fe3de31c58368772f47742590d97f934b39e3,ADD YOUR NAME if you're a proud supporter of the oil and natural gas industry!
id202900447623335,0a2895a1622516d25bd55b59e307e38cf4463644e77cf3ac6c548cfad57d0259,"Constant innovation, smart regulations, collaborative efforts, and industry initiatives help to ensure that industry is providing affordable and reliable energy to consumers, while reducing its environmental footprint and emissions. #EnergyForProgress"
id204247533957058,01d17cd0ed799c4b1d223398c32397c4a4a0e597d6cddbcf0932bdf305fa9f01,"Natural gas and oil power America’s 21st-century, economy strengthen our nation’s security and support U.S. global leadership in reducing greenhouse gases.#EnergyForProgress"
id204843794041612,a88715e81535058c15131be63385467a60f2e422ae106f59e3915c1d82537764,Pipelines help keep fuel affordable for Texans. #pipelines #texasstrong
id205844037378359,90fd803136abc193fe013a4cb25a0de55c8bbace9ff04ffefa6d20916c3e3a6d,President Trump's announcement shows regulatory reform of the Corporate Average Fuel Economy (CAFE) rule can serve as additional relief when the economy needs it the most.
id205916304169924,c0a843cf959c52bb35b3930dede2d5dbb4920ea1d0ea145854f1d079a6e9945c,"“People have enough things to worry about right now. We’re doing everything to make sure reliable energy isn’t one of them.” Read our President and CEO Karen Harbert with Dominion Energy COO and AGA Chair Diane Leopold on the work #natgas utilities are doing to make sure Americans continue receiving the same safe, reliable service they have come to expect from their natural gas utilities. https://washex.am/2JD7E0I"
id210418096919326,2dd875000c74a51b14379a3fda65d7ddedc1db762d7bc898f7229739364f2e3b,"Michigan’s local energy providers realize that, even without the impact of COVID-19, many seniors and low-income households need help with energy bills. Energy assistance programs help make sure income-eligible individuals and families don’t have to worry about having reliable energy. Learn more on the AMP blog:"
id2104860709646111,caac599903e5e9f029af470cf0c9c6c1ebd326e39d16c5acc974ee1ad11787d3,"Together we offset emissions and improve the environment of our communities. 🌿

For every gallon of gas you pump at Island Energy Services Texaco stations in Hawaiʻi, the Hoʻāla Program offsets your tailpipe emissions by up to 30% through investments in certified carbon reduction projects and local environmental initiatives. 

Want to learn more? Click below!"
id211699609973645,57b8ac5fe080989788d15a55e02ebcdb66928bffa4d24bef30cdf66cf47b26d1,We've just taken off flying a banner around the Permian Basin to thank essential oil and gas workers! Look up and see the names of Texans that support this critical work.
id213173273196416,c490d156119e413adf6b2f5f9339eb6736acfaaef5d798346881808f7af31e2b,Shutting down local oil and gas production would increase our reliance on unstable foreign oil.
id213379866385001,3f9a1e2873123a8246156943cc342a7a44f9d2ea1b7cf31ff6ee9859d40e270b,"North Dakota’s energy resources are important to our state’s economy. But the benefits go beyond revenue. They provide local jobs and help local communities in countless ways. With new technology and innovation, we don’t have to choose between providing jobs or protecting the environment — we can do both."
id214505776344431,fbc0526793e9cc740cde6a6c62f15bf12d8e72ec45b55587dfeb1bb86d932b83,"Homes and businesses throughout Virginia save more than $1,000 annually in energy costs thanks to innovation in natural gas and oil production that have helped to stabilize energy prices and support the area’s workforce. #EnergyForProgress"
id214814866686134,665112e37514bf46812f00ae52c84acbce20c6dfa6f4ef5c709ad546c1021814,Join thousands of other natural gas and oil workers and sign up to stay informed through Energy Citizens!
id214949483086873,7b9b9b57f8749f7eb63068be5eccac1539a121531148de86e6d44c760d899735,"As the economy grinds to a halt, Americans are looking to leaders in Washington to fund a stimulus bill to get us back on track. So why do some want to include provisions for electric vehicles?"
id217932912643876,660793dbe0826bc3fe27d978dc667e834cd9c792846c6f4cc66a032af0b38d9c,Congress is debating priorities to include in a massive new stimulus bill. Potential recipients include American families and industries hardest hit by COVID-19. But among the provisions up for debate is an extension of the electric vehicle tax credit. Confused? Find out what’s going on:
id219236519111828,ec15b4d7401378c30b71d7308b81aa07ec849294d6d2864f33cbc7bb41a5caba,"“New Mexico’s two largest permanent funds will pump an all-time high of nearly $1.1 billion into state schools, hospitals and other programs in the coming budget year.

The record distributions from the Land Grant Permanent Fund and Severance Tax Permanent Fund stem from investment gains and gushing inflows – via taxes and royalties – from oil production in southeast New Mexico."""
id219849572451756,c534c9d9865f2d1df6a66d3221f4a8b4dc784a0d3e3db355c019f29991a0f193,"Peggy Noonan has some reassuring words as we all find ways to cope with the COVID-19 pandemic: “Everything works—and will continue to work—as long as we have electricity. It’s what keeps the lights on, the oxygen flowing, the information going. Everything is the grid, the grid, the grid.” Now more than ever, the importance of a strong, resilient electric grid cannot be overstated. http://peggynoonan.com/we-need-time-to-absorb-all-this/"
id224893002031360,b5ec1490b022bf4cc88fb123e2742b7e7d2e22671dd5e61bc4920bdf0e4c66ea,"#FACT
There have been no spills on the pipeline’s 1,200 miles of underground mainline pipe, which includes the Lake Oahe crossing and all other water bodies. 
There were a few small incidents that occurred on our property of which the largest was less than 2 barrels, all of which were immediately contained and fully remediated.

https://daplpipelinefacts.com/The-Facts.html

#DAPL #DakotaAccessPipeline"
id227537708427665,319afff0298b180a1c183bae76249afbd6376f248fe92aa86fd9a0784f8ba928,America needs a model for carbon pricing. PA can help. Read our op-ed on the Regional Greenhouse Gas Initiative.
id227567618638229,1c8150723b3f79295c6bd2cf1c00cfe7698e286aa0b1ce51cb6a2ac4170fee18,Natural gas and oil play an important role in North Dakota’s economy. Jobs are important — and so is protecting our environment. That’s why we are responsibly delivering energy while supporting economic development.  We don’t have to choose between protecting jobs or the environment; we can have both.
id228180871899765,dc37caa8e5716cd5961a699bf0447c8902ce3451cb49e70c00561762410d7a69,"When our homes became our temporary gyms, classrooms and offices, #natgas utilities didn’t miss a beat. The natural gas industry is committed to #FuelingOurCommunities!"
id229981444875262,02ad630bdb634addcbd50c742d887743c9ffa30dac1641171d23c34d968ff5b7,"Throughout this pandemic, our core values have sustained us. See how the employees at ConocoPhillips are getting the job done in providing aid to COVID-19 relief.

https://bit.ly/2Z0YQsr"
id230837251686433,51849c8a26f9c323a90327b2dcafa9d56bc97cc3c9e0600ac698841b147c4641,"The Texas Railroad Commission is deciding whether or not to limit Texas oil and gas production, also known as proration. We must act fast to protect our billion-dollar investments."
id231790797831553,54d724c66e9e52860c31a93a02e5e18958c30ca7d77aea2cab529842d8738c1d,Increased natural gas production in the U.S. has given American families and businesses some of the lowest prices in the world.
id234547374293779,73348994d8b57d88727ab9a1075256acff6a1ca5e517d6901c07d1bb47d48e63,Some oil company CEOs looking for bailouts are demanding Texas regulators implement OPEC-style crude production cuts. But all that would do is weaken American energy security and make our nation more vulnerable to unfriendly foreign regimes. Read more: https://bit.ly/2yqK6d6
id234940244505867,e7c7d08ef2e6e52ffdc616cb3f8cb7012afb51f9e3a09e94c1adb86b64c47b05,"Want to help us stand up against the upcoming oil tax ballot measure? Become part of OneALASKA by joining our coalition either with your small business or yourself as an individual! 

https://www.onealaska.com/joinus"
id236055177487968,efc700c8631b6ec5cc0c32481c182c780b63197df5dd3acd63b9157411a3f09b,"AGA recognizes the value #natgas and its infrastructure brings to meeting the country’s collective energy and environmental goals. 
 
Our blog has useful information on data related to several topical areas, including greenhouse gas emissions, natural gas infrastructure, natural gas bills and rates, building characteristics, and appliances and air quality.
 
Check it out here: https://bit.ly/3b6ntYZ"
id2366742906961711,f83c5765fd72e6bf37c108fb460b74bd2dc829fe9cbe8080a84cd54983bb875d,"Innovation is part and parcel to America’s energy industry. And our energy innovators will continue to work towards solutions that power our tomorrow more cleanly, efficiently, and reliably. Add your name to stay up to date!"
id2385954481505969,ce44a80bcd31e374156fe9a8d6cab7486470107ea1537513ceade5e799277d3b,"What can we achieve when we explore new ideas and find common ground in innovative partnerships? Learn how America’s natural gas and oil companies are making a difference locally, nationally and globally."
id2389800321319023,2ff2aa818bd6e26c4f79276e7fd80efe89f6bf2d608500ca116f8b14038fd7cb,Which oil and gas issues matter to you? Take our survey!
id239386360832877,28a8ca4375ed649fdc3abb39408a545be3f20d2872c1d7386277bb1d8e395ee5,Shutting down local oil and gas production would force us to increase reliance on unstable foreign oil.
id2442206232748683,b6ee4d1041fbacc298b4eb9b3a751bc57bcc723e0c4c3e2a957ef82a8bcdc08f,"If you work in natural gas and oil, you know Alaskan families and businesses depend on each and every person in the supply chain for access to reliable energy. Your vote is no different. Alaskans and Americans alike are counting on you to cast your vote Tuesday November 3rd."
id244367490165207,eae99724347efa458b34cf50900e2f6364cb6eaf396f866e9d792fe8d1ad7cc3,Can green energy ever be self-reliant? Join the conversation during our “Planet of the Humans” Watch Party.
id244753596770021,43452ce772ca4b9649f9457adc4e915848eb335c5913a691ca6cc60826e32f34,The Wink to Webster pipeline system is partnering with Texas A&M to train hundreds of local firefighters to handle emergencies safely and effectively.
id2454343921495565,987accac418e16a13415893161b1793cbb1e2b6ac705bfb4112f8e747acbc0f0,NEW POLL: Pipelines are an essential part of American infrastructure that we all depend on for affordable energy supplies. Do you support America's pipelines?
id2464553570487495,8188075dc52513f495498281158a673b3e3a50f6c3f711378c1e34c0f67a632f,Mayor Janway of Carlsbad correctly recognizes the opportunities afforded to New Mexico thanks to the shale revolution.
id246809349731354,4d837acf497590ebc76762ad8b0ddfd57932e609a8afa636b27382ffe662b482,American energy jobs are essential to our energy security. Tell Governor Polis to do what’s best for our country and for Colorado. We must keep fighting for American energy jobs.
id2489958047923394,d2fd1682c79ba92a5a6f1a8f9a37abfb2dcdde58f86adb16cea5652a64e5731d,NATIONAL POLL: Do you support America's pipelines?
id249357839392782,487c88520533da121086263a6e84878fa29e23277cab78d55d4422daca1c6dc7,"Pipelines are the safest and most efficient way to transport natural gas and oil. Infrastructure expansion will ensure that our abundant, homegrown energy reaches American households and businesses."
id2501924506740752,49377109a1e208174a3ae25ccc2b95101b6559eb98b59df0260cfece9776e7ef,"Energy infrastructure is essential to growing American energy leadership, keeping energy costs low for working families and promoting economic development. But red tape is stalling infrastructure projects not just in the energy industry, but across the entire U.S. economy."
id250966879578839,4bd9f7536c6d2c4c2405f0a8cb7cefba47956674d219b03b7962c8895c1ef6d3,Texas Tech Energy Commerce Professor Bradley Ewing sat down with NewsWest 9 to talk about the importance of investing in oil and gas infrastructure and how it will lead to a faster recovery. Watch what he had to say:
id254797882226978,ccade3dcc90661809a378df17f5fa020d3af36d88a4aa84e9048bf7e28628b21,"We’re giving away the Ultimate Backpack to a few lucky students! The backpack will include an iPad, AirPods, a gift certificate, and other school supplies. Click below to enter."
id255017752336134,f5c29373da59bc2651c0a0647ddf41ccf417013f1dca2f9bac1133d8a29ebdc4,"With a lot of families stuck at home in response to COVID-19, many are looking for ways to keep kids entertained and learning. We’re here to help with a series of activities you can download to help kids learn about energy while having a little fun. Start with this energy word search. Download it here: https://allianceformichiganpower.com/wp-content/uploads/2020/04/AMP-Word-Search.pdf
#EnergySearch"
id255321152520148,7851c35f62b6c7c3d7f70496537ddd3a5d87b09f6bcd872dec514de980b73814,"Texas oil and natural gas delivers energy independence, economic strength and high-paying jobs. The Green New Deal would put Texans out of work."
id2559329414383959,5b8c4ca307134168371151d320743259f6258d41270b340b84fa1595356eb1ae,"We can’t help but say thank you to our employees who are not only providing safe, reliable and clean energy across the country but are also serving their communities. We are Williams!"
id256567842123397,5d6f22b88702ebdb06cda97539c6c1647084d70236ac226dae1be38888879a80,"America is energy independent thanks to U.S. oil and natural gas production. Now, that hard-earned independence is in jeopardy. The time to protect U.S. energy is now. It’s never been more important to our national security and our economy."
id260173278770038,0b8f984b9465cff53fe46f97628ef07ec6250057e662ccb5dd6da6ff12fa3bb4,"Instead of helping families, jobs and small businesses, Ballot Measure 1 will give politicians a blank check with no guarantee of results. It's the wrong plan at the wrong time."
id2603811789839043,9ec220143db8662af4bf2b209567a82c87756707f10710e11bdfa1deda4ac139,"The Dakota Access Pipeline is currently moving approximately half of the Bakken’s oil output per day. Optimizing the existing pipeline by adding horsepower will help allow for further development in the Bakken, economic growth in North Dakota, and the stabilization of costs for the industry and consumers.

#DAPL #DakotaAccess #SupportDAPL #NorthDakota #Bakken #Oil #Pipelines #DakotaAccessPipeline"
id260939958367851,68e28ddd35e1f0311272ca9f394d9b982359b868ac2a0938321a871863cd421d,"Employees at a PA petrochemical plant worked ""all day and night for a month straight, producing tens of millions of pounds of the raw materials that will end up in face masks and surgical gowns worn on the front lines of the pandemic."" Read their story: https://wapo.st/3btADQJ"
id260992275016198,cbdba6c3f1cfc147a7f0c6daa431d3eb4547e88ac5df952b623ad351817355bf,"Local energy providers in Michigan and across the country are well-equipped to help keep energy reliable during the COVID-19 pandemic. Why? “Disaster planning is baked into the DNA of electric and gas utilities, which regularly deal with hurricanes, earthquakes, cyberattacks and other disruptions that threaten to disable critical infrastructure. https://lat.ms/2x1XdB3"
id261017392019315,39bf3526f7cba991f7664691da908ad3ae2ab15913bc8e00286c3b2b62835868,"Natural gas provides affordable prices for consumers in Virginia so they can save money while they cook, clean, and feed their families."
id261090515277331,9c89ebbb9c3fda8a94652c06118131c4eb5dc0c48a77f51bcd0534c665c43746,"Have you considered what Michigan would do without Line 5? Are you ready to put 2,000 more trucks onto the road or 800 more railcars through our communities? How about losing $5.4 BILLION in economic output? Find out if it’s worth it here:"
id2612331889012604,8280dc3b293a1439b53094a11f27932609d6a75082962a3d70549e0e61af6360,"The Line 3 replacement will keep energy flowing in Minnesota and costs low for working families. Plus, it ""would come equipped with the latest technology for the prevention and early detection of spills."""
id2614297565495109,20900eaaaf460f97a58dbb7386a1c61f118a512d047145978c16d64640c2afa2,"The Line 3 replacement will prioritize safety, utilizing high tech tools and around-the-clock monitoring to protect the environment while ensuring safe delivery of energy to consumers."
id261960955073452,326c4e89bece5395b7305d70449f9fdcc55e7b669d3bed0ea10f95dbff92fb6f,#Natgas serves as a reliable #energy source for more than half of Americans in their homes and millions more at places of business.
id2625136601083675,18a9e2bbeafa95ef54cf2f77df328f5d2b3d7ac4dec04b789c4bd0278a09c2b7,"Part two in understanding the value of natural gas focuses on how the #natgas industry is driving down emissions through customer energy efficiency programs and their own operational efforts. 

Take a look at the link: http://ow.ly/petv50zFkmj"
id2633038130258623,897f48eb587a4258a3f25f47ada219395b7bda35b4e72ab74d7348d05239a177,"This is Jim, a Director at Red Wing Shoes, a company that has been providing shoes to citizens, soldiers, and everyone in-between since 1905. Today Jim is using natural gas and oil to preserve a local brand with global scale. #EnergyForProgress"
id263733418014389,ca322583fc09ca3f0ce71b0820398cb863f1834a3432eb16f730cf0a318815c4,The world continues the need for abundant supplies of oil and natural gas. We need your help!
id2638102116470427,c9df803b087b62cb0329a2c6722de9f3e09baf39ef238926c3f201d6c2507a04,"In 2018, oil and natural gas revenue pumped $1.06 BILLION in funding for education! LIKE our page if you support the oil and natural gas industry!"
id2666498356783803,fc35093470f9ad329db31c72d1f983b02d60c3b903364e72ef9e53616d20af9a,#Pipelines help American families make ends meet by keeping the essentials affordable.
id2684266911659106,7a417781b7e7fb4497cc80545052b44aade8195990c68bc94c4eedeeed8c65f4,POLL: Do you support increasing access to America's vast offshore energy resources?
id268449027710516,ef4cc7d73746c5bff9d3bfeee874f50b38f2bc8e69f6989222c5be9404fe4997,Importing foreign oil would eliminate thousands of local jobs and cost $30 billion each year in imported oil to power California. CA's oil & gas production is vital to fueling our local economy.
id268458784507164,bfa003ca665c9e3c65779758e3b4c499a2979866edb2817487bc8310e19b66f5,Access to natural gas and oil means reliable energy Americans can count on to heat and cool their homes and power everyday life.
id2685590275046080,7401458c4ddfee147e9516702ab7238da6ac3e3fbdb8a5d84ad73c9a9eb41435,Enter now to win the perfect Christmas gift–a free Yeti Roadie cooler–and support Texas oil and natural gas!
id2701580410055158,21e18abb06162cf17a21634e6f89165767d1bf42967d698fd8f29c7784fccbde,"Energy bills are always something businesses have to think about, let’s just make sure they don’t have to be the first thing they think about as they try to get back on their feet.  Visit https://consumerenergyalliance.org/2020/07/emerging-from-covid-19-reliable-reasonable-and-resilient-energy-is-essential-for-new-york/ to learn more. #PoweringPeople"
id2710843635906926,dcce470e96143441050c900032e1b9791ad0aebd416065c4deb780e2940794ab,Tell Congress: Include funding for energy assistance in the next round of COVID-19 relief.
id271543317413806,50f5ae9ba17d914f50aa6172fb287dc16cbf55717edcfa64865a2e82e55267d1,"Michigan businesses are slowly but surely starting to reopen, but many families will be facing tough economic times for a while yet. Energy assistance programs have never been more important, especially for low-income families. Find out how changes to the State Emergency Relief program can help struggling families: https://bit.ly/3dICPEl"
id2722362144713440,05aff294af939a72febee8f94a2b05aa15f569038cd1889fc64ce715799d31c4,Alaska's oil and gas industry is our state's single largest economic engine. Watch this bite-sized video to learn how direct oil and gas industry jobs ripple throughout the Last Frontier.
id2726853344210203,088d60d1bb90f1dcf5d3e1629b7669594c73e49c49dc3ed68a897aa59677bc69,"#FACT
The #DakotaAccessPipeline does not encroach or cross any land owned by the Standing Rock Sioux Tribe.
By contrast, rail lines that can transport crude oil from wells owned by Native American tribes currently cross the Standing Rock reservation without objection.

https://daplpipelinefacts.com/The-Facts.html"
id273197647260667,cfdae98ecbd6408c724147fb3f68dd2787d664ea5097528cf07fb7c64ef3bd4b,"Meet Gina & Greg DelaCruz, the owners and operators of Mililani Texaco. 🤩 Their site offers safety checks and features an auto service bay to help with vehicle repairs. Stop in at Mililani Texaco today for all your auto needs! 🤙

#TexacoInHawaii #TexacoWithTechron #Mililani #AlohaFriday"
id2752312971705109,5e91ebe5065c3f165c50a364eba02022ccfb007e102ca1e8e08a248b93b5b050,"As a voter and member of Ohio’s energy sector, you have a significant role in the direction of U.S. energy policy by electing the leaders responsible for developing and overseeing the rules and regulations which impact our industry. We’re here to help with tools and information about the upcoming election."
id2756971574369458,7f2cb9c3cf53ffe04c25f214d29e38776edc9ab65be46baeceb47afeda089302,Trucks at our Marcus Hook facility are transporting propane to PA and keeping energy costs low this winter. #Committed2PA
id276572140307245,e5a52bb6410b0b0bb4629c5a3093d949b81bc1749668be4f62575796235935b8,STATEWIDE POLL: Do you support Minnesota’s pipelines?
id2767865203543565,c2df658c8622752deb1fe8c8da203abe88aa53f0fd380798b5216881ef476f9e,Las empresas petroleras y de gas natural de Texas son pioneras en tecnologías e innovaciones que ayudan a reducir emisiones. El “Nuevo Acuerdo Verde” (The New Green Deal) pondría fin al progreso ya alcanzado.
id277722189865545,529f9f069f0afb94429ee027b32eedf87b10750e0fc19de96ff71b125d3113d7,#DidYouKnow 51% of parents spend upwards of 5 hours every week driving their kids around? Pipelines deliver the fuel that makes getting where you need to go affordable and convenient. #PipelinesAreLifelines that fuel your family.
id2779513122169901,f297d4ac05830fffcfa6c59e56ccfcc7e92186b85bcbbdac289b4dcef6055cd3,"Pipelines deliver Texas crude in the safest, most reliable and efficient way possible."
id2790515281024723,49e78bb0d187db59f0e329384d307e345f8f224c77728c6aa5ec1a4ae6d5a478,"One of Pennsylvania’s greatest advantages is its clean, affordable, reliable, and accessible energy. 

Adding new taxes will only further burden our already-highly taxed natural gas industry and could mean higher energy costs for Pennsylvania families and businesses."
id279112843162379,c251ffd4bc574daf1f5657b6b0d83532c62eaa1773c5a5198b7d538f958df4e4,"We are committed to advancing technology that helps reduce our environmental footprint. In Colorado, we use tankless production facilities that substantially reduce our emissions and footprint. Learn more in our 2019 Sustainability Report. https://bit.ly/2Zs2dZF"
id279141959722098,156ac00734f90b1fd01a9feee3cd5f962764516fb78e4c1f1c1cff2015d3e7c1,Growing the Texas economy and helping America be energy independent – just two ways pipelines help provide Texas families with a brighter future.
id279435806356895,935d034ed3a4e1db9708874e79814c423af0941c7b6708b1dca03690ae30191c,"America's recovery is going to take energy, and we have a choice on how we get it. Why import from unstable regions when we can responsibly produce right here in America?"
id279467483457295,11cca666697c87cb8babbcf2b3b2b4720d0fd8b8ac2c15ff9e1ee18f1abf759c,You might be surprised to learn how much green energy still uses fossil fuels. Join our “Planet of the Humans” Watch Party to learn more.
id2816244678603682,dba46f8218436ca212fadb3ecd46883968f44869db66fb4e583cc99c1cfbc574,"During a recent visit to the Permian Basin, President Trump recognized New Mexico’s oil and natural gas industry for supporting thousands of jobs."
id2847704802182703,94f13bb3777ff0660b0527c0040b93d71e538d598b3d9585d263305ac0104920,"Manufacturers depend on Ohio natural gas & oil to fuel jobs across the state and serve as building blocks for life’s everyday products.  👷‍♂‍👩‍🏭

Learn how Ohio natural gas & oil creates a more sustainable future for us all 

#EssentialOhioEnergy"
id285038129335511,17fd34b931d418d50cf1443a15e20bb9380a6f5af235b82c7f584762815952da,"Beware of utility scams! The COVID-19 emergency funding from Congress could bring utility scammers out of the woodwork, targeting vulnerable Michiganders who have just received their stimulus checks. If someone contacts you claiming to be from a local energy provider and threatens to shut off your power unless you pay them on the spot, don’t trust them. Call your local provider to be safe."
id285255272928317,521d1c428d6c66a2e336c9d4720af073a438be4f38d950ee44f4671eac60833c,"#FACT
The #DakotaAccessPipeline adhered to all federal, state, and local laws and regulations. All told, more than 1,000 certificates, permits and approvals were granted for the pipeline -- that's about one permit or approval for every mile of pipeline.

https://daplpipelinefacts.com/The-Facts.html"
id2870097933098994,a56588fef95a288e009b804f591ab4cca38d75cc30e369df0548dfc1df69850a,#Natgas saves American families and businesses billions of dollars on energy bills every year. This one of the reasons young voters agree that the continued use of natural gas as a primary #energy source is critical to building a stronger American economy.
id287823302308185,8ee312d249d569677e37a6eea8440cb8d6f03943667e4354cce78745070f81ae,"During COVID, Americans experienced product shortages on things made overseas. With better access to affordable energy, U.S. companies can look to create jobs here at home and re-shore our supply chains."
id2891152614271052,0e363fb159380cf2d0a5513d864bd5d4b10b4b4dc3d33306ef45c0acb42f543a,"This is Brian, he works at Extraction Oil & Gas, a company committed to responsible energy development in their community. #SOAE2020 #EnergyForProgress"
id289378232348694,d432f816968a1a4ed06c926c8f16a132162fe38c6a5699d1dc28063582b82cbe,We want to hear from you! Let us know why you support oil and natural!
id295481511730616,9b7100335542c35e4828165e57f610482395a5f1111a88fb670e56591cc480f7,"American energy security lays the foundation for our national security and the innovation needed to power the future.

America’s natural gas and oil companies are proud of the progress that’s been made, and will continue to find new ways to support our country’s economic, environmental, and global leadership. 

Sign up to stay informed!"
id295644138200405,7289b8609331ad2e3264eded749c9cdae150c190d50174121b6663a926d444b2,We're proud to partner with Pennsylvania's Department of Environmental Protection and Fish and Boat Protection to help protect and stabilize an important migratory trout stream. Learn more about our work!
id2957390074361736,3047f694d90488b03bbee0e13865e7a07bb2a51cd6207d2e46aad354b96e359d,"A ban on federal leases could threaten American energy security, derailing U.S. progress and forcing us to rely on foreign sources. Let’s keep American energy jobs."
id297338677939314,fc6e5aad3691ca17f6dff60fceac55158904e2bb9db10c5e4bb2dc5538cd0cb5,"With COVID-19 stimulus checks on the way, it could be open season for utility scammers. Stay alert for calls, texts, or unannounced visits by people claiming to be with your local energy provider—and don’t make any payments unless it is through your provider’s website, the mail, or by calling them directly. Remember not to click on suspicious links, too!"
id297684748133299,5341bb5fb6b3fd33c0eecfb8e8f10b3a06a20c73251083232418c14a46d479ab,Michigan Governor Gretchen Whitmer recognized the hard work by the Michigan Public Service Commission and local energy providers to protect vulnerable Michigan households from service interruptions throughout the COVID-19 pandemic. Read more here: https://bit.ly/39fs0ZP
id2977678762293745,689229a92e46ddc30e960bf493536e653ba36e11db6b483fe2dc1610b7bb3274,"We are committed to being good community members along our route. Through our Good Neighbor Grant program, we provide funds to local tax-exempt organizations who support community programs, educational initiatives or environmental projects."
id300772581325123,265a2487041a16fd41005a82460b42e8d8d84f7d2327220ae4d6980ec79fe849,"From producing personal protective equipment to generating affordable, reliable power, Ohio natural gas & oil has been essential during this public health challenge. ⚡️🏥

https://www.bizjournals.com/cincinnati/news/2020/06/05/my-view-ohio-oil-and-gas-fuel-coronavirus-relief.html"
id3009252385825849,2bbd3c7c89236a2fafdb0e0c134e07e865cbd14d068119b3de5923b932148c0d,"#DidYouKnow the Land Water Conservation Fund -  America’s largest federal conservation program - is funded almost entirely by offshore oil and natural gas production? 

In 2018 alone, the LWCF allocated $893 million to support a range of conservation programs including rehabilitating parks, improving wildlife habitats, expanding hiking trails, and more."
id3050290955040161,47eb3f346a3a166a1196bd5d13bdcda8e3fad08cc1f00e965009b200182c9c83,Tell Congress to extend funding for LIHEAP & help protect vulnerable Michigan households.
id305589820420245,336e67835ac5af7707f897e3dc8852eadb5203b726d062c77c91247e5a52eb66,"Pipelines deliver Texas energy in the safest, most reliable and efficient way possible."
id306666357321153,8d7f8cfdf534791cf739a49ae3170bdc33608daed31fbfaf0e6af74c904063bd,"Americaâ€™s natural gas and oil industry is constantly finding new ways to create a cleaner, stronger tomorrow. Like our page to join us on this journey."
id306748437245096,08cef0d2d4c67ec56a942f3a2c114a18a37edf7a4a3e1e04c64e9e422667beda,"Take action now to urge County Officials to vote NO on the General Plan that will hurt thousands of jobs, cut millions in county tax revenues for schools and public safety, and harm our economic recovery."
id3078217765531232,f96bb31a74e730c83e94135e0cae42e956d27c4a4dddc784577a04df7de5f3e8,"Pipelines provide safe, reliable and cost-effective transportation of Texas oil. Learn more, and sign up for our newsletter today: https://winktowebsterpipeline.com/learn-more/"
id3079984812095365,52363130dd31ba13d91f776d845afd4c45f85926cdf006765d4e031ca521cf04,"Our latest blog post takes a closer look at how electric rates are determined, who’s in charge of setting them, and how rate increases benefit Michiganders by funding critical updates to our electric grid. Read more on the AMP blog: https://bit.ly/2Yhg58v"
id3094321807272356,1234ff29459ba5688222041015869a385dc7c8f0dd6fc9381ef9b0d9d5946478,The #natgas industry helps customers reach our shared environmental goals and spend less on their energy bills. 👍 if you're saving money and reducing carbon emissions with natural gas in your home!
id3096090710456219,492e0364a183f28f6752e04fe0939c77f333060dd04d35e5d0b36fcfe7672376,"The natural gas and oil industry will meet the challenges ahead, for a stronger economy and cleaner future – by expanding partnerships, developing best-in-class standards, driving new technologies, and supporting smarter regulations that boost innovation. #EnergyForProgress"
id310900223697095,134024a9b5866cfe8027b6e673713abbd16cefd4447c612e4872274da40266fd,Solar helps power natural gas production in TX & CA: learn more about the partnerships that help keep America the world leader in reducing emissions.
id311037316637610,d7e0a4f08bf5477cc3e510f5e3e60c1a0163ae223d6132ba4309d035ece7eb4c,Send your kids back to school in style with the Ultimate Backpack! Submit your free entry today!
id311540423246591,72f8a103fed7fbbdab78c4c60d466518f72d983e642f468d1089984d76689c2e,Do you know how much the average price has dropped for local natural gas customers? Learn more at: https://consumerenergyalliance.org/2020/09/new-report-details-benefits-natural-gas-tennessee-families/
id311673909941189,5c3ed9566918010207265059f447393ea43deb21173be595f5ffc3ff7901b4b7,"85 percent of voters agree that oil and natural gas provide a value to their life, according to a new poll."
id312256826768548,ba1cda843c16f41a9f22ba1bcdb1028b91ebff75f56d89b8a65911cf290de08c,73 percent of voters believe the oil and natural gas industry will play an important role in helping our economy recover from the economic impact of the coronavirus pandemic.
id3127849910579872,0e4dc6f716e1a15d51c0064939082833ac0a69320a0bb0eca244dc14fc9ac486,"Pipelines are good for the Texas economy and have a 99.999% safety record. Sign the pledge, support the Permian Highway Pipeline."
id3132831770099466,984e33471043e6aca84d5b42140d2bc6c73c5a797011ba9096b4b084107ac623,"The oil and gas industry supports millions of jobs across the nation. But ineffective, unnecessary regulations can stand in the way. Sign the petition and support local jobs!"
id3145087448950507,e5d3a366d27ad50d9ba3ec3cf64391a1cd691077c8dbff346dcc27b95ac7d0e3,"If you like affordable, reliable, clean, and secure Texas energy, make your voice heard by voting! Visit www.savetexasoilandgas.com and pledge to vote for economic and energy security."
id316072229613843,bb93c781a5a882d17e50872609ad476ac3ec15e72e3aa5d223aaa5d81a90aaa3,We’re thankful for CenterPoint Energy and Atmos Energy for their work to continue #FuelingOurCommunities! Like this post to thank energy workers responding to #HurricaneLaura.
id3166353410126711,7bccf9badbc21e3704a7892259ba6cedee6ce7314a0e59c6d1da55fbf30ffff0,ConocoPhillips has a deep commitment to sustainability across the globe. Because we all have a vested interest in the future. Learn More:
id318162086292688,6b1b2fed06555ee0206e4f843f4c44de2190be8ddb2c99e5fe47e5eadf087b3e,"Reducing emissions requires collaboration, tech, and dedicated people — like Vanessa Ryan, Chevron’s manager of carbon reduction."
id318846065997089,a37f8303e358b505c444f8e8d0ac4582268c7ac3696b2d2d445f33855ba44663,It’s time to find out which of your elected officials are making your energy more expensive. #PoweringPeople
id320490029402081,fa5903ff613a976c09f85e4e49ea85e8f870922881d732bae5b9adc90225a264,We understand the importance of being prepared. The #natgas industry's extensive disaster planning helps make sure Americans get the energy they need when they need it. #NationalPreparednessMonth
id323401225414513,726c11ca0febe63dc481fe7275f6cba9eb0d8507aeacce0a410a16b9b0bc05c3,"Find out how Tennessee families, businesses and manufacturers saved billions on energy! Learn more at: https://consumerenergyalliance.org/2020/09/new-report-details-benefits-natural-gas-tennessee-families/"
id323567252382260,2cd26ca1dafbb79bf0c0dc28daa49dbc46e6f052b99f550a8d8d4645bc79a86a,"With affordable energy and the re-shoring of manufacturing, Americans have an opportunity to bring jobs home to the jobless and get people back to work."
id3240071826062654,7ebea3934cab099f846a27671bbd4567163c889f07020c7f39b293253a0ad664,Supporting local oil and gas provides local jobs. Learn how American oil and gas benefit your community!
id3247983911994143,1439c0687380bf3a4b32910a055e2bb0bff73a8c9da07963a3d140a8981abc36,Natural gas is increasingly the go-to fuel because it generates less greenhouse gas emissions and has the flexibility to backup intermittent renewable sources. #EnergyConversations
id328605511796939,402109f27befddc7d827019510d173a0e8cfd53e174b8a597e5b162e90c3eb36,"Environmental Engineer, Astrid knows California has the strictest environmental regulations in the world. Shutting down local oil & gas production would force us to import foreign oil that is not produced with our same standards."
id332379811540992,39c1288273beb473e86d09f4b5937ffe36930bc2c930237322e0eb67500d37db,America’s abundant supply of #natgas could fuel American homes and businesses until at least 2120 — that’s more than a century!
id333070261088831,04c026d835eaf638813efb417c0a5dc7a421b33aa27179305ddb362bdba4b251,"The oil and gas industry is THE engine that powers America’s economy. Take action against ineffective, unnecessary regulations!"
id3331930386889230,0971738f2ab0910959bc3381ff0ca3ecb2096e5a1b1b23476c21875bdbbde955,"Did you become a full-time parent, teacher, and chef overnight? There’s already a lot going on right now, why add electrician to the mix? Change is beneficial but we must ensure that our energy supplies continue to be reliable, affordable, and resilient. Visit https://consumerenergyalliance.org/2020/07/after-covid-19-lock-down-pennsylvanians-need-affordable-energy-2/to learn more. #PoweringPeople"
id334796597943118,0cc2fa7270b7f32fd457244d4f18b19aff2a9ab6c745c3ef828bd428ef3a1432,"Natural gas and manufacturing go hand in hand. In fact, U.S. Energy Information Administration reports that #natgas fueled 37% of all U.S. manufacturing in 2018. The natural gas industry is proud to help fuel U.S. manufacturing and #MFGDay20."
id335534967709940,d652dd06bc71fd61cfae1f02e2bc896abec9cd5445fd0d3a0cbf03bf44b6f098,"U.S. natural gas and oil supports millions of high-paying U.S. jobs and ensures the affordable, reliable delivery of energy to businesses and families."
id336822984078448,5d98159a5cedd782d9f45741d11daf6909d97b36c1ba6bf1bfe846d9ba1af74a,Affordable and reliable homegrown Texas energy is able to safely reach your family's home thanks to pipelines.
id338212380523776,66dc8d7b23a3bd8fd905ff3753f44ebc2e0b063e36080c558a6f5a8da4eb7be3,"The U.S. Pipeline Safety and Hazardous Material Administration (PHMSA) issues minimum safety standards for the design, construction, inspection and operation of natural gas pipelines."
id340798760435235,92c5d36eb3413ca1bfb33728790ca71230cfb5eed96fee0a8764747041c52737,A ban isn’t a solution. DID YOU KNOW until our Senators create a long-term solution for Florida our coasts will still be at risk? Learn more: https://consumerenergyalliance.org/2020/07/protecting-floridas-environment-while-also-ensuring-energy-security/
id3424109307623854,8abbde10a078635705d4b51e85835f5806e9eb3a53d01fe364df91d3d3e4a9dd,"Thanks for bearing with us while we work to bring energy, jobs and economic development to our community."
id343018533503500,448fde0ca214195d85e79f99a05a8cef280958b33df88ff4c4c84e17f4a7ecbe,"Take a tour through the National Renewable Energy Lab, the energy innovation hub behind tomorrow’s breakthroughs."
id346127053417468,c23f275f5ad507924779ac7d629ff50020cc376b0514aa9e3cb8a7c3d705d459,Get involved in the 2020 election to ensure we’re electing leaders who understand the industry is critical to paving the way for economic recovery. Visit our election resource page to get to know your candidates before you vote: https://bit.ly/30Q348T
id348744506192481,6bad5832279fa2bbc4305e827aeeb8a435163634d080c44c714b97fb1d89227d,"If you work in natural gas and oil, you know Coloradan families and businesses depend on each and every person in the supply chain for access to reliable energy. Your vote is no different. Coloradans and Americans alike are counting on you to cast your vote by mail or in-person on November 3rd."
id350082156175590,7d854363861908f4f83b4e92df16fa14eabf0f4865c0e58a2d91ca39d4b76ae9,"🚨 🚨 Energy costs could SKYROCKET in low-income communities! 🚨 🚨 
Tell John Zaragoza to leave our energy costs alone!"
id350099009661975,7cc889900c6d1cd8d186908e675a5f26f695a999c74def6890bd1089bbe79fad,"Si está a favor de la energía a bajo costo, confiable, limpia y segura, ¡haga oír su voz y salga a votar el día de las elecciones! Su voto importa. Visite www.savetexasoilandgas.com para más información."
id352533619439755,6fcb61c09b7566a55c9c9269df495ba175761567988b1109a1675674f9cb7184,"Energy bills are always something businesses have to think about, let’s just make sure they don’t have to be the first thing they think about as they try to get back on their feet.  Visit https://consumerenergyalliance.org/2020/07/as-new-jersey-emerges-from-covid-19-energys-role-will-be-essential/ to learn more. #PoweringPeople"
id353103296009027,3ac0028e4692d2120d3a24c1396777d2f8fcfcc4a8257d8c6f69ad6987796ce3,Did you know America’s oil and gas industry helps develop the plastics in your vehicle that save you money? Find out how today!
id358471755438591,d11b9fa78527ffedc67a1b3a7a0f9ce5c68ca5b787da144403792da397af1888,"As a voter and member of Pennsylvania’s energy sector, you have a significant role in the direction of U.S. energy policy by electing the leaders responsible for developing and overseeing the rules and regulations which impact our industry. We’re here to help with tools and information about the upcoming election."
id358514108900386,e2d6eb5971792eb188d1b5f2e8afd491cb258d58e5a51322bbcbc4408e9f83f7,"Uncertain times call for reliable, affordable access to energy. What’s most important to you about American oil and gas?"
id359806051843248,600b4d178405dafefc2b5a0073700b99513eafc9e60a08d05c23456d4f7449a3,"Energy bills are always something businesses have to think about, let’s just make sure they don’t have to be the first thing they think about as they try to get back on their feet.  Visit https://consumerenergyalliance.org/2020/07/after-covid-19-lock-down-pennsylvanians-need-affordable-energy-2/ to learn more. #PoweringPeople"
id360780634910724,00706bff101eba632c0f771c31b3602285eb0017a1a076eafc6c08dd5dbdc59b,"#FACT: The Standing Rock Sioux Tribe's new water intake is more than 75 miles away from the Dakota Access Pipeline route across Lake Oahe.

But rail lines that can transport crude oil cross the Tribe's reservation and Lake Oahe only two miles upstream of the Tribe's new water intake.

Learn more facts at:  https://daplpipelinefacts.com/The-Facts.html

#DAPL #DakotaAccess #Pipeline #Facts #DAPLalternativeFacts #Bakken #Oil"
id3616265251739955,32a37d0b6a2ea8751acef5d03aa0ba202fbd583a1bd2748cc77932b09577de86,Pledge to vote to save New Mexico’s oil and gas industry this election. A vote for jobs is a vote for a stronger economy and a brighter future for New Mexico. Visit www.voteforjobsnm.org to learn more.
id3622156927828595,ef7d0c77d95160c996b770f47e01afb6c41365c22948b59fcbed0dcfbcfe143c,"Ohio natural gas & oil is more than just a dependable fuel source - #oilandgas is used to make rubber tires, plastic components, & the synthetic fabrics in the seats. 🚌 🚙

Learn more about how Ohio natural gas & oil is essential to life ➡️

#EssentialOhioEnergy"
id362352674802361,3e29797c18a84c0a5547b74203cdbd52839e1e7f3e5be441be04540f0c5d0079,Stay informed and join us by Standing up for American Energy.
id362765105041797,dc27fa34bc97852b5b934f07e49d0332c4a617a2ee8effbca84abc644e66ecca,"With so much of the state-dependent on natural gas for electricity, it is no wonder why Virginia has saved billions over ten years. See the savings families and businesses are getting here."
id364989351526437,b9824ae027375c725989a1efafaa8387b1f3272b30ac7b36a8867b53b79910ba,"Recent polling shows bipartisan support for domestic energy development and its potential to create jobs, reduce household costs and strengthen national security. Learn more: https://bit.ly/3jAlelE"
id369543200854540,b983889be660c0261c76e6cd2b367722923f25df95bfc125e76a02292fa2ee84,"If you work in natural gas and oil, you know New Mexican families and businesses depend on each and every person in the supply chain for access to reliable energy. Your vote is no different. New Mexicans and Americans alike are counting on you to cast your vote Tuesday November 3rd."
id373962460419022,2d6af9b0651c12cb9655264b5456c11210cfcdd2a34c9db995fc5e290771f437,"Natural gas and oil companies are preparing for future growth and innovation by investing in a resilient workforce of scientists, engineers, skilled laborers and other increasingly sought-after careers. But some lawmakers are trying to stop this progress. #EnergyConversations"
id377496479948454,e3b17b9fd294c9fb0d5c1f816c704d294d27664a143372adb7b08efdcba75b93,"The oil and gas industry is THE engine that powers America’s economy. Help us make sure ineffective, unnecessary regulations don’t slow energy growth!"
id384808312695356,381e71fb806d337373a587bb4fe272a0d2a2353c4c1d3c91d08d4cb5addfdeb9,"California oil & gas creates over 55,000 good-paying jobs in the Central Valley. Forcing oil & gas production out of the state would disproportionately hurt this region."
id390970922070445,8139cf123331845ae4421c1e8dd1891d667d1a1c58eb36efe8fef12117095da7,"It’s undeniable, access to natural gas across this country has helped to not only reduce our country’s emissions, but it’s also helped to save our families money. Read more about these savings here."
id393599181631364,ffb434f3cf33d30f1f1d18c5c8d0064ee6a041087fc1579ab1700866e57079b9,"Proposed 2,000-foot setback regulation on oil and gas development would devastate the industry in Colorado. Tell Gov. Polis to say NO to this harmful regulation!"
id395607834796200,b6fbaf054d727b85c30e8aaafc70232ef30bb2b8968a39c30854d9224e0e6566,Regulators want to pass policies that would drive energy companies out of the state despite Colorado voters rejecting these efforts time and time again.
id396051894746851,ec114e50b53a16bf800da9597aeb38c6f9893ed561755c338e35f16fda32b551,"Today, more homes and businesses in the United States use #natgas than ever before, and one new customer is added every minute. The reliability and affordability of natural gas helps Americans save on energy costs and work towards our shared goal to reduce emissions. #EnergyAwarenessMonth"
id398982754814060,075acee418cdf82bfdb19ddf745c75fb5968c7f0c8794a219a17f51cf4c1db0d,"Together we offset emissions and improve the environment of our communities. 🌱

For every gallon of gas you pump at Island Energy Services Texaco branded stations in Hawaiʻi, the Hoʻāla Program offsets your tailpipe emissions by up to 30% through investments in certified carbon reduction projects and local environmental initiatives. 🤙"
id401262534608394,77cdb29f81f627132891e54764f0a83b52e9d83cd06a26e6970d2685358fb7cd,"As a voter and member of Alaska’s energy sector, you have a significant role in the direction of U.S. energy policy by electing the leaders responsible for developing and overseeing the rules and regulations which impact our industry. We’re here to help with tools and information about the upcoming election."
id402275950751680,7c34c466365d987d79d853ce132733b675905c3b4c2b5e76a10246a163e6c2b7,"Energy bills are always something businesses have to think about, let’s just make sure they don’t have to be the first thing they think about as they try to get back on their feet. Visit https://consumerenergyalliance.org/2020/07/after-covid-19-lock-down-pennsylvanians-need-affordable-energy-2/ to learn more. #PoweringPeople"
id405089570649950,e0410b77e7ea967cfcdf0b3926255fee10acaa4d0759542b7a11d4fdc16c8fcb,"Mahalo for your support @chadowens2! 🤙
.
.
#Repost: Did you know that when you fuel up ⛽️ with @texacoinhawaii you’re supporting Hoʻāla?

“Hoʻāla is the only offset emissions fuel program in Hawaiʻi thanks to the partnership between Island Energy and GreenPrint. Hoʻāla is Island Energy’s commitment to improving the environment.”
“For every gallon of gas you pump at Island Energy Services Texaco branded stations in Hawaiʻi, the Hoʻāla Program offsets your tailpipe emissions by up to 30% through investments in certified carbon reduction projects and local environmental initiatives.”

I support this initiative because I care about our environment here in Hawai’i and I want our beauty here to remain beautiful. So from now on, go put gas at @texacoinhawaii

Mahalo for your support!! 🤙🏽🤙🏽"
id4055434164482988,4cecce1f127bfd98be7b8548f06fe91c3f4f23f437e8daa44660149664240863,"Thanks to new technology and American innovation, the U.S. is less reliant on foreign energy now than at any other time in the 20th century. Read more."
id413846876197142,1705166d7fd5ee9ae40a42a3b16f107f729c3fdb299a1cecf478cbb85684c54d,The Leidy South project will support 680 jobs and $100M in economic activity in Luzerne and Schuykill counties. https://co.williams.com/expansion-project/leidy-south-expansion-project/
id419563829202668,88f7b60bd0ee869bcd1d14d19c906a75605eab44ff3a31475b0f4ceca6a45530,"El petróleo y gas natural de Texas brinda independencia energética, una economía fuerte, y empleos bien remunerados. El “Nuevo Acuerdo Verde” (The New Green Deal) dejaría sin empleo a muchos Tejanos."
id4210434422380903,a69c0293fdb81acca4c28347a35e453ccc5796fd13bb32c0d67065d2744558f7,"As a voter and member of Texas’s energy sector, you have a significant role in the direction of U.S. energy policy by electing the leaders responsible for developing and overseeing the rules and regulations which impact our industry. We’re here to help with tools and information about the upcoming election."
id424276688738222,e14bcfeb41a96dd23797ccf77a10ab5b895b8d711129b161767cbd24ce3c4aba,"Mismanaged plastic waste is a concern for our environment. As a founding member of the Alliance to End Plastic Waste, we’re teaming up with other companies to develop safe and scalable solutions."
id450435349172616,a4ff822a8dfd269e513e5cc14f2c87cfc87ee9f9abc890d27d21fbdc912a8b23,Williams is involved in many renewable natural gas projects across the country. These gas-to-energy partnerships are fundamental in developing renewable energy. Learn more about how we're helping create a sustainable future here: https://bit.ly/2Fu3XZa
id452195605458016,f27610488734c97c696ac06db37dba96b4c92eaa616749b23712ef814f469fb5,"Being financially independent is important to all Americans, yet many of us have to make choices about which bills to pay to get by. Your energy bill shouldn’t be one of them. Find out how at consumerenergyalliance.org/2019/06/why-we-must-end-americas-double-standard-on-energy-safety"
id460148888239281,4fe0be49e72adb1873749fd91d50bc2c148d51811dde0e22f5f8bda2cdecb392,NATIONWIDE POLL: Do you support America's pipelines?
id460342954673420,006ce0eb9693152999fd519dd2ac0529110cdd17cdf39e953065267cb4744596,"Who knew something as simple as your curtains or blinds could help you save on your winter energy bills? On sunny days, keep them pulled back to let in the sun’s natural warmth. When the sun goes down, cover your windows to keep heat in for as long as possible. #WinterEnergyEfficiency"
id4637305066311467,04af3f2588db921e44eb1721771e2b2a54dbc56a4c59a41471ddd033a0c8107e,ConocoPhillips is providing communities and front-line personnel COVID-19 support around the world. Learn more about ConocoPhillips’ pandemic response: https://bit.ly/2Z0YQsr
id464046151238935,e8ab9131bc1e657eaca0b8bcc0ac48d1d2b42e2f2c7cfc7264ac6d47f39b11c9,"If you work in natural gas and oil, you know Ohioan families and businesses depend on each and every person in the supply chain for access to reliable energy. Your vote is no different. Ohioans and Americans alike are counting on you to cast your vote Tuesday November 3rd."
id464267367606041,41a8e560bbb3419bba324a4a7a18be050c5e959e55df26e0ecf756aa2f82588c,"These policies will unnecessarily shift costs from some energy consumers to others, allowing a select few to avoid paying their fair share. Those who are most likely to be burdened with additional energy costs include many Michiganders who can least afford it."
id465007054147739,bb008b9a0c53fa4545cb68c01656cdd29de023afc86c79526129899a03c3e44c,"Introducing… THE CRUDE CREW! Keeping the world moving using the power of oil & natural gas, especially your friends with electric cars! Watch their new commercial now:"
id465077664407434,058b7547b16662893b8a323f2495bbad8ff2c9b860f8384e557640e1a5f74015,We're committed to keeping our communities informed. Check out the Leidy South timeline to see what's in store for 2020: https://www.williams.com/expansion-project/leidy-south-expansion-project/
id468479514103949,e92e8c8839b82ab279853d2b3255cfbcd9fcc4b0babb2b661e7b07b9fe8f7ae2,"Karolin Jappe, Emergency Manager for McKenzie County in North Dakota, says the Dakota Access Pipeline is the safest way to transport oil. She is confident that the pipeline is operated safely."
id469586977075182,9fb2bf15849f2e86026690b7e906af2c3f08c167eb5ad98d57e8ea87c3b37d16,"Texas knows energy, and the energy Texas produces is one of the main reasons America is #1 in the world in oil production. Texas oil strengthens American energy independence."
id481112412766030,26d33fc92fcd7f6d2b813ca39834506da3069db6c0a470aaf1a4068ebe1dff2d,"Ron Ness, President of the North Dakota Petroleum Council, says that the Dakota Access Pipeline has set a high standard in North Dakota for pipeline construction, reclamation and community engagement.

#DAPL #DakotaAccess #SupportDAPL #Pipelines #NorthDakota #Petroleum"
id495044994740298,b27d066800a25244db3571aa8d358f1aa9d3be8062e326afd64f7b447f901d2a,"New Mexico’s oil and natural gas industry supports the construction of new roads and highways that are crucial to our state’s continued economic growth.

https://www.lifewithoutfracking.com/"
id498124437565355,ae4f91c08fb8cd5d4f040304ae2dbefc6f69b3fe696e8ccec3e8df4711c6d63b,"The state’s network of oil pipelines deliver Texas energy in the safest, most reliable and efficient way possible – reducing the need for trucks, decreasing traffic and increasing safety."
id509377423091708,b8339eb77f9562806ffca03084ba6132286f80dbf87a080f0d66367fe2a29661,"We are Texans from all across the state who support oil and natural gas. 

Thank you for your continued support!"
id509552129667940,92e6916c9926f75249af6d65f94fe913c94cbc11481bba68adb6a4376b5e8fd9,🚨HAYS COUNTY🚨: Your County officials are considering using taxpayer dollars to fund a lawsuit aiming to block the Permian Highway Pipeline! Send your officials an email today to tell them you support Texas pipelines and all the benefits they bring!
id510298189834162,f933c35832d1536852fae12018af109ca74bc45cdb1958468e709aff5ecf88b9,"It takes a lot to run a business and meet your bottom line. There are plenty of things that could go wrong, but energy shouldn’t be one of them. Learn more at consumerenergyalliance.org/2019/06/imagine-moving-power-company-says-you-cant-have-service"
id513048996021706,0c4670fa578b2d145a84536686397476bf8a835e6cb7b4b829e6ffd7bc4d3f6e,America needs a model for carbon pricing. It can start in CT. Read our op-ed.
id513186972891362,ad0bcb8e6e12750000c062a8e3694743a19fce0fa57badf75f34deada6249c38,"In combination with the previously finalized rule reclaiming regulatory authority from California, this rule corrects the Obama Administration’s expensive, coercive mandates, leaving businesses and consumers in control of what kind of cars to buy and sell."
id516912808950487,c04bab9a93356709bf28700649309be31fed4afb34555e213a295b5058c4372f,Industry investment in carbon capture technology has kept America at the forefront of decreasing emissions. Sign up to get the wider view:
id518776438767607,075dd1bbcb53485a596e556b6ac336deed0b3e5026670be08f98a35ea4f3751f,Stay informed. Stay Safe. Texas Strong. Important Covid-19 Resources For Industry And Texans
id521811235114402,3d58c6ec31524182ec50d5c0ff9ced850354f258504f435792ca05e430d21a3b,"We deliver energy safely throughout Pennsylvania, no matter the weather! Like our page to learn more. →"
id523524025232396,9b78a49f2cc24d679065af9595d31fdf7651c5a78eaa9de559cb90874a1b2363,"Natural gas and oil power America’s 21st-century economy, strengthen our nation’s security and support U.S. global leadership in reducing greenhouse gases. #EnergyForProgress"
id528973137716294,74ae608748d98a0f43106415d275eb8d372ae3789694372f4beacceda8a7f032,"Energy Transfer's $306K+ donation helped fund an accessible playground in Aston Township, PA. #Committed2PA bit.ly/36sEXgt"
id530999800914687,5fde5d88ab3e363e28c8bb54deb6dbaf105e09c107d55330165c85618fc7a551,"From keeping our homes and businesses warm on chilly days, to keeping the lights on and powering our stoves and water heaters, fracking is leading the way to a reliable and more affordable energy future. #SupportEnergyIndependence

https://www.cred.org/natural-gas-oil-uses/"
id532223910658487,0eaae536e6ecb0fedda42ec90698efcdfa9d82231793de1ff156adefec179a6d,Minnesota charities focused on health and safety as well as environmental and community causes were beneficiaries of gifts and investments made in cities across the state where energy infrastructure is located.
id538735663740093,ba6d2a0bf51cc627d9a99d0baa9f4ed4586b803c319d405b5cfc9ed3622ba5c2,"Utility companies, including natural gas suppliers, across Pennsylvania are working to ensure that the lights stay on during the coronavirus outbreak. Learn more:"
id539147026774259,a0f2805d26e63fbb5960f6fee319de6723eca1a77b1f20487d3eebb5c8462023,How “green” is renewable energy? The answer might shock you. Join our “Planet of the Humans” Watch Party to learn more.
id549263442455441,c8221fe4e7fe528389e216f2b38b5803bdc901b710e296b832e4b0548ca4a13c,"What does it take to reduce emissions? Tech, better processes, and smart people — like Chevron’s manager of carbon reduction. Learn how: https://bit.ly/3ePVTCq"
id553323138715535,799e38792fc84199787354bad9e36aceeb673c57b82f08b3fea793ff0f59aad9,"With COVID-19, more Michiganders will be struggling to make ends meet. We’re asking Congress to extend funding for the Low Income Home Energy Assistance Program (LIHEAP) to help ease their burdens. You can take action here:  https://bit.ly/2YK55CB"
id557183175223533,930052e931ddf0f8b0094b554e892fb53f9bf962638ed3d1f2a61f18aba5860d,Fossil fuels still power renewable energy. Learn more during our “Planet of the Humans” Watch Party.
id558318358164733,affbcbdffe40a88984bdb53debd53639921cefdcc2be6e0d00f071cababdfdbf,Tell Congress to include funding for vital energy assistance programs that help Michigan's seniors and low-income households in the next round of COVID-19 emergency relief. Send your message to Congress today: https://bit.ly/2YK55CB
id566158380638590,67972e3c5dcabf2dad7a6c65200cc545fb312e663a809172984f5f622dfc1f47,"Sacramento agencies are restricting California energy production, forcing us to increase our reliance on unstable foreign oil."
id573113716575978,944ece74715c10c870823b83b98f15e17b944deda6565de93d4877c23f50a09f,ATTENTION HAYS COUNTY: Don't let your County officials block pipeline construction in Texas! Click below to send your County officials an email and show that you support Texas pipelines!
id580120919220277,3d66dd6807aeaa95553f94f8742a764a111d7c7a65bdd38c9e94b5585c454d1c,"Approximately 840,000 American jobs are supported by offshore drilling and exploration."
id580396069559860,c74b3a844db5449e3ec98c9cd53341bb6ca993157363b94aa8badf17df310fed,Texas pipeline projects boost the local economy and keep energy more affordable.
id581005952454918,a335c101964e37d2a018f7185f5180face18a273647256a177d213bf702e1763,"This is Nancy, Executive Vice President of Hunter Truck, making connections right here in Moon Township. #EnergyForProgress"
id581692692685836,1bc8f1c2e900e29810055b6bbfc8880cba7e29b9e8ce2410af3274b206575ada,"BREAKING: The Texas oil and natural gas industry set a NEW RECORD in 2019, paying $16.3 billion in state and local taxes and state royalties. This is money that benefits every Texan – whether you live near the oil patch or not. 

Check out our report outlining all of the ways Texas communities, families, businesses, and schools are benefiting from record-breaking oil and gas activity here in Texas."
id582230632699734,c570710c4eb8e3e9cb308338c3b1d70b14e50ddf9653e2a0d3a4d07cd4690f0f,"A politician led energy shutdown in California would force us to import more foreign oil from countries with horrible environmental records. In California, oil and gas is produced under the world's strictest environmental regulations."
id582657755923753,4162f639e5ab8b3f97e91899b9e1a1f0f207e9ca8988d12493c312ffc50d1cc6,"We are protecting health and safety in Weld County through modern, high-tech operations. See how we’re reducing emissions, creating less dust and using less equipment."
id585780625471083,89e5a91eeca3da337e252e177a178163ba3b179d6d743aebab2e3bad49b02865,The Texas energy industry relies on pipelines to keep U.S. oil & natural gas production.
id588765528370823,58f90f47b8bf1fbbfc6cabc9662acf0de5b6d670e0cffd0b71e6c98c6904753d,"Choose #natgas to save on #energy costs. Ann chose natural gas, and now she can invest the savings back into her business."
id595840914690004,b44bb753a338e7312a963990855b89e87d29c2f038d3e96aed72680fb4a9013c,"Thank you to all the first responders who attended last weekend's TEEX classroom and hands-on incident response training hosted by Texas A&M and ExxonMobil. Trainings like these help ensure the safety of first responders, our communities and the environment along the route."
id596023174418254,6e93dfb11121d5b1c4085c56fd507ea795b7f19f7c92c049606dbee035c95ade,"Essential energy sector employees are going to work each day to make sure the lights come on when Americans hit the switch. FERC Chairman Neil Chatterjee and Williams President & CEO Alan Armstrong both recognized frontline energy workers during a podcast this week. “When this is all over and America gets up off the mat I hope we all take a moment to recognize the truly heroic and patriotic contributions that are being made by our essential energy sector workers,” said Chatterjee. https://wmb.link/FERC-podcast"
id597162777518631,427d307f261b891b4d117331ba28a60491fee3b2f82b442e6cf6be118c9d1a7a,High-strength steel helps ensure the safe delivery of natural gas and oil to American consumers and businesses. Visit our profile to get the #WiderView
id598579750962499,c87f6309b8f839938fcd5b6279b90f6b15dd809db282924d9b37db9aa019c145,#Texas oil + #pipelines make America the world’s energy leader. #TexasStrong  #TexasProud
id598868287654230,ff1cf42d655ae2c3e382a32563bee190a3a7c5d6b748d719d8d074bffd9c793e,"""[I]ndustry is already reducing production on its own. By allowing the free market to work, producers can determine for themselves what level of production is economical."""
id600753047446660,c7cea5316697696eccbe809673eed0cf11938b36a06935a378999535a02bd97a,New Mexico's oil boom is driving economic growth and American energy security! LIKE our page if you're proud to be an energy leader in the United States! 🇺🇸
id602133923899203,46a1c7c74064cc1a9ebbf47800c227c37e99bd86c56f681395fbcf3e71f7a1eb,"This is Brian, he works at Extraction Oil & Gas, a company committed to responsible energy development in their community. #EnergyForProgress"
id602493040671857,befbbe1a49a72006d13b40348127b2bfea6c8bd6499611069313da0f6647bb9a,"Multiple elected officials, industry groups and unions came out in opposition to today's decision by the U.S. District Court regarding the Dakota Access Pipeline. Read a collection of their statements in our latest blog post.

https://energytransferfacts.com/blog/responses-to-dakota-access-pipeline-decision/

#DakotaAccessPipeline #DAPL #DakotaAccess #Pipelines #NorthDaktoa #Oil #Pipeline #Blog #EnergyNews #MediaStatement #Facts #EnergyTransfer"
id602837243657111,978cdde1f803351a2b3842cd97f4b46b0de4f310387c30aee6d8eaad689c3c0d,Local energy providers are working around the clock to enhance the strength and resiliency of our electric grid in order to keep energy reliable throughout the COVID-19 crisis. https://bit.ly/2yAmW3S
id603485267243170,69eaad67e4005d47f311e04ac95f4824c82d22969b1bf6f823a3bb36199e5167,"“I’ve always had a dream about pursuing a career in the oil and gas industry, but I’ve never had the finances to get me there. This scholarship has gotten me one step closer.” 🏫👩🏼‍🎓

More about OOGEEP’s annual scholarship program ➡️ https://www.oogeep.org/2020/05/oogeep-grants-more-than-50000-in-scholarships-to-ohio-students/"
id605820773351846,f6f5d9515bd40beddebf38b6d51ac36c7202b3e2eecfd1ed09ffea77ad1133a8,"Many countries at the forefront of global energy production don’t want America to be energy independent and will do anything to stop it. #SupportEnergyIndependence
 
https://www.forbes.com/sites/steveforbes/2020/04/01/save-americas-oil-and-gas-industry/#6051e7b17d98"
id606358826643976,1a9f866f9c2fddef4830e99d65d7ca528a8c7b06a8f17eeab6011f24af76213e,"America will move tomorrow because of the oil and gas produced today. Dakota Access Pipeline is proud to stand alongside the more than 14,000 oil and gas workers in Illinois who work in the production fields, along the pipelines, and in the Illinois refineries. We are helping provide the energy that makes our economy strong, and our communities stronger."
id613743792507765,d9e55a41472b5d662e72c3936bd1628cbb8656a13e08b1e195bd4f89af5733e2,"There’s an online community of like-minded Texans for oil & natural gas waiting for you! Join us today for group discussion, giveaways for special prizes and more!"
id616873279029346,c48eab6c2bd1208c6a7ebb8eb04f56db58ba99507e2cfa6c3a259c724f671762,🗣Enter now to win a free Yeti cooler and support Texas oil and natural gas!
id622324025112044,b580dc9e3e5d83f3387f7a9fbb8987082d1e141a5371ac2c3aad30da7c0f05d6,Natural gas is increasingly the go-to fuel because it generates less greenhouse gas emissions and has the flexibility to backup intermittent renewable sources.
id626313448271503,77658f7882858debb27b4a695c4047fd533e3b925ad08736ce20e93bd8061d7e,Let’s make sure candidates know the natural gas and oil industry is essential to our country’s economic recovery. Visit our election resource page to stay up to date with the election process: https://bit.ly/30Q348T
id629381700948013,2fe9b5ce82bff2e754473c5b97bb222359348ece8c7ee85b33516a2e4159af29,Limiting Texas oil and natural gas means other nations will provide the energy the world needs. Keep Texas strong keeps America strong. Tell the RRC to say no to production quotas!
id629426604351571,25afe2a00dc5404df34db42f04bcf01a15af10d19ec56b6284fa050a09bfdecd,Now is the worst possible time to threaten the jobs of California oil & gas workers.
id629950094600310,e01518bf7ff32085e922750f115eada6b00de6d8f652c3de4a82e6304490f757,"To further our commitment to sustainability, Williams CEO Alan Armstrong took a leading role in modernizing the National Environmental Policy Act (NEPA)."
id632371034114921,3f11ef2b3be3de9cb47b1ba49ed28270cbdc597885b50edf9b09d2f03b77383f,We constantly monitor the pipeline to help keep communities and the environment safe.
id635768963914120,8f622754596217212c507138e778726a90c2fc36bd774df597bcb59237524e9b,Michigan’s local energy providers are working to protect seniors and low-income households impacted by COVID-19. That means ensuring reliable energy without disruptions—regardless of ability to pay. Learn more on the AMP blog:
id636274170320501,f8bff1e46d61e8f67c710b6e887ec9e31c0e4817602f1f3c22829605ad3d9e92,"Just as PA starts to reopen, Bolich Farm is in full bloom!
Williams worked with Hawk Mountain Sanctuary, The Conservation Fund, Berks Nature and the Pennsylvania Game Commission to fund the Bolich Farm addition to the sanctuary, creating a new home for flowers, butterflies and local birds."
id637431103625444,e72a02d56632da0f2b504a48dd0b03638dc1f83c32aeb8df926aa362d150c7cc,"Even when the unexpected happens, the #natgas industry's extensive disaster planning helps ensure Americans still get the energy they need when they need it. #NationalPreparednessMonth:"
id637815647150640,f1381a5119ada27204556775acb08cdb0749b8049d8754a63cdce8647242ef0c,"It won’t just be our economy that suffers from another ban, it will be our schools, our military, and our coasts. Learn more here: https://consumerenergyalliance.org/2020/07/protecting-floridas-environment-while-also-ensuring-energy-security/"
id638195966982537,c72304c5b3abdcfea701d75d5f4c407208687d03c58dc8ffa468084072e284dc,"Local California oil & gas production creates over 55,000 good-paying jobs."
id639266320126673,71b1d808782cd0ee94eeec5dc1fe125128c930bb3cd72398fdddbe5387457745,American oil and gas success depend on free market principles. What’s most important to you about American oil and gas?
id643222133162835,baca9f44bb83953503fd11de000c3d88acaa960aecc91cccdc82d0164b96a78d,"This is Jim, a Director at Red Wing Shoes, a company that has been providing shoes to citizens, soldiers, and everyone in-between since 1905. Today Jim is using natural gas and oil to preserve a local brand with global scale. #SOAE2020 #EnergyForProgress"
id643731256169205,eaf2b6fe7f113a3bd4d35b49d9808f4dfa3d3c349c134d1e03b38169c19409cf,"The Texas energy industry relies on pipelines, and the energy Texas produces is one of the main reasons America is the world’s #1 oil producer. Like our page for project information and updates."
id647636539126489,5494afcaacd0f88007dde380c61f44b2ce02b8ddfac407ac60c0eaf22f3fe446,Limiting oil and natural gas production is bad for business in Texas. Keeping Texas strong keeps America strong. Say no to restricting Texas energy with energy production quotas.
id649062125635758,ce4304652369362751cfa1bb86ca444f0306201077c97e5d073136af2c4fda0c,Michigan’s local energy providers are in the top 20 nationally when it comes to efficiency and customer savings. That’s a win for all Michiganders! Learn more and SHARE if you agree!
id652314512338204,d7d818471632bbce231bb4fd9519581f4c4f17f308b3d6cb96831a4f0c7bc4c2,Oil and gas are the backbone of our economy. Learn how American oil and gas benefit Pennsylvania families and our communities!
id653362188581443,6838534ce38e2f7078810ccc8bf6bd7b11ed56270721ea1c803a0442ef7e9b71,"“The fact that Ohio is once again a booming energy state, they have the important resources for not only the country, but the world.” - EPA Administrator Andrew Wheeler 🌎

More ➡️ https://www.oogeep.org/2020/05/nations-top-environmental-regulator-america-produces-natural-gas-and-oil-in-much-cleaner-fashion-than-rest-of-world/"
id654198368406526,a9df7e727d86d3c551d624e34066ad4b381fed3beb2796a775863a0fd3821eff,Your elected officials should be working for you by making sure Florida has long term solutions for Florida’s coasts. Tell your Senators it’s time for solutions! Learn more and get contact information here: https://consumerenergyalliance.org/2020/07/protecting-floridas-environment-while-also-ensuring-energy-security/
id662699741054982,1bda55e96318073c0427588da86512afb3af37f653fce65736b6678150d08234,"Celebrate #EnergyAwarenessMonth by learning about the surprising ways Ohio natural gas & oil improves your quality of life 🚗💻🔌🌽🏡➡️

#EssentialOhioEnergy"
id666678517240418,f5d5af66f3aa2397840960916de6aed49a9ceaf98ec30899dca25004fe5cd3c7,"By harnessing domestic energy, the U.S. can pursue a foreign policy agenda from a position of strength rather than making decisions based on our energy needs. 

Learn more and see why we must #SupportEnergyIndependence: https://www.cred.org/securing-americas-energy-future/"
id670560313561500,5a4413bff8bde2a24bf30ce0fdcf31ff754d6b00acc89bcef39644fb99a62219,Natural gas powers nearly 1/3 of the US. Learn how it's converted into electricity for millions of American homes and businesses.
id675657723323577,0488afc4c5c96e11663909567994ce6c67738e10bd2c7498d04fcc4658ac0a70,"With over 400,000 Texas jobs supported by the oil and natural gas industry, your vote matters. Visit www.savetexasoilandgas.com to learn more."
id676489576329926,dd0d7a4a0cc59fc0bf94fc67146786187efc780a5ab9832f2e516e6dc8bebe30,"If you work in natural gas and oil, you know Texan families and businesses depend on each and every person in the supply chain for access to reliable energy. Your vote is no different. Texans and Americans alike are counting on you to cast your vote Tuesday November 3rd."
id676837623179128,2119add6141b0239feebbd1b777fcaf4e433f0d66fd96abcfc0ba9c5a0fcdd41,"#FACT
There are twelve other pipeline crossings along the Missouri River north of the Dakota Access Pipeline.

Learn more:  https://daplpipelinefacts.com/The-Facts.html
 
Around Lake Oahe, DAPL tracks both the Northern Border Gas Pipelines and an existing overhead utility line.  

Dakota Access chose this route because these locations had been disturbed in the past – both above and below ground level – making it a ‘brownfield crossing location.’  This made it less likely, then, that new ground disturbances would harm intact cultural or tribal features. 

#DAPL #DakotaAccess #Pipeline #Bakken #Truth #DAPLalternativeFacts"
id680192809242600,1cebf393e8e0c2459fb866841c9b5e8ce2c47b254b1a5deb906e8fb62272699d,We can tackle climate change and meet the world's energy needs by embracing new innovations together.
id682659275928175,ddc790365bb5f1a271457cda35e159691240c6c36fb2f512e26e699063c122a6,Restricting local oil & gas production would force us to import more oil from foreign countries to meet our needs and increase our gas prices.
id690298774847919,a0378e740626e58575848f66b46e09a78e1c21ad1b6dced31f06730faa5f612a,"“Most pipeline projects go above and beyond the minimum safety and construction requirements,” according to the Permian Basin Association of Pipeliners. Read more about how pipelines contribute to our nation’s self-reliance in the energy field. https://bit.ly/37F3tvv"
id691593365004504,2e8fcf24dd0797c685c68d2b6b46b2ad2ba5bad34cf6ee526b82936636f11190,The new fuel economy rule finalized by the Trump administration recognizes the overreach of the previous Obama mandates as well as the realities of the current car market.
id692071374904991,06125a17f3209c23f40a7fb7ad4c16acb95d199753e7dfed15a7dbace2cc57f2,"Americans rely on safe, efficient infrastructure—from our roads, bridges and railways, to our electrical grid and energy pipelines. America’s oil production will remain critically important as our economy recovers from COVID-19 and the OPEC oversupply. 

Our latest blog post explains why the Dakota Access Pipeline is an important part of the mix, supporting our energy needs and modern way of life.

#DAPL #DakotaAccess #EnergyTransfer"
id692240961543795,a91ddf356b154b6614c13ada7bf8c12267c5e54baa8ae69fa27d19b299680590,"#Natgas utilities work to provide Americans with clean, reliable and safe energy 24/7/365. See how greater use of natural gas can help us reach our shared goal to reduce emissions, while providing access to affordable and reliable energy."
id696476560930884,7e8415bf5d69706ad2bfb2e450e5687227c9a0897241226712d852321df8f653,STATEWIDE POLL: Do you support Texas’ pipelines?
id696970230844766,a4f51eea30a983767ad7eb3d5b5490edc86af7eba307ecd86ac056f401acdcbf,"Warmer weather is on the way – but it’s not here quite yet. Good news: if you’re working from home, you can be more flexible with your wardrobe. Turn the thermostat down to save energy costs and add additional layers like sweatshirts & blankets while you work. #LowerTheThermostat"
id710956279468009,fcdfaef379bf80fe192329c5150a5b2fe62ecf7a1809d932520ff79526625661,STATEWIDE POLL: Do you support Michigan’s pipelines?
id713329669265582,e41641d93a3d102f88c952554f8b06fda564d2722d4b7ed378e7d67dea79302e,"The absentee ballot request deadline for New Mexico is October 20th. We need your vote to retain oil and natural gas jobs in New Mexico. If you cannot be at your polling place on Election Day, don’t miss out and request your absentee ballot today at: https://www.voteforjobsnm.org/"
id719133252151045,ee85400c71ed1f9e94b61b816a37dba79f6ca760cff2857af5374a67c21a8a7a,"Protecting local oil and gas jobs, resources, and tax revenue is vital to maintaining a strong economy — now is the worst time to restrict these essential services and threaten the jobs of these workers."
id719204395286063,2ff2923548f9ceb6bba0204ac8627c216910959663f968b20f2916785ea2fe0e,"The Texas Railroad Commission (RRC) is considering cutting energy production in Texas. Called “proration,” it is a short-term solution with serious long-term consequences. Act fast to protect our economy and free-market principles."
id721458521932714,d42ec456ad75d2b440535db3bb89794f175a86c1a617a8c43f8ef9eb698c4197,Dominion Energy EVP and COO and AGA Chair Diane Leopold sending heartfelt message to #natgas utility workers on the frontlines of the fight against COVID-19.
id723227581860588,017df3b30793c32714d7aeb860253a2aec4bf060506de46df74be3ded06366ee,"From researching climate solutions to strengthening the economy, Americaâ€™s natural gas and oil companies are ready to create a cleaner, stronger tomorrow. Like our page to join us on this journey."
id724713738334590,9698663dd9ffc7cedd5ee6422d75de5d09b24825e7aa05848d723b811252a506,"“We produce our oil and natural gas in the U.S. in a much cleaner fashion than any other major exporter in the world.” - U.S. EPA Administrator Wheeler 🛢️ 🌎

Read more➡️ https://www.oogeep.org/2020/05/nations-top-environmental-regulator-america-produces-natural-gas-and-oil-in-much-cleaner-fashion-than-rest-of-world/"
id728743114587937,88720734d96246f467e8e5cc1fa79a29ff7b705d9f0964dcb6fc9fcdf2946db9,POLL: Pipelines are an essential part of Texas infrastructure that we all depend on for affordable energy. Do you support Texas’ pipelines?
id742256302990842,01e895da56499ded7e15818c715ec51df17e3f03eb11f27aada56041d654ec28,Texas oil and natural gas companies are pioneering technologies and innovations that are reducing emissions. The Green New Deal would stop this progress.
id743683643043511,d6554b64e52f545bdea0e1be71762d4e2d417ece3cc46e3c73ca52fb7d224932,"California’s 55,000 oil and gas workers produce energy under the strictest environmental standards in the world. They work hard to produce reliable and affordable energy for all Californians."
id743700586435256,5936e480d9a0b96d224574fc255e0b6792d1cd597a77607ff026956d0c45d1b7,"Calling all firefighters! ExxonMobil, the operator of the Wink to Webster Pipeline System, has partnered with Texas A&M Extension Services (TEEX) to provide tactical and hands-on incident response training at no cost. Click here to register: http://www.bit.ly/EXXONJun"
id749266015562368,b3188876bd1f6b5be6588e6affb098ffeb66e9cae1b2adb9360246da12f49228,Upgrade your insulation to keep in the heat more effectively this winter. See if you or anyone you know qualifies for the free low-income Weatherization Assistance Program http://bit.ly/36FsdCM
id751293088972159,29298e8d8dc65ac43e5ac0962f22b449ce6babb840f38a84329fe5d152ef0956,"The U.S. Army Corps of Engineers had hundreds of contacts with dozens of tribes while the #DakotaAccess project was reviewed. 

More facts: https://daplpipelinefacts.com/The-Facts.html

The Corps made dozens of attempts to consult the Standing Rock Sioux Tribe to discuss archaeological and other surveys before finalizing the pipeline route. 

The Corps did receive responses from other tribes and the North Dakota's State Historic Preservation Officer (SHPO).

#DAPL #DakotaAccessPipeline #DAPLfacts #EnergyTransfer #Facts"
id754131575169680,4188ae1dedcb9bf7bebc61fd708429092e3b894d01363d0218002bd80f5fccb6,Oil and gas are the backbone of our economy. Learn how American oil and gas benefit your community!
id758001274728263,84ded54f96b2e779c220f02207bdd16f42e0b4ee76ef3d26b77d60a8219d7795,We’re headed to a bright future because #Texas oil and natural gas are energizing our economy and helping secure our nation’s energy independence.
id761681394579634,ac9096ea53d2fa864ecdeab2fe147737ce8e465798b063b79f7d0c90c3f12c53,STATEWIDE POLL: Do you support Louisiana’s pipelines?
id762081337617489,db8d1754a0c1b69ce09182597d914e88472f6bd4d7be0179231927b0794a135e,"According to just-released data from the Texas Oil & Gas Association (TXOGA), the Texas oil and natural gas industry paid more than $16 billion in state and local taxes and state royalties in fiscal year 2019 – the highest total in Texas history.  TXOGA President Todd Staples hosted a media briefing this morning to share the new report and to provide a closer look at how Texas uses oil and natural gas tax revenue to benefit all Texans.

“Despite challenges in the global marketplace, state and local taxes and state royalties paid by the Texas oil and natural gas industry shattered records last year – exceeding $16 billion,” said Staples.  “Continuous innovation and policies that encourage safe, responsible energy development are driving our nation, our state and our communities to new heights.”

Read the full release here: https://www.txoga.org/new-record-texas-oil-and-gas-industry-paid-16-3-billion-in-taxes-and-state-royalties-in-2019-most-in-texas-history/

Find the report here: http://docs.txoga.org/files/1464-economic-impact-report-1.14.20.pdf"
id762970811126553,e3feabccd7cbcef52df75ae874837f705d75a5a69c9cb04283472e8cbe1047a4,"#FACT:
99.98% of the Dakota Access Pipeline is installed on privately owned property in North Dakota, South Dakota, Iowa, and Illinois. Landowners were paid for the easement and can continue to use the land for farming and ranching.
The pipeline does not enter the Standing Rock Sioux reservation.

Learn more: https://daplpipelinefacts.com/

#DAPL #DakotaAccess #Pipelines #DAPLfacts #EnergyTransfer #Pipelinefacts #Oil"
id767670864072781,7428dfa02e56ef9199b05ddf8bac3e1bcc549f9acc4d4458b8d319916630eaf2,La energía producida en Texas de bajo costo llega de manera segura hasta el hogar de su familia gracias a las tuberías.
id769122640577531,b6d2cb9b4c5cb377d7c20a24d0be03d45a35658672f6b1c574dbd8bd6df20067,"Energy bills are always something businesses have to think about, let’s just make sure they don’t have to be the first thing they think about as they try to get back on their feet. Visit https://consumerenergyalliance.org/2020/07/emerging-from-covid-19-reliable-reasonable-and-resilient-energy-is-essential-for-new-york/ to learn more. #PoweringPeople"
id769650286771942,70fc815ff5f087545d41d0f657aee65e3a4ebe8d2cfa278fb2601c25983d4384,"From start to finish, Colorado’s energy industry is committed to the safe and responsible extraction of our natural resources. Learn more about the regulations that have helped Colorado set the gold standard: http://ow.ly/3kGC50xSpou"
id770421813452964,488d66685617e4e4ac74a50dbe32bfb45e60f3269231ad709307ea94739cd5b2,"NATIONAL POLL: Approximately 840,000 American jobs are supported by offshore drilling and exploration. Do you support American offshore drilling?"
id770997703709219,94f76370f4202e75df7f0be0c94688de8b8e92d177af8f6dfac294f898760520,"#FACT: The Dakota Access Pipeline conducted cultural surveys and adjusted the route 140 times in North Dakota alone to avoid potentially historic sites.

During the preliminary surveys in 2014, we invited input from the Tribe’s Historic Preservation Officer and sent her the centerline files to review. We never received a response.

Learn more: https://daplpipelinefacts.com/The-Facts.html

#DAPL #DakotaAccess #Pipeline #Facts"
id774608630061665,36d936a820067b38bb22598fc2d0a35462de153a9ff5cf26033f9bd528d7cffe,"The oil and gas industry contributes billions of tax, leasing and grant dollars—more than any other industry—to New Mexico each year. See how it breaks down."
id775336742953218,3138d03e5eeb0ae06a7795e96679085778bf04d0be76d3c235f416ed6b95dd60,"In Moon Township, Pennsylvania, the natural gas and oil industry supports 18,390 local jobs. #EnergyForProgress"
id775855392958418,1cee7fc479c83a64aa648441804dbf40c25030c3a0e505abccfc3ee60125cc29,"Worried about voting in-person? States are offering safe voting options so you can make your voice heard and help select the leaders who will represent your community at the local, state or federal level."
id785084472266170,ebb6b935d724357ad527d8a4a360db1738d3b23a5df34b17c8a8b6255d78ceb8,"The abundant supply of #natgas in the U.S. fuels #energy security for American homes and businesses, strengthens local economies and sustains millions of jobs."
id791733214985446,2310ede9b92c343e0c5ba14449da9c6daecc26e6dbc8154e4c53b4e2d23e9901,"According to former Commissioner of Revenue Bill Corbus, Ballot Measure 1 would create a roadblock to Alaska’s economic recovery. Read about why now is the wrong time to raise taxes on any part of our economy. 

https://bit.ly/2HaSZvC"
id794234217677515,957c7de64e9c22e325178ea4ee5fee7f6d0576d5f426340e4e3c28471d8bff76,"We’re invested in renewable energy.
Our Bemidji office is powered by solar energy, as part of a partnership between Native American-owned businesses & Enbridge."
id802800593594973,fd6c525fca2c40ea1fd94cd7b628863a9811ca109f5000d00cbbd201d3d31d72,Wink to Webster does more than talk about safety. We put safety into action. Hear firsthand experiences from local emergency responders who have participated in our free Tactical and Incidence Response Training – and know the value it brings to Texas communities.
id810810596340740,0cf5445635d0c2b133f632f7ecb822de8f806d33e35b653794b7402a214ab255,“The Pennsylvania shale energy industry has worked tirelessly to help our nation become energy independent and we need political leaders who are ‘all in’ and passionately embrace and support this effort.”
id813302835782536,ef217fbed88c964b7bbe53234aa6e710d1002e9a74ca17ca335d0d19e2838955,"Banning #fracking, the technology most responsible for U.S. energy leadership and emissions reductions and by promoting policies that would cost communities across the U.S. jobs and impact our national security. #SOAE2020 #EnergyForProgress"
id821887651899986,649c13a130d026192e2cb580763840d918e9bd200a1a69db8d20bef927dd60f6,"In times like these, every job and dollar counts more than ever. Protect thousands of local oil & gas jobs that provide billions in state revenue for schools and first responders."
id835244943651206,8ae8c02170e1925a4b6dc11c0fccfdaf2976d10b7b4fca0d56e8ea6a18a1560a,"ICYMI: Please join us in saying THANK YOU to all of the hard-working men and women of Colorado’s energy industry for everything they do, in good times and in bad, to power Colorado! #SupportEnergyIndependence

https://www.coga.org/thankyoucard.html"
id838299580035672,2e79c520fc15cd8ca2c5c55a128d2bb6f3cdb3852f29cc32f9ce081716dfae6d,"Email the Board of Supervisors to vote NO on the General Plan Sept. 1st. If the plan passes, Ventura will be forced to import foreign oil that is not produced at the same stringent environmental, labor and safety standards."
id843261983084626,8ae984bd819b5d8e737dd9d2305f13e302ad28aa194cb9c16ed977452fedc440,"Michigan needs safe, affordable, and reliable clean energy. Our local energy providers are powering entire communities, from homes to small businesses, schools, and hospitals. With the right policies in place, we can be the #MICleanEnergyLeaders our state and nation deserve. Watch our new video and SHARE with your friends to help raise awareness about Michigan’s clean energy future!"
id851408592034410,fa76ec65b601ba052c9bea7670807e9ea4fc07be89cc53d0bc84826f31c38419,The ConocoPhillips SPIRIT of Conservation program is seeking grant proposals through June 18.
id865154047258226,f9df1d1bff5afbaae23a9ff2db64be15cd273d21ef16fbc8cd7d09663fcf7b01,"This is Kevin, President and CEO of Aurora’s Chamber of Commerce an Aurora citizen for 40 years, Kevin has seen Natural Gas and Oil energize his community. #EnergyForProgress"
id881148899053137,2ae5c10733853586af2e40f9fe42761bc6b6662387afc82039644063c19e999f,"Maintaining a steady supply of reliable and affordable domestic energy is key to America’s national security. Advancing U.S. energy sources to meet our growing energy needs reduces our reliance on foreign energy imports and unstable, hostile regimes.

https://www.cred.org/securing-americas-energy-future/ 

#SupportEnergyIndependence"
id889252064857868,fb8c0ba677bdd1acf4ba2de3de244bab555db3c962ba29bf579ff098595811b3,"As many Michiganders adjust to learning and working from home, local energy providers and grid workers nationwide are working to keep energy reliable and available. Read more: https://nbcnews.to/2yyZBjd"
id906792666525205,6bf4dc204232982922d60482308aff8b105e65e527100fcef3d16af6d4f4a3cb,Energy Citizens is here to help support our nation’s natural gas and oil workforce. Sign up today to stay up-to-date on issues that impact the natural gas and oil industry!
id908913889620549,f2892090f7334d4b10225461ab1f2545e628058a914a3f61f2b2429571964e1e,"Energy has been an integral part in every economic recovery in our history, and it will be part of this recovery too."
id922942291534887,1fb9410c9573d1030c52dfb7e3bb9f7e2510f05ebe3c0edc69747da0d3e7496f,Invest in America’s future. Help us keep the oil and gas industry strong! JOIN TODAY.
id923817301436685,d61c13717198b615e8693dd6ebf5c1887bd6d84d9f408c7c754bb78e7a06d564,Natural gas and oil companies have teams dedicated to cutting greenhouse gases. Meet Chevron’s manager of carbon reduction and learn more.
id926660141156188,214be0a1271fbbdf6d296f375c6bf778f93ad830bc1da701e518e7ecbdaf7890,"As a voter and member of New Mexico’s energy sector, you have a significant role in the direction of U.S. energy policy by electing the leaders responsible for developing and overseeing the rules and regulations which impact our industry. We’re here to help with tools and information about the upcoming election."
id943648826155285,0c4924de81a8a24bed22e852edd90e7c427c16a6c0579cebfff942b20a331eb7,"It heats our coffee and makes the mug. ☕ Mornings can’t start without Ohio natural gas and oil. 🌅

#EssentialOhioEnergy"
id943972179396269,034e2257fca73df6936c69681d58eb5010fbd9e1405769b95ffb9a9ac51a9967,"Different leaders are best during different situations, which means that as a team it’s best to leverage those strengths. Hear more about our CEO’s views on leadership on this New York Stock Exchange podcast with Betty Liu. https://wmb.link/armstrong-leadership"
id960409134427486,3f604dc693bc4fb46cffda6a681f25308f3e2e95e3a28f617c4166670228f3b7,"What does it take to reduce emissions? Tech, better processes, and smart people — like Chevron’s manager of carbon reduction."
id964451957261964,af4e9eb91f4ab1610374aff3571a139971d1602022dfdb8c9fdee1dbe9077d89,Local oil and gas production ensures Californians have reliable access to the energy we need.
id965231807222680,35ee77bcecf7f493bb3e09c545bc2100a08576a5fa5207ccd2cf9dfdb30d098c,POLL: Pipelines are an essential part of Minnesota infrastructure that we all depend on for affordable energy. Do you support Minnesota’s pipelines?
id971291620006809,229c81f8e05d7636c9d63684dbdf6895c0118f287e56e6d276c4c75498fc766f,Pledge to vote: The oil and natural gas industry is on the ballot and New Mexico’s economic future is at stake. Visit www.voteforjobsnm.org to learn more.
id973019963222824,a8a3246f6731480cfe6c40fb390143c136300d3b4e9dc3377aa5cd361604914f,"STEER Executive Director Stephanie Moreno writes in Mysoutex that ""Comments from people across the country about the oil and natural gas industry show a striking disconnect from what we know to be true as people who live, work and raise families alongside pumpjacks.""

https://www.steer.com/undermining-oil-and-gas-industry-would-be-devastating/"
id983003708873564,84c13daa539a64c0a84b20347c1beb72953e86ce75d0581cc89fd09404223184,Skilled workers are committed to safe operations and construction of Mariner East at all times.
id994784111037431,d9d653a909f726490dd94968bd7c50f25c5ccca92390a4496b34efc7a22e330b,"Raising taxes now on any business, even oil companies, will hurt our economy and jobs. That's why Montana Creek Campground's Joe Mathis is Voting No on 1."
id995909704168004,d021ecdfa52a5e6e9b67628b75a623b603e7a10ef0b2f40c410df73d20ba881c,"Natural gas and oil companies are preparing for future growth and innovation by investing in a resilient workforce of scientists, engineers, skilled laborers and other increasingly sought-after careers. But some lawmakers are trying to stop this progress."
