dataset,pipeline,run_label,run_short,item_id,community_id,superclaim,ann_a_is_narr,ann_a_label_match,ann_a_confidence,ann_b_is_narr,ann_b_label_match,ann_b_confidence,merged_a,merged_b
co,cluster,co_harm_persona,cp,hle_1,0,Williams Rocky Mountain Midstream provides critical energy infrastructure that ensures regional reliability and operational stability.,yes,"Pragmatism/Pragmatic Energy mix. Portrays oil and gas as essential, reliable, affordable, and safe energy sources critical for maintaining power systems",4,no,,,match,no
co,cluster,co_harm_persona,cp,hle_10,3,The Great Lakes Tunnel is the most effective solution for protecting the environment and eliminating oil spill risks.,yes,"Other (in-domain, no match)",3,yes,Green Innovation and Climate Solutions. Promotes 'clean' or 'green' fossil fuels as part of climate solutions,3,other,match
co,cluster,co_harm_persona,cp,hle_100,33,Williams operates as a responsible corporate citizen through environmental stewardship and community partnership.,yes,"Community & Resilience. Emphasizes how the oil and gas sector contributes to local and national economies through tax revenues, charitable efforts, and support for local businesses",4,yes,"Other (in-domain, no match)",3,match,other
co,cluster,co_harm_persona,cp,hle_101,34,Corporate investment in diversified renewable infrastructure is the primary driver of the clean energy transition.,yes,"Other (in-domain, no match)",2,yes,Green Innovation and Climate Solutions. Promotes 'clean' or 'green' fossil fuels as part of climate solutions,5,other,match
co,cluster,co_harm_persona,cp,hle_102,34,The transition to sustainable energy requires balancing innovative growth with core operational values of safety and reliability.,no,,,yes,"Pragmatism/Pragmatic Energy mix. Portrays oil and gas as essential, reliable, affordable, and safe energy sources critical for maintaining power systems",5,no,match
co,cluster,co_harm_persona,cp,hle_103,34,Expert-led development of cleaner fuel alternatives is necessary for the future of sustainable transportation.,no,,,yes,"Pragmatism/Pragmatic Energy mix. Portrays oil and gas as essential, reliable, affordable, and safe energy sources critical for maintaining power systems",5,no,match
co,cluster,co_harm_persona,cp,hle_104,35,Major energy companies are committed to achieving net-zero carbon emissions by 2050.,no,,,no,,,no,no
co,cluster,co_harm_persona,cp,hle_105,35,A phased transition combining immediate short-term reductions and long-term goals is the most feasible path to net-zero.,no,,,no,,,no,no
co,cluster,co_harm_persona,cp,hle_106,35,"Practical, fact-based operational improvements and collaborative partnerships are effective tools for reducing greenhouse gas emissions.",no,,,no,,,no,no
co,cluster,co_harm_persona,cp,hle_107,36,The United States produces fossil fuels with a lower environmental impact than any other major exporting nation.,yes,Green Innovation and Climate Solutions. Promotes 'clean' or 'green' fossil fuels as part of climate solutions,3,yes,"Patriotic Energy mix. Stresses how domestic oil and gas production benefits the nation, including energy independence, energy leadership, and the idea of supporting American energy",5,match,match
co,cluster,co_harm_persona,cp,hle_108,36,U.S. leadership in fossil fuel production is a primary driver of global greenhouse gas emissions reduction.,yes,"Other (in-domain, no match)",3,yes,Green Innovation and Climate Solutions. Promotes 'clean' or 'green' fossil fuels as part of climate solutions,5,other,match
co,cluster,co_harm_persona,cp,hle_109,36,The United States has successfully decoupled increased energy production from the growth of greenhouse gas emissions.,yes,"Other (in-domain, no match)",3,no,,,other,no
co,cluster,co_harm_persona,cp,hle_11,3,The Great Lakes Tunnel is essential for Michigan's long-term energy security and economic prosperity.,yes,"Pragmatism/Pragmatic Energy mix. Portrays oil and gas as essential, reliable, affordable, and safe energy sources critical for maintaining power systems",4,yes,"We need fossil fuels for economic growth, prosperity, and to maintain our standard of living. Fossil fuels are good for the economy, society, and/or the environment.",4,match,match
co,cluster,co_harm_persona,cp,hle_110,37,The adoption of innovative technologies and infrastructure is the primary driver for reducing industrial emissions.,yes,"Green Innovation and Climate Solutions. Highlights efforts to reduce greenhouse gas emissions through internal targets, policy support, voluntary initiatives, and emissions reduction technologies",3,yes,"Green Innovation and Climate Solutions. Highlights efforts to reduce greenhouse gas emissions through internal targets, policy support, voluntary initiatives, and emissions reduction technologies",3,match,match
co,cluster,co_harm_persona,cp,hle_111,37,Strategic partnerships and policy implementations have successfully reduced carbon emissions to generational lows.,yes,"Green Innovation and Climate Solutions. Highlights efforts to reduce greenhouse gas emissions through internal targets, policy support, voluntary initiatives, and emissions reduction technologies",4,yes,"Green Innovation and Climate Solutions. Highlights efforts to reduce greenhouse gas emissions through internal targets, policy support, voluntary initiatives, and emissions reduction technologies",3,match,match
co,cluster,co_harm_persona,cp,hle_112,37,The organization is successfully meeting its environmental goals through a combination of technology and strategy.,no,,,no,,,no,no
co,cluster,co_harm_persona,cp,hle_113,38,The oil and gas industry is a primary driver of technological innovation for reducing greenhouse gas emissions.,yes,"Green Innovation and Climate Solutions. Highlights efforts to reduce greenhouse gas emissions through internal targets, policy support, voluntary initiatives, and emissions reduction technologies",4,yes,"Green Innovation and Climate Solutions. Highlights efforts to reduce greenhouse gas emissions through internal targets, policy support, voluntary initiatives, and emissions reduction technologies",3,match,match
co,cluster,co_harm_persona,cp,hle_114,38,Private sector energy companies are essential partners in the global effort to reduce carbon emissions.,no,,,no,,,no,no
co,cluster,co_harm_persona,cp,hle_115,38,Industry-led investment in carbon capture and emission-reduction technology is an effective means of lowering greenhouse gases.,yes,"Green Innovation and Climate Solutions. Highlights efforts to reduce greenhouse gas emissions through internal targets, policy support, voluntary initiatives, and emissions reduction technologies",4,yes,Green Innovation and Climate Solutions. Promotes 'clean' or 'green' fossil fuels as part of climate solutions,5,match,match
co,cluster,co_harm_persona,cp,hle_116,39,The oil and natural gas industry provides essential societal value and deserves broad public support.,yes,"Community & Resilience. Emphasizes how the oil and gas sector contributes to local and national economies through tax revenues, charitable efforts, and support for local businesses",4,yes,"We need fossil fuels for economic growth, prosperity, and to maintain our standard of living. Fossil fuels are good for the economy, society, and/or the environment.",4,match,match
co,cluster,co_harm_persona,cp,hle_117,39,Political leaders and voters must actively prioritize policies that protect the oil and gas industry.,yes,"We need fossil fuels for economic growth, prosperity, and to maintain our standard of living. Fossil fuels are good for the economy, society, and/or the environment.",3,yes,"Other (in-domain, no match)",2,match,other
co,cluster,co_harm_persona,cp,hle_118,39,Organized advocacy is necessary to correct negative public perceptions of the oil and gas workforce.,yes,"Other (in-domain, no match)",3,yes,"Other (in-domain, no match)",2,other,other
co,cluster,co_harm_persona,cp,hle_119,40,The federal government should provide emergency energy assistance funding to protect low-income households and seniors.,no,,,no,,,no,no
co,cluster,co_harm_persona,cp,hle_12,3,The Great Lakes Tunnel should be approved because it is a privately funded project with broad stakeholder consensus.,yes,"Other (in-domain, no match)",3,no,,,other,no
co,cluster,co_harm_persona,cp,hle_120,40,"The U.S. government should prioritize direct financial stimulus for families, workers, and domestic businesses.",no,,,no,,,no,no
co,cluster,co_harm_persona,cp,hle_121,41,The Texas oil and natural gas industry is the primary driver of economic prosperity and energy security.,yes,"Community & Resilience. Emphasizes how the oil and gas sector contributes to local and national economies through tax revenues, charitable efforts, and support for local businesses",4,yes,"Community & Resilience. Emphasizes how the oil and gas sector contributes to local and national economies through tax revenues, charitable efforts, and support for local businesses",5,match,match
co,cluster,co_harm_persona,cp,hle_122,41,The oil and gas industry is a responsible leader that fosters social and environmental improvement in Texas.,yes,"Other (in-domain, no match)",3,yes,"Community & Resilience. Emphasizes how the oil and gas sector contributes to local and national economies through tax revenues, charitable efforts, and support for local businesses",5,other,match
co,cluster,co_harm_persona,cp,hle_123,41,The oil and gas industry is a fundamental and positive pillar of Texas's historical identity and success.,yes,"Community & Resilience. Emphasizes how the oil and gas sector contributes to local and national economies through tax revenues, charitable efforts, and support for local businesses",3,no,,,match,no
co,cluster,co_harm_persona,cp,hle_124,42,Texas must maintain its position as a global leader in energy production to ensure its own economic stability.,yes,"We need fossil fuels for economic growth, prosperity, and to maintain our standard of living. Fossil fuels are good for the economy, society, and/or the environment.",3,no,,,match,no
co,cluster,co_harm_persona,cp,hle_125,42,High levels of energy production in Texas are essential for the overall national strength and security of the United States.,yes,"We need fossil fuels for economic growth, prosperity, and to maintain our standard of living. Fossil fuels are good for the economy, society, and/or the environment.",3,yes,"Patriotic Energy mix. Stresses how domestic oil and gas production benefits the nation, including energy independence, energy leadership, and the idea of supporting American energy",5,match,match
co,cluster,co_harm_persona,cp,hle_126,43,Energy Transfer's pipeline infrastructure is essential for the production of life-saving medical supplies and equipment.,yes,Pragmatism/Pragmatic Energy mix. Emphasizes the importance of oil and gas as raw materials for various non-power-related uses and manufactured goods.,5,yes,"Other (in-domain, no match)",5,match,other
co,cluster,co_harm_persona,cp,hle_127,43,The operation of fossil fuel infrastructure is necessary to maintain public health and critical societal functions.,yes,"We need fossil fuels for economic growth, prosperity, and to maintain our standard of living. Fossil fuels are good for the economy, society, and/or the environment.",3,yes,"Pragmatism/Pragmatic Energy mix. Portrays oil and gas as essential, reliable, affordable, and safe energy sources critical for maintaining power systems",5,match,match
co,cluster,co_harm_persona,cp,hle_128,43,Industrial workers provide the critical labor and raw materials necessary to sustain medical supply chains during crises.,unclear,,,no,,,no,no
co,cluster,co_harm_persona,cp,hle_129,44,"Natural gas is a safe, reliable, and cost-effective energy source that provides significant economic benefits.",yes,"We need fossil fuels for economic growth, prosperity, and to maintain our standard of living. Fossil fuels are good for the economy, society, and/or the environment.",4,yes,"Pragmatism/Pragmatic Energy mix. Portrays oil and gas as essential, reliable, affordable, and safe energy sources critical for maintaining power systems",5,match,match
co,cluster,co_harm_persona,cp,hle_13,4,Individuals must prioritize safety and official reporting protocols when encountering damaged electrical infrastructure.,no,,,no,,,no,no
co,cluster,co_harm_persona,cp,hle_130,44,Natural gas infrastructure is essential for maintaining critical societal functions and modern quality of life.,yes,"We need fossil fuels for economic growth, prosperity, and to maintain our standard of living. Fossil fuels are good for the economy, society, and/or the environment.",4,no,,,match,no
co,cluster,co_harm_persona,cp,hle_131,44,Strict regulatory oversight and infrastructure modernization are necessary to ensure the safety and security of natural gas.,no,,,no,,,no,no
co,cluster,co_harm_persona,cp,hle_132,45,Natural gas is a necessary transitional fuel for achieving a low-carbon energy future.,yes,Green Innovation and Climate Solutions. Promotes 'clean' or 'green' fossil fuels as part of climate solutions,3,yes,Green Innovation and Climate Solutions. Promotes 'clean' or 'green' fossil fuels as part of climate solutions,5,match,match
co,cluster,co_harm_persona,cp,hle_133,45,Natural gas is essential for maintaining grid stability and reliability for intermittent renewable energy.,yes,"Pragmatism/Pragmatic Energy mix. Portrays oil and gas as essential, reliable, affordable, and safe energy sources critical for maintaining power systems",5,yes,"Pragmatism/Pragmatic Energy mix. Portrays oil and gas as essential, reliable, affordable, and safe energy sources critical for maintaining power systems",3,match,match
co,cluster,co_harm_persona,cp,hle_134,45,Natural gas should be formally integrated and classified as a component of clean energy strategies.,yes,Green Innovation and Climate Solutions. Promotes 'clean' or 'green' fossil fuels as part of climate solutions,5,yes,Green Innovation and Climate Solutions. Promotes 'clean' or 'green' fossil fuels as part of climate solutions,5,match,match
co,cluster,co_harm_persona,cp,hle_135,46,Domestic fossil fuel production is a primary driver of regional economic growth and community revitalization.,yes,"We need fossil fuels for economic growth, prosperity, and to maintain our standard of living. Fossil fuels are good for the economy, society, and/or the environment.",4,yes,"We need fossil fuels for economic growth, prosperity, and to maintain our standard of living. Fossil fuels are good for the economy, society, and/or the environment.",5,match,match
co,cluster,co_harm_persona,cp,hle_136,46,The global economy and industrial infrastructure remain fundamentally dependent on a continued supply of fossil fuels.,yes,"We need fossil fuels for economic growth, prosperity, and to maintain our standard of living. Fossil fuels are good for the economy, society, and/or the environment.",4,no,,,match,no
co,cluster,co_harm_persona,cp,hle_137,46,Fossil fuel development is essential for maintaining broad social welfare and long-term economic stability.,yes,"We need fossil fuels for economic growth, prosperity, and to maintain our standard of living. Fossil fuels are good for the economy, society, and/or the environment.",4,yes,"We need fossil fuels for economic growth, prosperity, and to maintain our standard of living. Fossil fuels are good for the economy, society, and/or the environment.",5,match,match
co,cluster,co_harm_persona,cp,hle_138,47,Natural gas is a critical and effective tool for reducing global carbon emissions.,yes,Green Innovation and Climate Solutions. Promotes 'clean' or 'green' fossil fuels as part of climate solutions,3,yes,Green Innovation and Climate Solutions. Promotes 'clean' or 'green' fossil fuels as part of climate solutions,5,match,match
co,cluster,co_harm_persona,cp,hle_139,47,Replacing coal with natural gas in electricity generation reduces carbon emission intensity.,no,,,no,,,no,no
co,cluster,co_harm_persona,cp,hle_14,4,Professional equipment and expert planning are essential for safe and efficient landscaping and excavation work.,no,,,no,,,no,no
co,cluster,co_harm_persona,cp,hle_140,47,Natural gas infrastructure and utilities are essential for a reliable and affordable clean energy transition.,yes,"Other (in-domain, no match)",4,yes,"Pragmatism/Pragmatic Energy mix. Portrays oil and gas as essential, reliable, affordable, and safe energy sources critical for maintaining power systems",5,other,match
co,cluster,co_harm_persona,cp,hle_141,47,Policies that phase out natural gas are counterproductive to achieving emission reduction goals.,unclear,,,yes,"Pragmatism/Pragmatic Energy mix. Portrays oil and gas as essential, reliable, affordable, and safe energy sources critical for maintaining power systems",5,no,match
co,cluster,co_harm_persona,cp,hle_142,48,Natural gas and its infrastructure are essential drivers of environmental progress and national energy security.,yes,"We need fossil fuels for economic growth, prosperity, and to maintain our standard of living. Fossil fuels are good for the economy, society, and/or the environment.",4,yes,"Pragmatism/Pragmatic Energy mix. Portrays oil and gas as essential, reliable, affordable, and safe energy sources critical for maintaining power systems",4,match,match
co,cluster,co_harm_persona,cp,hle_143,48,Transitioning from oil refining to natural gas liquids production significantly improves air quality and environmental outcomes.,yes,"We need fossil fuels for economic growth, prosperity, and to maintain our standard of living. Fossil fuels are good for the economy, society, and/or the environment.",3,no,,,match,no
co,cluster,co_harm_persona,cp,hle_144,48,Technological innovation and the use of clean-burning fuels like propane ensure the environmental viability of natural gas.,yes,Green Innovation and Climate Solutions. Promotes 'clean' or 'green' fossil fuels as part of climate solutions,4,no,,,match,no
co,cluster,co_harm_persona,cp,hle_145,49,Banning or restricting domestic oil and gas production causes severe national and regional economic decline.,yes,"We need fossil fuels for economic growth, prosperity, and to maintain our standard of living. Fossil fuels are good for the economy, society, and/or the environment.",3,yes,"We need fossil fuels for economic growth, prosperity, and to maintain our standard of living. Fossil fuels are good for the economy, society, and/or the environment.",4,match,match
co,cluster,co_harm_persona,cp,hle_146,49,Federal bans on fossil fuel development undermine U.S. energy security and global leadership.,yes,"Patriotic Energy mix. Stresses how domestic oil and gas production benefits the nation, including energy independence, energy leadership, and the idea of supporting American energy",4,yes,"Patriotic Energy mix. Stresses how domestic oil and gas production benefits the nation, including energy independence, energy leadership, and the idea of supporting American energy",4,match,match
co,cluster,co_harm_persona,cp,hle_147,49,Leasing bans on federal lands are counterproductive to environmental goals by increasing carbon emissions.,yes,"Other (in-domain, no match)",2,yes,"Climate solutions are harmful or unnecessary. Climate solutions are harmful to the economy, society, and/or the environment.",3,other,match
co,cluster,co_harm_persona,cp,hle_148,50,Energy providers possess the institutional capacity to maintain critical infrastructure reliability during public health crises.,unclear,,,no,,,no,no
co,cluster,co_harm_persona,cp,hle_149,50,Utility providers and governments successfully protect vulnerable populations from service interruptions during crises.,no,,,no,,,no,no
co,cluster,co_harm_persona,cp,hle_15,4,Contacting utility location services like 811 before digging is mandatory to prevent underground infrastructure damage.,no,,,no,,,no,no
co,cluster,co_harm_persona,cp,hle_150,50,The stability of the electric grid is the fundamental prerequisite for all other critical societal infrastructure.,no,,,no,,,no,no
co,cluster,co_harm_persona,cp,hle_151,51,Energy grid costs should be distributed equally among all users without preferential subsidies.,no,,,no,,,no,no
co,cluster,co_harm_persona,cp,hle_152,51,Rapid transitions away from natural gas threaten energy reliability and increase costs for consumers.,yes,"Pragmatism/Pragmatic Energy mix. Portrays oil and gas as essential, reliable, affordable, and safe energy sources critical for maintaining power systems",4,yes,"Pragmatism/Pragmatic Energy mix. Portrays oil and gas as essential, reliable, affordable, and safe energy sources critical for maintaining power systems",4,match,match
co,cluster,co_harm_persona,cp,hle_153,51,Government interventions and legislative priorities for green energy unfairly penalize the general public.,yes,"Climate solutions are harmful or unnecessary. Climate solutions are harmful to the economy, society, and/or the environment.",4,yes,"Climate solutions are harmful or unnecessary. Climate solutions are harmful to the economy, society, and/or the environment.",4,match,match
co,cluster,co_harm_persona,cp,hle_154,52,Restricting domestic energy production undermines national security by increasing vulnerability to hostile foreign regimes.,yes,"Patriotic Energy mix. Stresses how domestic oil and gas production benefits the nation, including energy independence, energy leadership, and the idea of supporting American energy",3,yes,"Patriotic Energy mix. Stresses how domestic oil and gas production benefits the nation, including energy independence, energy leadership, and the idea of supporting American energy",5,match,match
co,cluster,co_harm_persona,cp,hle_155,52,Reducing domestic energy production shifts supply to foreign sources with inferior environmental and labor standards.,unclear,,,yes,"Patriotic Energy mix. Stresses how domestic oil and gas production benefits the nation, including energy independence, energy leadership, and the idea of supporting American energy",5,no,match
co,cluster,co_harm_persona,cp,hle_156,52,Foreign energy-producing nations actively undermine U.S. energy independence to maintain their own global geopolitical influence.,yes,"Other (in-domain, no match)",2,yes,"Patriotic Energy mix. Stresses how domestic oil and gas production benefits the nation, including energy independence, energy leadership, and the idea of supporting American energy",5,other,match
co,cluster,co_harm_persona,cp,hle_157,53,The Texas Railroad Commission should not implement oil and gas production limits to protect economic stability.,yes,"We need fossil fuels for economic growth, prosperity, and to maintain our standard of living. Fossil fuels are good for the economy, society, and/or the environment.",4,yes,"We need fossil fuels for economic growth, prosperity, and to maintain our standard of living. Fossil fuels are good for the economy, society, and/or the environment.",5,match,match
co,cluster,co_harm_persona,cp,hle_158,53,Restricting domestic energy production undermines United States national security and global geopolitical strength.,yes,"Patriotic Energy mix. Stresses how domestic oil and gas production benefits the nation, including energy independence, energy leadership, and the idea of supporting American energy",5,yes,"Patriotic Energy mix. Stresses how domestic oil and gas production benefits the nation, including energy independence, energy leadership, and the idea of supporting American energy",5,match,match
co,cluster,co_harm_persona,cp,hle_159,53,Proposed production cuts are driven by politically connected elites rather than sound public policy.,yes,"Other (in-domain, no match)",4,yes,"Patriotic Energy mix. Stresses how domestic oil and gas production benefits the nation, including energy independence, energy leadership, and the idea of supporting American energy",4,other,match
co,cluster,co_harm_persona,cp,hle_16,5,The Transportation and Climate Initiative effectively balances economic growth with environmental protection.,yes,"Other (in-domain, no match)",1,no,,,other,no
co,cluster,co_harm_persona,cp,hle_160,54,Government regulations on the energy sector are ineffective and cause widespread economic harm.,yes,"Climate solutions are harmful or unnecessary. Climate solutions are harmful to the economy, society, and/or the environment.",4,yes,"Other (in-domain, no match)",5,match,other
co,cluster,co_harm_persona,cp,hle_161,54,Restrictive energy policies discourage private investment and drive energy companies out of the state.,yes,"Patriotic Energy mix. Stresses how domestic oil and gas production benefits the nation, including energy independence, energy leadership, and the idea of supporting American energy",3,yes,"Climate solutions are harmful or unnecessary. Climate solutions are harmful to the economy, society, and/or the environment.",5,match,match
co,cluster,co_harm_persona,cp,hle_162,54,State-level restrictions on energy production deprive local communities of essential funding for public services.,yes,"Community & Resilience. Emphasizes how the oil and gas sector contributes to local and national economies through tax revenues, charitable efforts, and support for local businesses",4,yes,"Community & Resilience. Emphasizes how the oil and gas sector contributes to local and national economies through tax revenues, charitable efforts, and support for local businesses",5,match,match
co,cluster,co_harm_persona,cp,hle_163,55,Expanding domestic oil and gas production is essential for United States national security and energy independence.,yes,"Patriotic Energy mix. Stresses how domestic oil and gas production benefits the nation, including energy independence, energy leadership, and the idea of supporting American energy",4,yes,"Patriotic Energy mix. Stresses how domestic oil and gas production benefits the nation, including energy independence, energy leadership, and the idea of supporting American energy",5,match,match
co,cluster,co_harm_persona,cp,hle_164,55,The domestic energy industry is a primary driver of American economic stability and technological innovation.,yes,"Patriotic Energy mix. Stresses how domestic oil and gas production benefits the nation, including energy independence, energy leadership, and the idea of supporting American energy",4,yes,"Patriotic Energy mix. Stresses how domestic oil and gas production benefits the nation, including energy independence, energy leadership, and the idea of supporting American energy",5,match,match
co,cluster,co_harm_persona,cp,hle_165,55,The United States must implement policies that protect and prioritize the domestic energy sector to maintain global leadership.,yes,"Patriotic Energy mix. Stresses how domestic oil and gas production benefits the nation, including energy independence, energy leadership, and the idea of supporting American energy",4,yes,"Patriotic Energy mix. Stresses how domestic oil and gas production benefits the nation, including energy independence, energy leadership, and the idea of supporting American energy",5,match,match
co,cluster,co_harm_persona,cp,hle_166,56,Energy companies act as socially responsible citizens by providing essential financial and operational support to local communities.,yes,"Community & Resilience. Emphasizes how the oil and gas sector contributes to local and national economies through tax revenues, charitable efforts, and support for local businesses",5,yes,"Community & Resilience. Emphasizes how the oil and gas sector contributes to local and national economies through tax revenues, charitable efforts, and support for local businesses",5,match,match
co,cluster,co_harm_persona,cp,hle_167,56,Corporate philanthropy is strategically used by energy firms to secure social license and cultivate a positive public image.,no,,,no,,,no,no
co,cluster,co_harm_persona,cp,hle_168,56,Community investment and mutual aid are driven by a moral obligation to support neighbors and maintain regional stability.,no,,,no,,,no,no
co,cluster,co_harm_persona,cp,hle_169,57,Corporate-sponsored specialized training for first responders significantly enhances community safety and industrial risk mitigation.,no,,,no,,,no,no
co,cluster,co_harm_persona,cp,hle_17,5,Carbon pricing on transportation generates specific economic benefits including job creation and infrastructure improvement.,no,,,yes,Community & Resilience. Focuses on the creation and sustainability of jobs by the oil and gas industry.,4,no,match
co,cluster,co_harm_persona,cp,hle_170,57,Public-private partnerships between energy corporations and academic institutions are essential for optimizing emergency response readiness.,no,,,no,,,no,no
co,cluster,co_harm_persona,cp,hle_171,57,Corporate sponsorship of emergency services training creates a tension between operational benefit and corporate influence.,no,,,no,,,no,no
co,cluster,co_harm_persona,cp,hle_172,58,The oil and natural gas industry is essential for maintaining modern standards of living and societal stability.,yes,"We need fossil fuels for economic growth, prosperity, and to maintain our standard of living. Fossil fuels are good for the economy, society, and/or the environment.",5,yes,"We need fossil fuels for economic growth, prosperity, and to maintain our standard of living. Fossil fuels are good for the economy, society, and/or the environment.",5,match,match
co,cluster,co_harm_persona,cp,hle_173,58,"Modern consumer goods, medical products, and technological innovations depend fundamentally on petrochemical production.",yes,Pragmatism/Pragmatic Energy mix. Emphasizes the importance of oil and gas as raw materials for various non-power-related uses and manufactured goods.,5,yes,"We need fossil fuels for economic growth, prosperity, and to maintain our standard of living. Fossil fuels are good for the economy, society, and/or the environment.",4,match,match
co,cluster,co_harm_persona,cp,hle_174,58,Continued oil and gas production is necessary to drive economic progress and industrial viability.,yes,"We need fossil fuels for economic growth, prosperity, and to maintain our standard of living. Fossil fuels are good for the economy, society, and/or the environment.",5,yes,"We need fossil fuels for economic growth, prosperity, and to maintain our standard of living. Fossil fuels are good for the economy, society, and/or the environment.",4,match,match
co,cluster,co_harm_persona,cp,hle_175,59,The oil and gas industry is essential for the stability and growth of the American economy.,yes,"We need fossil fuels for economic growth, prosperity, and to maintain our standard of living. Fossil fuels are good for the economy, society, and/or the environment.",4,yes,"Patriotic Energy mix. Stresses how domestic oil and gas production benefits the nation, including energy independence, energy leadership, and the idea of supporting American energy",4,match,match
co,cluster,co_harm_persona,cp,hle_176,59,Domestic oil and gas production is fundamental to United States energy independence and national security.,yes,"Patriotic Energy mix. Stresses how domestic oil and gas production benefits the nation, including energy independence, energy leadership, and the idea of supporting American energy",5,yes,"Patriotic Energy mix. Stresses how domestic oil and gas production benefits the nation, including energy independence, energy leadership, and the idea of supporting American energy",5,match,match
co,cluster,co_harm_persona,cp,hle_177,59,The oil and gas industry is indispensable to the maintenance of the American way of life.,yes,"We need fossil fuels for economic growth, prosperity, and to maintain our standard of living. Fossil fuels are good for the economy, society, and/or the environment.",4,yes,"Patriotic Energy mix. Stresses how domestic oil and gas production benefits the nation, including energy independence, energy leadership, and the idea of supporting American energy",5,match,match
co,cluster,co_harm_persona,cp,hle_178,60,The oil and gas industry is a primary driver of economic growth and job creation.,yes,Community & Resilience. Focuses on the creation and sustainability of jobs by the oil and gas industry.,4,yes,Community & Resilience. Focuses on the creation and sustainability of jobs by the oil and gas industry.,5,match,match
co,cluster,co_harm_persona,cp,hle_179,60,Oil and gas extraction provides tangible social and economic benefits to rural and local communities.,yes,"Community & Resilience. Emphasizes how the oil and gas sector contributes to local and national economies through tax revenues, charitable efforts, and support for local businesses",4,yes,"Community & Resilience. Emphasizes how the oil and gas sector contributes to local and national economies through tax revenues, charitable efforts, and support for local businesses",4,match,match
co,cluster,co_harm_persona,cp,hle_18,5,The United States should adopt a standardized carbon pricing model based on successful regional frameworks.,no,,,no,,,no,no
co,cluster,co_harm_persona,cp,hle_180,60,Expanding natural gas production and capacity is essential for regional and national prosperity.,yes,"We need fossil fuels for economic growth, prosperity, and to maintain our standard of living. Fossil fuels are good for the economy, society, and/or the environment.",3,yes,"We need fossil fuels for economic growth, prosperity, and to maintain our standard of living. Fossil fuels are good for the economy, society, and/or the environment.",5,match,match
co,cluster,co_harm_persona,cp,hle_181,61,"The oil and gas industry is a primary driver of economic stability and employment across local, regional, and national levels.",yes,"We need fossil fuels for economic growth, prosperity, and to maintain our standard of living. Fossil fuels are good for the economy, society, and/or the environment.",4,yes,"We need fossil fuels for economic growth, prosperity, and to maintain our standard of living. Fossil fuels are good for the economy, society, and/or the environment.",5,match,match
co,cluster,co_harm_persona,cp,hle_182,61,"Domestic oil and gas production is essential for the creation and maintenance of high-paying, high-quality jobs.",yes,Community & Resilience. Focuses on the creation and sustainability of jobs by the oil and gas industry.,5,yes,Community & Resilience. Focuses on the creation and sustainability of jobs by the oil and gas industry.,5,match,match
co,cluster,co_harm_persona,cp,hle_183,61,Preserving the oil and gas industry is necessary to protect essential tax revenues and public services.,yes,"Community & Resilience. Emphasizes how the oil and gas sector contributes to local and national economies through tax revenues, charitable efforts, and support for local businesses",5,yes,"Community & Resilience. Emphasizes how the oil and gas sector contributes to local and national economies through tax revenues, charitable efforts, and support for local businesses",5,match,match
co,cluster,co_harm_persona,cp,hle_184,62,The oil and gas industry is essential for maintaining state economic stability and fiscal capacity.,yes,"We need fossil fuels for economic growth, prosperity, and to maintain our standard of living. Fossil fuels are good for the economy, society, and/or the environment.",4,yes,"Community & Resilience. Emphasizes how the oil and gas sector contributes to local and national economies through tax revenues, charitable efforts, and support for local businesses",5,match,match
co,cluster,co_harm_persona,cp,hle_185,62,Oil and gas revenues are the primary funding source for essential public services and infrastructure.,yes,"Community & Resilience. Emphasizes how the oil and gas sector contributes to local and national economies through tax revenues, charitable efforts, and support for local businesses",3,yes,"We need fossil fuels for economic growth, prosperity, and to maintain our standard of living. Fossil fuels are good for the economy, society, and/or the environment.",4,match,match
co,cluster,co_harm_persona,cp,hle_186,62,Increased oil and gas production expands the government's ability to fund ambitious public policy initiatives.,yes,"We need fossil fuels for economic growth, prosperity, and to maintain our standard of living. Fossil fuels are good for the economy, society, and/or the environment.",3,yes,"Community & Resilience. Emphasizes how the oil and gas sector contributes to local and national economies through tax revenues, charitable efforts, and support for local businesses",5,match,match
co,cluster,co_harm_persona,cp,hle_19,6,Wind energy investments provide essential economic and social benefits to rural communities and public infrastructure.,no,,,no,,,no,no
co,cluster,co_harm_persona,cp,hle_2,0,Williams Rocky Mountain Midstream drives Colorado's economic growth through significant infrastructure investment and high-paying local employment.,yes,Community & Resilience. Focuses on the creation and sustainability of jobs by the oil and gas industry.,4,no,,,match,no
co,cluster,co_harm_persona,cp,hle_20,6,Integrating wind energy into the power grid is necessary for diversifying energy portfolios and achieving energy independence.,no,,,no,,,no,no
co,cluster,co_harm_persona,cp,hle_21,7,"Michigan is successfully transitioning toward a cleaner, more sustainable, and secure energy infrastructure.",unclear,,,no,,,no,no
co,cluster,co_harm_persona,cp,hle_22,7,The leadership of the MPSC Chairman and strategic energy policies are driving positive infrastructure improvements.,no,,,no,,,no,no
co,cluster,co_harm_persona,cp,hle_23,7,"Michigan's energy providers are delivering high efficiency, cost savings, and innovative consumer value.",unclear,,,no,,,no,no
co,cluster,co_harm_persona,cp,hle_24,8,Voters should reject Ballot Measure 1 to prevent severe economic harm to Alaska.,yes,"Climate solutions are harmful or unnecessary. Climate solutions are harmful to the economy, society, and/or the environment.",4,no,,,match,no
co,cluster,co_harm_persona,cp,hle_25,8,Ballot Measure 1 grants politicians excessive power without providing accountability or public benefit.,unclear,,,no,,,no,no
co,cluster,co_harm_persona,cp,hle_26,8,"A broad coalition of Alaskan business, labor, and community leaders opposes Ballot Measure 1.",unclear,,,no,,,no,no
co,cluster,co_harm_persona,cp,hle_27,9,The oil and gas industry is the essential foundation of Alaska's economic stability and prosperity.,yes,"We need fossil fuels for economic growth, prosperity, and to maintain our standard of living. Fossil fuels are good for the economy, society, and/or the environment.",4,yes,"Community & Resilience. Emphasizes how the oil and gas sector contributes to local and national economies through tax revenues, charitable efforts, and support for local businesses",5,match,match
co,cluster,co_harm_persona,cp,hle_28,9,Supporting the OneALASKA initiative is necessary to protect Alaska's jobs and economic future.,yes,"We need fossil fuels for economic growth, prosperity, and to maintain our standard of living. Fossil fuels are good for the economy, society, and/or the environment.",4,yes,"Community & Resilience. Emphasizes how the oil and gas sector contributes to local and national economies through tax revenues, charitable efforts, and support for local businesses",3,match,match
co,cluster,co_harm_persona,cp,hle_29,9,Alaska must prioritize its own industrial production and interests over external concerns to ensure viability.,yes,"We need fossil fuels for economic growth, prosperity, and to maintain our standard of living. Fossil fuels are good for the economy, society, and/or the environment.",3,no,,,match,no
co,cluster,co_harm_persona,cp,hle_3,0,"Williams Rocky Mountain Midstream advances Colorado's energy transition by providing affordable, reliable, and clean energy solutions.",yes,Green Innovation and Climate Solutions. Promotes 'clean' or 'green' fossil fuels as part of climate solutions,4,yes,Green Innovation and Climate Solutions. Promotes 'clean' or 'green' fossil fuels as part of climate solutions,5,match,match
co,cluster,co_harm_persona,cp,hle_30,10,Local officials should approve the restart of the Santa Ynez Unit and its associated trucking permits.,yes,"Other (in-domain, no match)",2,no,,,other,no
co,cluster,co_harm_persona,cp,hle_31,10,Restarting the Santa Ynez Unit is necessary to increase funding for local schools and public safety.,yes,"We need fossil fuels for economic growth, prosperity, and to maintain our standard of living. Fossil fuels are good for the economy, society, and/or the environment.",4,yes,"Community & Resilience. Emphasizes how the oil and gas sector contributes to local and national economies through tax revenues, charitable efforts, and support for local businesses",5,match,match
co,cluster,co_harm_persona,cp,hle_32,11,The oil and gas industry is the primary driver of New Mexico's economic stability and public funding.,yes,"Community & Resilience. Emphasizes how the oil and gas sector contributes to local and national economies through tax revenues, charitable efforts, and support for local businesses",3,yes,"Community & Resilience. Emphasizes how the oil and gas sector contributes to local and national economies through tax revenues, charitable efforts, and support for local businesses",5,match,match
co,cluster,co_harm_persona,cp,hle_33,11,Energy production creates widespread employment and stimulates diverse economic growth across New Mexico and North Dakota.,yes,Community & Resilience. Focuses on the creation and sustainability of jobs by the oil and gas industry.,4,yes,Community & Resilience. Focuses on the creation and sustainability of jobs by the oil and gas industry.,5,match,match
co,cluster,co_harm_persona,cp,hle_34,11,The continued expansion of hydraulic fracturing and drilling is necessary for New Mexico's prosperity and national energy security.,yes,"Other (in-domain, no match)",2,yes,"Patriotic Energy mix. Stresses how domestic oil and gas production benefits the nation, including energy independence, energy leadership, and the idea of supporting American energy",5,other,match
co,cluster,co_harm_persona,cp,hle_35,12,The Mariner East and Marcus Hook projects drive economic growth and community revitalization in Pennsylvania.,yes,"Community & Resilience. Emphasizes how the oil and gas sector contributes to local and national economies through tax revenues, charitable efforts, and support for local businesses",3,yes,"Community & Resilience. Emphasizes how the oil and gas sector contributes to local and national economies through tax revenues, charitable efforts, and support for local businesses",5,match,match
co,cluster,co_harm_persona,cp,hle_36,12,Prioritizing unionized labor ensures both the economic prosperity of workers and the operational safety of projects.,no,,,no,,,no,no
co,cluster,co_harm_persona,cp,hle_37,12,Pennsylvania's energy infrastructure provides essential societal benefits and environmental improvements.,yes,"We need fossil fuels for economic growth, prosperity, and to maintain our standard of living. Fossil fuels are good for the economy, society, and/or the environment.",4,no,,,match,no
co,cluster,co_harm_persona,cp,hle_38,13,Energy sector workers have a professional and civic obligation to vote to ensure energy reliability.,yes,"We need fossil fuels for economic growth, prosperity, and to maintain our standard of living. Fossil fuels are necessary to meet energy demand.",3,no,,,match,no
co,cluster,co_harm_persona,cp,hle_39,13,Voting is the primary strategic mechanism for determining national energy policy and industry regulation.,no,,,no,,,no,no
co,cluster,co_harm_persona,cp,hle_4,1,Ohio's natural gas and oil production is essential for the daily functioning and quality of life of its residents.,yes,"Other (in-domain, no match)",4,yes,"Pragmatism/Pragmatic Energy mix. Portrays oil and gas as essential, reliable, affordable, and safe energy sources critical for maintaining power systems",3,other,match
co,cluster,co_harm_persona,cp,hle_40,13,Energy workers should organize collectively to increase their political influence and protect their professional interests.,no,,,yes,Community & Resilience. Focuses on the creation and sustainability of jobs by the oil and gas industry.,3,no,match
co,cluster,co_harm_persona,cp,hle_41,13,The outcome of upcoming elections will fundamentally determine the future viability of the American energy industry.,no,,,no,,,no,no
co,cluster,co_harm_persona,cp,hle_42,14,"Energy policy must prioritize reliability, affordability, and resilience over the speed of the clean energy transition.",yes,"Other (in-domain, no match)",3,yes,"Pragmatism/Pragmatic Energy mix. Portrays oil and gas as essential, reliable, affordable, and safe energy sources critical for maintaining power systems",5,other,match
co,cluster,co_harm_persona,cp,hle_43,14,Traditional energy sources are essential to ensure stability during the transition to a cleaner energy future.,yes,"Pragmatism/Pragmatic Energy mix. Portrays oil and gas as essential, reliable, affordable, and safe energy sources critical for maintaining power systems",4,yes,"Pragmatism/Pragmatic Energy mix. Portrays oil and gas as essential, reliable, affordable, and safe energy sources critical for maintaining power systems",5,match,match
co,cluster,co_harm_persona,cp,hle_44,14,Rapid transitions to new energy sources threaten the reliability and affordability of existing energy supplies.,yes,"Pragmatism/Pragmatic Energy mix. Portrays oil and gas as essential, reliable, affordable, and safe energy sources critical for maintaining power systems",3,yes,"Pragmatism/Pragmatic Energy mix. Portrays oil and gas as essential, reliable, affordable, and safe energy sources critical for maintaining power systems",5,match,match
co,cluster,co_harm_persona,cp,hle_45,15,Individual behavioral changes and energy-saving habits significantly reduce residential energy consumption and carbon emissions.,unclear,,,yes,"Other (in-domain, no match)",5,no,other
co,cluster,co_harm_persona,cp,hle_46,15,Proactive home maintenance and weatherization are essential for maximizing energy efficiency and reducing utility costs.,no,,,no,,,no,no
co,cluster,co_harm_persona,cp,hle_47,15,Strategic use of natural resources and home appliances optimizes indoor temperature regulation without increasing energy use.,no,,,no,,,no,no
co,cluster,co_harm_persona,cp,hle_48,16,The operation and construction of Lines 3 and 5 are essential for regional energy security.,yes,"We need fossil fuels for economic growth, prosperity, and to maintain our standard of living. Fossil fuels are necessary to meet energy demand.",2,no,,,match,no
co,cluster,co_harm_persona,cp,hle_49,16,Pipeline infrastructure is a primary driver of economic growth and employment in the Midwest.,yes,"We need fossil fuels for economic growth, prosperity, and to maintain our standard of living. Fossil fuels are good for the economy, society, and/or the environment.",4,yes,Community & Resilience. Focuses on the creation and sustainability of jobs by the oil and gas industry.,5,match,match
co,cluster,co_harm_persona,cp,hle_5,1,The natural gas and oil industries are primary drivers of Ohio's economic stability and industrial growth.,yes,"We need fossil fuels for economic growth, prosperity, and to maintain our standard of living. Fossil fuels are good for the economy, society, and/or the environment.",4,yes,Community & Resilience. Focuses on the creation and sustainability of jobs by the oil and gas industry.,5,match,match
co,cluster,co_harm_persona,cp,hle_50,16,Modernizing pipeline infrastructure increases environmental safety and reduces community disruption.,yes,"Other (in-domain, no match)",4,yes,Community & Resilience. Focuses on the creation and sustainability of jobs by the oil and gas industry.,5,other,match
co,cluster,co_harm_persona,cp,hle_51,17,"The Dakota Access Pipeline is a safe, legally compliant, and environmentally sound piece of infrastructure.",yes,"Pragmatism/Pragmatic Energy mix. Portrays oil and gas as essential, reliable, affordable, and safe energy sources critical for maintaining power systems",3,no,,,match,no
co,cluster,co_harm_persona,cp,hle_52,17,The Dakota Access Pipeline's route and development process respected land rights and cultural heritage.,unclear,,,no,,,no,no
co,cluster,co_harm_persona,cp,hle_53,17,Opposition to the Dakota Access Pipeline is based on factual inaccuracies and logical inconsistencies.,yes,"Other (in-domain, no match)",2,no,,,other,no
co,cluster,co_harm_persona,cp,hle_54,18,California should increase domestic oil and gas production to ensure economic stability and energy security.,yes,"We need fossil fuels for economic growth, prosperity, and to maintain our standard of living. Fossil fuels are good for the economy, society, and/or the environment.",3,yes,"Patriotic Energy mix. Stresses how domestic oil and gas production benefits the nation, including energy independence, energy leadership, and the idea of supporting American energy",5,match,match
co,cluster,co_harm_persona,cp,hle_55,18,The California oil and gas industry is a vital driver of employment and public funding.,yes,Community & Resilience. Focuses on the creation and sustainability of jobs by the oil and gas industry.,4,yes,"Community & Resilience. Emphasizes how the oil and gas sector contributes to local and national economies through tax revenues, charitable efforts, and support for local businesses",5,match,match
co,cluster,co_harm_persona,cp,hle_56,18,California's domestic energy production is environmentally responsible and compatible with low-carbon goals.,yes,"Other (in-domain, no match)",4,no,,,other,no
co,cluster,co_harm_persona,cp,hle_57,19,"Pipelines are the safest, most efficient, and most environmentally sustainable method for transporting energy resources.",unclear,,,yes,"Other (in-domain, no match)",2,no,other
co,cluster,co_harm_persona,cp,hle_58,19,Advanced materials and rigorous engineering standards ensure the structural integrity and safety of pipeline infrastructure.,yes,"Other (in-domain, no match)",4,no,,,other,no
co,cluster,co_harm_persona,cp,hle_59,19,Continuous technological monitoring and professional oversight effectively mitigate environmental and operational risks.,yes,"Other (in-domain, no match)",1,no,,,other,no
co,cluster,co_harm_persona,cp,hle_6,1,Ohio's energy production enhances broader energy security and contributes to environmental and societal sustainability.,yes,"We need fossil fuels for economic growth, prosperity, and to maintain our standard of living. Fossil fuels are good for the economy, society, and/or the environment.",3,no,,,match,no
co,cluster,co_harm_persona,cp,hle_60,20,Pipeline infrastructure is essential for the economic prosperity and energy security of Texas.,yes,"We need fossil fuels for economic growth, prosperity, and to maintain our standard of living. Fossil fuels are good for the economy, society, and/or the environment.",4,yes,"Community & Resilience. Emphasizes how the oil and gas sector contributes to local and national economies through tax revenues, charitable efforts, and support for local businesses",5,match,match
co,cluster,co_harm_persona,cp,hle_61,20,Local government officials should not obstruct the construction or operation of energy pipelines.,yes,"Other (in-domain, no match)",4,yes,"Patriotic Energy mix. Stresses how domestic oil and gas production benefits the nation, including energy independence, energy leadership, and the idea of supporting American energy",5,other,match
co,cluster,co_harm_persona,cp,hle_62,20,Opposition to the Permian Highway Pipeline is driven by the spread of misinformation.,yes,"Other (in-domain, no match)",5,yes,"Other (in-domain, no match)",4,other,other
co,cluster,co_harm_persona,cp,hle_63,21,Expanding and maintaining pipeline infrastructure is essential for ensuring national and regional energy security.,yes,"Pragmatism/Pragmatic Energy mix. Portrays oil and gas as essential, reliable, affordable, and safe energy sources critical for maintaining power systems",3,yes,"Pragmatism/Pragmatic Energy mix. Portrays oil and gas as essential, reliable, affordable, and safe energy sources critical for maintaining power systems",5,match,match
co,cluster,co_harm_persona,cp,hle_64,21,Pipeline infrastructure is necessary to maintain public safety and the functional stability of daily life.,yes,"We need fossil fuels for economic growth, prosperity, and to maintain our standard of living. Fossil fuels are good for the economy, society, and/or the environment.",3,yes,"Pragmatism/Pragmatic Energy mix. Portrays oil and gas as essential, reliable, affordable, and safe energy sources critical for maintaining power systems",5,match,match
co,cluster,co_harm_persona,cp,hle_65,21,The availability of pipeline infrastructure is a fundamental driver of economic stability and community prosperity.,yes,"We need fossil fuels for economic growth, prosperity, and to maintain our standard of living. Fossil fuels are good for the economy, society, and/or the environment.",3,yes,"Community & Resilience. Emphasizes how the oil and gas sector contributes to local and national economies through tax revenues, charitable efforts, and support for local businesses",5,match,match
co,cluster,co_harm_persona,cp,hle_66,22,Pipeline infrastructure is essential for maintaining affordable energy costs and a lower cost of living.,yes,"We need fossil fuels for economic growth, prosperity, and to maintain our standard of living. Fossil fuels are necessary to meet energy demand.",2,yes,"Pragmatism/Pragmatic Energy mix. Portrays oil and gas as essential, reliable, affordable, and safe energy sources critical for maintaining power systems",5,match,match
co,cluster,co_harm_persona,cp,hle_67,22,The United States must prioritize pipeline expansion to ensure national energy security and reliability.,yes,"Patriotic Energy mix. Stresses how domestic oil and gas production benefits the nation, including energy independence, energy leadership, and the idea of supporting American energy",3,yes,"Patriotic Energy mix. Stresses how domestic oil and gas production benefits the nation, including energy independence, energy leadership, and the idea of supporting American energy",5,match,match
co,cluster,co_harm_persona,cp,hle_68,22,Efficient pipeline infrastructure increases the global competitiveness of domestic oil production.,yes,"Other (in-domain, no match)",2,no,,,other,no
co,cluster,co_harm_persona,cp,hle_69,23,The 'Restore Pennsylvania' plan will cause severe economic instability and job losses across the commonwealth.,unclear,,,yes,Community & Resilience. Focuses on the creation and sustainability of jobs by the oil and gas industry.,,no,match
co,cluster,co_harm_persona,cp,hle_7,2,Active civic participation and rigorous preparation are essential for ensuring fair political representation.,no,,,no,,2,no,no
co,cluster,co_harm_persona,cp,hle_70,23,The General Plan should be delayed or rejected to ensure linguistic accessibility and civic inclusion.,unclear,,,unclear,,2,no,no
co,cluster,co_harm_persona,cp,hle_71,23,The proposed General Plan will cause significant economic harm and reduce funding for essential public services.,unclear,,,yes,"Community & Resilience. Emphasizes how the oil and gas sector contributes to local and national economies through tax revenues, charitable efforts, and support for local businesses",4,no,match
co,cluster,co_harm_persona,cp,hle_72,24,Hydraulic fracturing is a primary driver of Colorado's economic growth and global energy leadership.,yes,"We need fossil fuels for economic growth, prosperity, and to maintain our standard of living. Fossil fuels are good for the economy, society, and/or the environment.",4,no,,,match,no
co,cluster,co_harm_persona,cp,hle_73,24,"Colorado's stringent regulatory framework ensures that energy extraction is safe, sustainable, and environmentally responsible.",yes,"Other (in-domain, no match)",3,no,,,other,no
co,cluster,co_harm_persona,cp,hle_74,24,Colorado is an ideal location for the implementation and expansion of solar power initiatives.,no,,,no,,,no,no
co,cluster,co_harm_persona,cp,hle_75,25,Environmental protection and energy security are compatible goals that can be pursued simultaneously.,no,,,no,,,no,no
co,cluster,co_harm_persona,cp,hle_76,25,"Collaborative partnerships between industry, government, and environmental organizations are the most effective means of achieving sustainability.",no,,,yes,"Other (in-domain, no match)",2,no,other
co,cluster,co_harm_persona,cp,hle_77,25,Technological innovation and market-led initiatives drive the transition to cleaner energy without compromising reliability.,yes,"Other (in-domain, no match)",3,yes,Green Innovation and Climate Solutions. Promotes 'clean' or 'green' fossil fuels as part of climate solutions,5,other,match
co,cluster,co_harm_persona,cp,hle_78,26,Consumers can mitigate the environmental impact of gasoline consumption by using carbon offset programs provided by specific fuel retailers.,unclear,,,yes,Green Innovation and Climate Solutions. Promotes 'clean' or 'green' fossil fuels as part of climate solutions,5,no,match
co,cluster,co_harm_persona,cp,hle_79,26,Individuals should adopt sustainable habits such as water conservation and tree planting to reduce their environmental impact.,no,,,no,,,no,no
co,cluster,co_harm_persona,cp,hle_8,2,Voters should utilize alternative voting methods and external resources to ensure their safety and informed decision-making.,no,,,no,,,no,no
co,cluster,co_harm_persona,cp,hle_80,26,Mililani Texaco provides essential vehicle safety checks and repair services to its customers.,no,,,no,,,no,no
co,cluster,co_harm_persona,cp,hle_81,27,The oil and gas industry operates safely and responsibly through the application of science and technology.,yes,"Other (in-domain, no match)",4,yes,"Pragmatism/Pragmatic Energy mix. Portrays oil and gas as essential, reliable, affordable, and safe energy sources critical for maintaining power systems",2,other,match
co,cluster,co_harm_persona,cp,hle_82,27,The oil and gas industry is an essential and viable partner in the transition to sustainable energy.,yes,"Pragmatism/Pragmatic Energy mix. Portrays oil and gas as essential, reliable, affordable, and safe energy sources critical for maintaining power systems",2,yes,"We need fossil fuels for economic growth, prosperity, and to maintain our standard of living. Fossil fuels are good for the economy, society, and/or the environment.",5,match,match
co,cluster,co_harm_persona,cp,hle_83,27,"The oil and gas industry is the primary provider of affordable, reliable, and secure energy for society.",yes,"Pragmatism/Pragmatic Energy mix. Portrays oil and gas as essential, reliable, affordable, and safe energy sources critical for maintaining power systems",3,yes,"We need fossil fuels for economic growth, prosperity, and to maintain our standard of living. Fossil fuels are good for the economy, society, and/or the environment.",5,match,match
co,cluster,co_harm_persona,cp,hle_84,28,The oil and gas industry provides essential financial support for public education and social services.,yes,"Community & Resilience. Emphasizes how the oil and gas sector contributes to local and national economies through tax revenues, charitable efforts, and support for local businesses",4,no,,,match,no
co,cluster,co_harm_persona,cp,hle_85,28,Industry-funded scholarships are critical for removing socioeconomic barriers to careers in the energy sector.,no,,,no,,,no,no
co,cluster,co_harm_persona,cp,hle_86,29,Increasing taxes on the oil and business sectors destabilizes the economy and jeopardizes employment.,yes,"Climate solutions are harmful or unnecessary. Climate solutions are harmful to the economy, society, and/or the environment.",5,yes,"Other (in-domain, no match)",5,match,other
co,cluster,co_harm_persona,cp,hle_87,29,Higher taxes on oil production reduce industry output and undermine regional economic competitiveness.,yes,"We need fossil fuels for economic growth, prosperity, and to maintain our standard of living. Fossil fuels are good for the economy, society, and/or the environment.",3,yes,"Other (in-domain, no match)",5,match,other
co,cluster,co_harm_persona,cp,hle_88,29,Increasing taxes on the oil and industrial sectors disproportionately harms small business operations.,yes,"Community & Resilience. Emphasizes how the oil and gas sector contributes to local and national economies through tax revenues, charitable efforts, and support for local businesses",2,yes,"Other (in-domain, no match)",5,match,other
co,cluster,co_harm_persona,cp,hle_89,30,Investment in energy and industrial infrastructure is essential for regional and national economic recovery.,yes,"We need fossil fuels for economic growth, prosperity, and to maintain our standard of living. Fossil fuels are good for the economy, society, and/or the environment.",3,yes,"Community & Resilience. Emphasizes how the oil and gas sector contributes to local and national economies through tax revenues, charitable efforts, and support for local businesses",4,match,match
co,cluster,co_harm_persona,cp,hle_9,2,The legitimacy of the electoral process depends on the comprehensive counting of all cast ballots.,no,,,no,,,no,no
co,cluster,co_harm_persona,cp,hle_90,30,Energy infrastructure projects generate significant local economic benefits through job creation and business stimulation.,yes,Community & Resilience. Focuses on the creation and sustainability of jobs by the oil and gas industry.,3,yes,Community & Resilience. Focuses on the creation and sustainability of jobs by the oil and gas industry.,5,match,match
co,cluster,co_harm_persona,cp,hle_91,30,Maximizing the benefits of industrial growth requires strategic leadership and investment in a skilled local workforce.,no,,,no,,,no,no
co,cluster,co_harm_persona,cp,hle_92,31,Domestic energy production is a primary driver of regional and national economic growth and employment.,yes,Community & Resilience. Focuses on the creation and sustainability of jobs by the oil and gas industry.,3,yes,"Patriotic Energy mix. Stresses how domestic oil and gas production benefits the nation, including energy independence, energy leadership, and the idea of supporting American energy",5,match,match
co,cluster,co_harm_persona,cp,hle_93,31,Affordable domestic energy is essential for improving living standards and revitalizing national industrial capacity.,unclear,,,no,,,no,no
co,cluster,co_harm_persona,cp,hle_94,31,Local energy interests are more decisive in swing-state electoral outcomes than national political narratives.,unclear,,,no,,,no,no
co,cluster,co_harm_persona,cp,hle_95,32,Organizations use free materials and financial incentives to drive user acquisition and platform engagement.,no,,,no,,,no,no
co,cluster,co_harm_persona,cp,hle_96,32,Providing free educational resources and tuition-free college is essential for ensuring equitable socioeconomic opportunity.,no,,,no,,,no,no
co,cluster,co_harm_persona,cp,hle_97,32,The author is actively seeking to establish strategic business partnerships across various trade and maintenance sectors.,no,,,no,,,no,no
co,cluster,co_harm_persona,cp,hle_98,33,Williams is a leading facilitator of the transition to a clean energy future.,yes,Green Innovation and Climate Solutions. Promotes 'clean' or 'green' fossil fuels as part of climate solutions,3,yes,Green Innovation and Climate Solutions. Promotes 'clean' or 'green' fossil fuels as part of climate solutions,4,match,match
co,cluster,co_harm_persona,cp,hle_99,33,Operational safety and reliability are the essential drivers of Williams' clean energy transition.,yes,"Pragmatism/Pragmatic Energy mix. Portrays oil and gas as essential, reliable, affordable, and safe energy sources critical for maintaining power systems",4,yes,Green Innovation and Climate Solutions. Promotes 'clean' or 'green' fossil fuels as part of climate solutions,3,match,match
co,graph,co_harm_persona_og,cog,hle_1,0,"Natural gas is a clean, reliable, and essential component of the transition to sustainable energy.",yes,Green Innovation and Climate Solutions. Promotes 'clean' or 'green' fossil fuels as part of climate solutions,5,yes,"Pragmatism/Pragmatic Energy mix. Portrays oil and gas as essential, reliable, affordable, and safe energy sources critical for maintaining power systems",5,match,match
co,graph,co_harm_persona_og,cog,hle_10,3,"Pipeline infrastructure is the safest, most efficient, and most environmentally sustainable method for transporting energy.",yes,"Pragmatism/Pragmatic Energy mix. Portrays oil and gas as essential, reliable, affordable, and safe energy sources critical for maintaining power systems",3,yes,"Pragmatism/Pragmatic Energy mix. Portrays oil and gas as essential, reliable, affordable, and safe energy sources critical for maintaining power systems",5,match,match
co,graph,co_harm_persona_og,cog,hle_100,31,Government bodies must ensure transparent and inclusive public participation in energy legislative processes.,no,,,no,,,no,no
co,graph,co_harm_persona_og,cog,hle_101,32,Implementing residential weatherization and HVAC maintenance significantly reduces energy costs and improves home efficiency.,no,,,no,,,no,no
co,graph,co_harm_persona_og,cog,hle_102,32,"Natural gas is a cost-effective, reliable, and sustainable energy source that enhances residential efficiency and resilience.",yes,"Pragmatism/Pragmatic Energy mix. Portrays oil and gas as essential, reliable, affordable, and safe energy sources critical for maintaining power systems",3,yes,"Pragmatism/Pragmatic Energy mix. Portrays oil and gas as essential, reliable, affordable, and safe energy sources critical for maintaining power systems",5,match,match
co,graph,co_harm_persona_og,cog,hle_103,32,Energy-themed educational activities for children are effective tools for promoting industry narratives and basic energy literacy.,unclear,,,no,,,no,no
co,graph,co_harm_persona_og,cog,hle_104,33,The government must prioritize domestic oil and gas production to ensure economic recovery and energy security.,yes,"We need fossil fuels for economic growth, prosperity, and to maintain our standard of living. Fossil fuels are good for the economy, society, and/or the environment.",5,yes,"We need fossil fuels for economic growth, prosperity, and to maintain our standard of living. Fossil fuels are plentiful and should be used.",4,match,match
co,graph,co_harm_persona_og,cog,hle_105,33,Protecting the oil and gas industry is necessary to prevent local job losses and maintain social stability.,yes,Community & Resilience. Focuses on the creation and sustainability of jobs by the oil and gas industry.,4,yes,"We need fossil fuels for economic growth, prosperity, and to maintain our standard of living. Fossil fuels are necessary to meet energy demand.",4,match,match
co,graph,co_harm_persona_og,cog,hle_106,33,Economic stimulus legislation should focus exclusively on immediate recovery rather than advancing unrelated policy goals.,yes,"Climate solutions are harmful or unnecessary. Climate solutions are harmful to the economy, society, and/or the environment.",4,no,,,match,no
co,graph,co_harm_persona_og,cog,hle_107,34,"The domestic energy industry is a primary driver of economic growth, consumer affordability, and workforce development.",yes,"We need fossil fuels for economic growth, prosperity, and to maintain our standard of living. Fossil fuels are good for the economy, society, and/or the environment.",4,yes,"Patriotic Energy mix. Stresses how domestic oil and gas production benefits the nation, including energy independence, energy leadership, and the idea of supporting American energy",5,match,match
co,graph,co_harm_persona_og,cog,hle_108,34,Free-market innovation within the energy sector is the most effective mechanism for achieving environmental and climate goals.,yes,"Green Innovation and Climate Solutions. Highlights efforts to reduce greenhouse gas emissions through internal targets, policy support, voluntary initiatives, and emissions reduction technologies",4,yes,"Other (in-domain, no match)",4,match,other
co,graph,co_harm_persona_og,cog,hle_109,34,Government regulatory interference hinders the productivity and competitiveness of the American energy industry.,yes,"Climate solutions are harmful or unnecessary. Climate solutions are harmful to the economy, society, and/or the environment.",4,yes,"Other (in-domain, no match)",4,match,other
co,graph,co_harm_persona_og,cog,hle_11,3,Expanding and maintaining pipeline infrastructure is essential for domestic energy security and economic affordability.,yes,"We need fossil fuels for economic growth, prosperity, and to maintain our standard of living. Fossil fuels are good for the economy, society, and/or the environment.",4,no,,,match,no
co,graph,co_harm_persona_og,cog,hle_110,35,Natural gas pipelines are essential infrastructure for residential energy needs and broader societal stability.,yes,"We need fossil fuels for economic growth, prosperity, and to maintain our standard of living. Fossil fuels are good for the economy, society, and/or the environment.",4,yes,"We need fossil fuels for economic growth, prosperity, and to maintain our standard of living. Fossil fuels are good for the economy, society, and/or the environment.",4,match,match
co,graph,co_harm_persona_og,cog,hle_111,35,The oil and gas industry is a necessary partner in driving technological innovation and public funding.,yes,"We need fossil fuels for economic growth, prosperity, and to maintain our standard of living. Fossil fuels are good for the economy, society, and/or the environment.",3,yes,"Other (in-domain, no match)",3,match,other
co,graph,co_harm_persona_og,cog,hle_112,35,Professional equipment and specialized services are required to ensure safety and efficiency in excavation work.,no,,,no,,,no,no
co,graph,co_harm_persona_og,cog,hle_113,36,The oil and gas industry is a primary driver of national economic strength and community prosperity.,yes,"Community & Resilience. Emphasizes how the oil and gas sector contributes to local and national economies through tax revenues, charitable efforts, and support for local businesses",3,yes,"Community & Resilience. Emphasizes how the oil and gas sector contributes to local and national economies through tax revenues, charitable efforts, and support for local businesses",5,match,match
co,graph,co_harm_persona_og,cog,hle_114,36,Public-private partnerships between energy corporations and public institutions are essential for community safety and environmental conservation.,yes,"Other (in-domain, no match)",4,yes,"Other (in-domain, no match)",3,other,other
co,graph,co_harm_persona_og,cog,hle_115,36,Energy companies act as responsible corporate citizens by providing essential financial and social support to their communities.,yes,"Community & Resilience. Emphasizes how the oil and gas sector contributes to local and national economies through tax revenues, charitable efforts, and support for local businesses",4,yes,"Community & Resilience. Emphasizes how the oil and gas sector contributes to local and national economies through tax revenues, charitable efforts, and support for local businesses",5,match,match
co,graph,co_harm_persona_og,cog,hle_116,37,Major fossil fuel companies possess the leadership and expertise necessary to solve the climate crisis.,yes,"Other (in-domain, no match)",4,yes,"Other (in-domain, no match)",5,other,other
co,graph,co_harm_persona_og,cog,hle_117,37,Corporate-led carbon offset programs effectively mitigate the environmental impact of fossil fuel consumption.,yes,"Green Innovation and Climate Solutions. Highlights efforts to reduce greenhouse gas emissions through internal targets, policy support, voluntary initiatives, and emissions reduction technologies",4,yes,"Other (in-domain, no match)",5,match,other
co,graph,co_harm_persona_og,cog,hle_118,37,Collaborative technological innovation is the most effective way to balance global energy demands with environmental sustainability.,yes,"Green Innovation and Climate Solutions. Highlights efforts to reduce greenhouse gas emissions through internal targets, policy support, voluntary initiatives, and emissions reduction technologies",3,no,,,match,no
co,graph,co_harm_persona_og,cog,hle_119,38,SB 1407 harms the Illinois economy by reducing business competitiveness and failing to improve worker safety.,yes,None (out-of-domain),4,no,,,none,no
co,graph,co_harm_persona_og,cog,hle_12,3,Texas energy production and infrastructure are fundamental to the economic strength and global leadership of the United States.,yes,"Patriotic Energy mix. Stresses how domestic oil and gas production benefits the nation, including energy independence, energy leadership, and the idea of supporting American energy",5,yes,"Patriotic Energy mix. Stresses how domestic oil and gas production benefits the nation, including energy independence, energy leadership, and the idea of supporting American energy",5,match,match
co,graph,co_harm_persona_og,cog,hle_120,38,Illinois is a vital pillar of United States national energy security and regional refining capacity.,yes,"Patriotic Energy mix. Stresses how domestic oil and gas production benefits the nation, including energy independence, energy leadership, and the idea of supporting American energy",4,no,,,match,no
co,graph,co_harm_persona_og,cog,hle_121,38,Energy workers are essential to the operational stability of healthcare providers and their own political representation.,unclear,,,no,,,no,no
co,graph,co_harm_persona_og,cog,hle_122,39,Renewable energy is not truly sustainable because it remains fundamentally dependent on fossil fuels.,yes,"Other (in-domain, no match)",4,yes,"Other (in-domain, no match)",4,other,other
co,graph,co_harm_persona_og,cog,hle_123,39,The continued extraction and use of fossil fuels are essential for global economic stability and growth.,yes,"Other (in-domain, no match)",4,yes,"We need fossil fuels for economic growth, prosperity, and to maintain our standard of living. Fossil fuels are plentiful and should be used.",5,other,match
co,graph,co_harm_persona_og,cog,hle_124,39,Natural gas and fossil fuel infrastructure are necessary catalysts for a viable transition to renewable energy.,yes,"Other (in-domain, no match)",4,yes,"We need fossil fuels for economic growth, prosperity, and to maintain our standard of living. Fossil fuels are necessary to meet energy demand.",4,other,match
co,graph,co_harm_persona_og,cog,hle_125,40,Wink to Webster is a socially responsible corporate actor that provides essential community support during crises.,yes,"Community & Resilience. Emphasizes how the oil and gas sector contributes to local and national economies through tax revenues, charitable efforts, and support for local businesses",2,yes,"Other (in-domain, no match)",4,match,other
co,graph,co_harm_persona_og,cog,hle_126,40,The Wink to Webster pipeline project is a safe and necessary infrastructure development for energy transport.,yes,"We need fossil fuels for economic growth, prosperity, and to maintain our standard of living. Fossil fuels are necessary to meet energy demand.",2,yes,"Other (in-domain, no match)",5,match,other
co,graph,co_harm_persona_og,cog,hle_127,40,Wink to Webster prioritizes actionable safety solutions and training over theoretical discussions.,unclear,,,yes,"Other (in-domain, no match)",5,no,other
co,graph,co_harm_persona_og,cog,hle_128,41,Wind energy provides significant economic and social benefits to rural communities.,no,,,no,,,no,no
co,graph,co_harm_persona_og,cog,hle_129,41,Integrating wind energy into the power mix is essential for achieving energy independence and diversification.,no,,,no,,,no,no
co,graph,co_harm_persona_og,cog,hle_13,4,The oil and gas industry is a primary driver of economic growth and high-wage employment.,yes,Community & Resilience. Focuses on the creation and sustainability of jobs by the oil and gas industry.,3,yes,Community & Resilience. Focuses on the creation and sustainability of jobs by the oil and gas industry.,5,match,match
co,graph,co_harm_persona_og,cog,hle_130,41,General Motors is driving the transition to sustainable energy through large-scale renewable investments.,yes,"Other (in-domain, no match)",4,no,,,other,no
co,graph,co_harm_persona_og,cog,hle_131,42,The Trump administration's fuel economy rules correct the regulatory overreach and economic inefficiency of previous mandates.,yes,"Climate solutions are harmful or unnecessary. Climate solutions are harmful to the economy, society, and/or the environment.",3,yes,"Other (in-domain, no match)",5,match,other
co,graph,co_harm_persona_og,cog,hle_132,42,The Trump administration's rejection of social engineering represents a positive and necessary policy direction.,yes,None (out-of-domain),2,yes,None (out-of-domain),5,none,none
co,graph,co_harm_persona_og,cog,hle_133,42,Prioritizing the oil and natural gas industry is essential for driving national employment.,yes,Community & Resilience. Focuses on the creation and sustainability of jobs by the oil and gas industry.,4,yes,Community & Resilience. Focuses on the creation and sustainability of jobs by the oil and gas industry.,5,match,match
co,graph,co_harm_persona_og,cog,hle_134,43,Superficial characteristics and stated dates are unreliable indicators of an object's actual value or quality.,no,,,no,,,no,no
co,graph,co_harm_persona_og,cog,hle_135,44,Organizational success depends on a situational leadership approach that adapts to specific contexts and individual strengths.,no,,,no,,,no,no
co,graph,co_harm_persona_og,cog,hle_136,45,Local economic interests and regional issues outweigh national political narratives in swing-state elections.,no,,,no,,,no,no
co,graph,co_harm_persona_og,cog,hle_137,46,Construction workers on the Great Lakes Tunnel Project are full-time employees.,no,,,no,,,no,no
co,graph,co_harm_persona_og,cog,hle_138,47,All-or-nothing lawmaking produces worse economic and social outcomes than flexible legislative models.,no,,,yes,None (out-of-domain),5,no,none
co,graph,co_harm_persona_og,cog,hle_139,48,Fiber optic technology is an effective tool for monitoring pipeline integrity and detecting potential failures.,no,,,no,,,no,no
co,graph,co_harm_persona_og,cog,hle_14,4,"Oil and gas production provides essential funding for public infrastructure, education, and social services.",yes,"Community & Resilience. Emphasizes how the oil and gas sector contributes to local and national economies through tax revenues, charitable efforts, and support for local businesses",4,yes,"Community & Resilience. Emphasizes how the oil and gas sector contributes to local and national economies through tax revenues, charitable efforts, and support for local businesses",5,match,match
co,graph,co_harm_persona_og,cog,hle_140,49,Mililani Texaco offers a comprehensive range of automotive repair and safety inspection services.,no,,,no,,,no,no
co,graph,co_harm_persona_og,cog,hle_141,50,Integrating UAVs into land surveying increases the accuracy and operational effectiveness of ground and aircrews.,no,,,no,,,no,no
co,graph,co_harm_persona_og,cog,hle_142,51,Running ceiling fan blades clockwise improves home heating efficiency and overall comfort.,no,,,no,,,no,no
co,graph,co_harm_persona_og,cog,hle_143,52,"Petrochemicals enhance automotive engineering by improving vehicle performance, strength, and durability.",no,,,yes,"Other (in-domain, no match)",5,no,other
co,graph,co_harm_persona_og,cog,hle_144,53,Plastic waste is a systemic management failure that requires collaborative industry-wide solutions.,no,,,no,,,no,no
co,graph,co_harm_persona_og,cog,hle_145,54,Meaningful stakeholder consultation and communication are essential for developing environmentally responsible energy infrastructure.,no,,,no,,,no,no
co,graph,co_harm_persona_og,cog,hle_146,55,Local community investment and mutual aid are essential expressions of core moral and civic values.,no,,,no,,,no,no
co,graph,co_harm_persona_og,cog,hle_147,56,A specific energy source provides a significant portion of total electricity production.,no,,,no,,,no,no
co,graph,co_harm_persona_og,cog,hle_148,57,Operations at the Shoen Road site have not contaminated the local drinking water supply.,yes,"Other (in-domain, no match)",3,no,,,other,no
co,graph,co_harm_persona_og,cog,hle_149,58,The current framework for meeting community needs is unsustainable and requires a strategic overhaul.,no,,,no,,,no,no
co,graph,co_harm_persona_og,cog,hle_15,4,Government regulations and restrictions on energy production threaten national security and economic stability.,yes,"Climate solutions are harmful or unnecessary. Climate solutions are harmful to the economy, society, and/or the environment.",5,yes,"Climate solutions are harmful or unnecessary. Climate solutions are harmful to the economy, society, and/or the environment.",4,match,match
co,graph,co_harm_persona_og,cog,hle_150,59,Market-driven production is superior to coordinated output restrictions and production quotas.,yes,"Climate solutions are harmful or unnecessary. Climate solutions are harmful to the economy, society, and/or the environment.",2,yes,None (out-of-domain),5,match,none
co,graph,co_harm_persona_og,cog,hle_151,60,Legislative bans are ineffective tools for achieving long-term environmental protection.,yes,"Other (in-domain, no match)",3,yes,"Climate solutions are harmful or unnecessary. Climate solutions are harmful to the economy, society, and/or the environment.",5,other,match
co,graph,co_harm_persona_og,cog,hle_152,61,U.S. energy production is a cleaner and more sustainable alternative to that of global competitors.,yes,"Other (in-domain, no match)",2,yes,"Other (in-domain, no match)",5,other,other
co,graph,co_harm_persona_og,cog,hle_153,62,Strategic growth and future potential must take precedence over historical precedents in the current era.,unclear,,,no,,,no,no
co,graph,co_harm_persona_og,cog,hle_154,63,Homeowners should install natural gas-powered backup energy systems to ensure residential resilience during emergencies.,yes,"Pragmatism/Pragmatic Energy mix. Portrays oil and gas as essential, reliable, affordable, and safe energy sources critical for maintaining power systems",4,no,,,match,no
co,graph,co_harm_persona_og,cog,hle_155,64,Implementing residential water efficiency measures reduces annual carbon dioxide emissions.,no,,,no,,,no,no
co,graph,co_harm_persona_og,cog,hle_156,65,Oil and natural gas products are essential components in the manufacturing of medical protective equipment.,yes,Pragmatism/Pragmatic Energy mix. Emphasizes the importance of oil and gas as raw materials for various non-power-related uses and manufactured goods.,5,yes,"Other (in-domain, no match)",5,match,other
co,graph,co_harm_persona_og,cog,hle_157,66,Local energy consumption is heavily dependent on regional natural gas production and infrastructure.,yes,"We need fossil fuels for economic growth, prosperity, and to maintain our standard of living. Fossil fuels are necessary to meet energy demand.",4,yes,"Community & Resilience. Emphasizes how the oil and gas sector contributes to local and national economies through tax revenues, charitable efforts, and support for local businesses",3,match,match
co,graph,co_harm_persona_og,cog,hle_158,67,The free market is the most effective mechanism for regulating and determining optimal industrial production levels.,yes,"Other (in-domain, no match)",3,yes,None (out-of-domain),5,other,none
co,graph,co_harm_persona_og,cog,hle_159,68,Responsible energy production is a primary driver for improving global human quality of life.,no,,,no,,,no,no
co,graph,co_harm_persona_og,cog,hle_16,5,Domestic oil and gas production is a primary driver of broad economic growth and stability.,yes,"We need fossil fuels for economic growth, prosperity, and to maintain our standard of living. Fossil fuels are good for the economy, society, and/or the environment.",4,yes,"We need fossil fuels for economic growth, prosperity, and to maintain our standard of living. Fossil fuels are plentiful and should be used.",5,match,match
co,graph,co_harm_persona_og,cog,hle_160,69,Energy Citizens serves as a dedicated support and information hub for oil and gas workers.,no,,,no,,,no,no
co,graph,co_harm_persona_og,cog,hle_161,70,Government-mandated energy production limits cause long-term economic harm despite providing short-term relief.,yes,"Climate solutions are harmful or unnecessary. Climate solutions are harmful to the economy, society, and/or the environment.",3,yes,"Climate solutions are harmful or unnecessary. Climate solutions are harmful to the economy, society, and/or the environment.",5,match,match
co,graph,co_harm_persona_og,cog,hle_162,71,Fossil fuel extraction is a primary and necessary driver of state-level economic progress and social welfare.,yes,"We need fossil fuels for economic growth, prosperity, and to maintain our standard of living. Fossil fuels are good for the economy, society, and/or the environment.",4,yes,"Community & Resilience. Emphasizes how the oil and gas sector contributes to local and national economies through tax revenues, charitable efforts, and support for local businesses",5,match,match
co,graph,co_harm_persona_og,cog,hle_163,72,Energy instability and high costs result from a lack of balance in energy management.,no,,,no,,,no,no
co,graph,co_harm_persona_og,cog,hle_164,73,The current period of recovery requires the maintenance of systemic stability over drastic structural change.,unclear,,,no,,,no,no
co,graph,co_harm_persona_og,cog,hle_165,74,The current energy system requires a more balanced approach to ensure stability and affordability.,yes,"Other (in-domain, no match)",2,no,,,other,no
co,graph,co_harm_persona_og,cog,hle_166,75,Following the page is a mandatory requirement for eligibility to win free stickers.,no,,,no,,,no,no
co,graph,co_harm_persona_og,cog,hle_167,76,Local communities have a moral obligation to provide comprehensive support to victims of violent crime.,no,,,no,,,no,no
co,graph,co_harm_persona_og,cog,hle_168,77,Supervisor Zaragoza must provide translated materials to ensure equitable Latino participation in local governance.,no,,,no,,,no,no
co,graph,co_harm_persona_og,cog,hle_169,78,The project's operational strategy prioritizes the mitigation of negative externalities for private landowners.,no,,,no,,,no,no
co,graph,co_harm_persona_og,cog,hle_17,5,The Transportation & Climate Initiative effectively balances emissions reduction with economic and infrastructural expansion.,no,,,no,,,no,no
co,graph,co_harm_persona_og,cog,hle_170,79,Regulatory reform of the Corporate Average Fuel Economy rule provides economic relief.,yes,"Climate solutions are harmful or unnecessary. Climate solutions are harmful to the economy, society, and/or the environment.",3,no,,,match,no
co,graph,co_harm_persona_og,cog,hle_171,80,Early votes cast within the specified window will be counted on election night.,no,,,no,,,no,no
co,graph,co_harm_persona_og,cog,hle_172,81,Environmental mandates should be based on market realities rather than government-imposed targets.,unclear,,,yes,"Climate solutions are harmful or unnecessary. Climate solutions are harmful to the economy, society, and/or the environment.",5,no,match
co,graph,co_harm_persona_og,cog,hle_173,82,Williams employees organized a fishing event to commemorate fallen heroes.,no,,,,,,no,no
co,graph,co_harm_persona_og,cog,hle_174,83,Public-private partnerships are an effective mechanism for funding the expansion of wildlife and nature conservation.,no,,,no,,,no,no
co,graph,co_harm_persona_og,cog,hle_175,84,The tunnel project is fully justified by both technical evidence and broad stakeholder consensus.,no,,,no,,,no,no
co,graph,co_harm_persona_og,cog,hle_176,85,The Transportation and Climate Initiative should be formally codified into law.,no,,,no,,,no,no
co,graph,co_harm_persona_og,cog,hle_177,86,New Mexico's permanent funds are providing record-level financial support to state public services.,no,,,no,,,no,no
co,graph,co_harm_persona_og,cog,hle_178,87,Consistent year-round practice of energy efficiency techniques provides sustained benefits.,no,,,no,,,no,no
co,graph,co_harm_persona_og,cog,hle_179,88,The distribution of government stimulus funds increases the prevalence of utility-related scams.,unclear,,,yes,None (out-of-domain),5,no,none
co,graph,co_harm_persona_og,cog,hle_18,5,Technological innovation allows the energy industry to achieve simultaneous economic growth and environmental sustainability.,no,,,no,,,no,no
co,graph,co_harm_persona_og,cog,hle_180,89,Implementing specific energy resolutions will improve the quality of life for Michigan residents.,no,,,no,,,no,no
co,graph,co_harm_persona_og,cog,hle_181,90,Reversing ceiling fan direction lowers the energy demand of home heating systems.,no,,,no,,,no,no
co,graph,co_harm_persona_og,cog,hle_182,91,DTE customers will see a reduction in their overall winter energy expenditures.,no,,,no,,,no,no
co,graph,co_harm_persona_og,cog,hle_183,92,The 'One Alaska' movement utilizes public political branding to signal and cultivate widespread support.,no,,,no,,,no,no
co,graph,co_harm_persona_og,cog,hle_184,93,The oil and gas workforce is experiencing a demographic shift toward increased female participation.,no,,,no,,,no,no
co,graph,co_harm_persona_og,cog,hle_185,94,Membership in the TNG Facebook group is a mandatory requirement for entering monthly prize giveaways.,no,,,no,,,no,no
co,graph,co_harm_persona_og,cog,hle_186,95,Domestic propane production is essential for the manufacturing of critical medical and hygiene supplies.,yes,Pragmatism/Pragmatic Energy mix. Emphasizes the importance of oil and gas as raw materials for various non-power-related uses and manufactured goods.,5,yes,"Other (in-domain, no match)",4,match,other
co,graph,co_harm_persona_og,cog,hle_187,96,The pipeline developers fulfilled their ethical and legal obligations to protect historic and cultural sites.,unclear,,,yes,"Other (in-domain, no match)",3,no,other
co,graph,co_harm_persona_og,cog,hle_188,97,The project's labor force is a critical driver of its overall success.,no,,,no,,,no,no
co,graph,co_harm_persona_og,cog,hle_189,98,The existing energy distribution infrastructure is critical for ensuring energy affordability for consumers.,yes,"Other (in-domain, no match)",3,yes,"We need fossil fuels for economic growth, prosperity, and to maintain our standard of living. Fossil fuels are necessary to meet energy demand.",5,other,match
co,graph,co_harm_persona_og,cog,hle_19,6,"Energy infrastructure operations are essential for maintaining public health, national security, and critical medical supply chains.",no,,,no,,,no,no
co,graph,co_harm_persona_og,cog,hle_190,99,Natural gas liquid pipelines are critical infrastructure for manufacturing essential sports and safety equipment.,yes,Pragmatism/Pragmatic Energy mix. Emphasizes the importance of oil and gas as raw materials for various non-power-related uses and manufactured goods.,4,yes,"We need fossil fuels for economic growth, prosperity, and to maintain our standard of living. Fossil fuels are good for the economy, society, and/or the environment.",5,match,match
co,graph,co_harm_persona_og,cog,hle_191,100,Expanding natural gas pipeline development enhances regional public welfare.,yes,"Community & Resilience. Emphasizes how the oil and gas sector contributes to local and national economies through tax revenues, charitable efforts, and support for local businesses",3,yes,"We need fossil fuels for economic growth, prosperity, and to maintain our standard of living. Fossil fuels are good for the economy, society, and/or the environment.",5,match,match
co,graph,co_harm_persona_og,cog,hle_192,101,Industry-led coalitions are the most effective mechanism for scaling and implementing environmental solutions.,yes,"Other (in-domain, no match)",3,yes,"Other (in-domain, no match)",5,other,other
co,graph,co_harm_persona_og,cog,hle_193,102,The state's economic security depends on the preservation of oil and gas employment.,yes,"We need fossil fuels for economic growth, prosperity, and to maintain our standard of living. Fossil fuels are good for the economy, society, and/or the environment.",4,yes,"We need fossil fuels for economic growth, prosperity, and to maintain our standard of living. Fossil fuels are good for the economy, society, and/or the environment.",4,match,match
co,graph,co_harm_persona_og,cog,hle_194,103,The Governor should exercise executive authority to block the implementation of these regulations.,unclear,,,no,,,no,no
co,graph,co_harm_persona_og,cog,hle_195,104,Increased investment in energy research drives the development of innovative energy breakthroughs.,no,,,no,,,no,no
co,graph,co_harm_persona_og,cog,hle_196,105,The Mālama Learning Center should serve as a distribution hub for free tree giveaways.,no,,,no,,,no,no
co,graph,co_harm_persona_og,cog,hle_197,106,Carbon dioxide emission levels have reached their lowest point in a generation.,yes,"Other (in-domain, no match)",4,yes,Global warming is not happing. There has been a hiatus or pause in global warming. The climate has not warmed or changed very much over the past few decades.,5,other,match
co,graph,co_harm_persona_og,cog,hle_198,107,U.S. oil and natural gas production provides significant economic benefit through high-paying domestic employment.,yes,Community & Resilience. Focuses on the creation and sustainability of jobs by the oil and gas industry.,5,yes,Community & Resilience. Focuses on the creation and sustainability of jobs by the oil and gas industry.,5,match,match
co,graph,co_harm_persona_og,cog,hle_199,108,Private sector energy companies are essential partners in the implementation of carbon reduction strategies.,no,,,yes,"Other (in-domain, no match)",5,no,other
co,graph,co_harm_persona_og,cog,hle_2,0,Oil and natural gas production is a primary driver of economic prosperity and public infrastructure funding.,yes,"Community & Resilience. Emphasizes how the oil and gas sector contributes to local and national economies through tax revenues, charitable efforts, and support for local businesses",4,yes,"We need fossil fuels for economic growth, prosperity, and to maintain our standard of living. Fossil fuels are good for the economy, society, and/or the environment.",5,match,match
co,graph,co_harm_persona_og,cog,hle_20,6,Advanced monitoring technologies and rigorous engineering standards ensure the safety and environmental sustainability of pipeline systems.,yes,"Other (in-domain, no match)",3,no,,,other,no
co,graph,co_harm_persona_og,cog,hle_200,109,Market-led innovation is the most effective mechanism for developing cleaner and more reliable energy systems.,yes,"Other (in-domain, no match)",4,yes,"Other (in-domain, no match)",5,other,other
co,graph,co_harm_persona_og,cog,hle_201,110,Technological innovations in hydraulic fracturing drove an increase in the demand for Wisconsin sand.,no,,,no,,,no,no
co,graph,co_harm_persona_og,cog,hle_202,111,Western Wisconsin possesses high-quality industrial sand deposits suitable for commercial quarrying.,no,,,no,,,no,no
co,graph,co_harm_persona_og,cog,hle_203,112,Advanced monitoring technologies ensure the safety and reliability of American pipeline infrastructure.,yes,"Other (in-domain, no match)",3,no,,,other,no
co,graph,co_harm_persona_og,cog,hle_204,113,Petrochemical products are fundamentally integrated into the infrastructure of modern consumer life.,yes,"Other (in-domain, no match)",2,no,,,other,no
co,graph,co_harm_persona_og,cog,hle_205,114,The delay of the Line 3 pipeline project constitutes a violation of private property rights.,yes,"Other (in-domain, no match)",2,yes,None (out-of-domain),2,other,none
co,graph,co_harm_persona_og,cog,hle_206,115,Traditional energy infrastructure must be maintained to meet current and future global energy demands.,yes,"We need fossil fuels for economic growth, prosperity, and to maintain our standard of living. Fossil fuels are necessary to meet energy demand.",5,yes,"We need fossil fuels for economic growth, prosperity, and to maintain our standard of living. Fossil fuels are plentiful and should be used.",5,match,match
co,graph,co_harm_persona_og,cog,hle_207,116,A federal ban on fracking would hinder the progress of United States energy development.,yes,"Patriotic Energy mix. Stresses how domestic oil and gas production benefits the nation, including energy independence, energy leadership, and the idea of supporting American energy",3,yes,"We need fossil fuels for economic growth, prosperity, and to maintain our standard of living. Fossil fuels are necessary to meet energy demand.",5,match,match
co,graph,co_harm_persona_og,cog,hle_208,117,The present moment represents a critical turning point that transcends historical precedents.,no,,,no,,,no,no
co,graph,co_harm_persona_og,cog,hle_209,118,Future growth potential is more significant than the constraints imposed by past experiences.,unclear,,,no,,,no,no
co,graph,co_harm_persona_og,cog,hle_21,6,Energy Transfer is a socially responsible corporate citizen that actively invests in community safety and emergency services.,yes,"Other (in-domain, no match)",3,no,,,other,no
co,graph,co_harm_persona_og,cog,hle_210,119,The realization of an entity's full potential depends on the maximization of available opportunities.,unclear,,,no,,,no,no
co,graph,co_harm_persona_og,cog,hle_211,120,John Zaragoza should stop attempting to change the existing energy pricing structures.,unclear,,,no,,,no,no
co,graph,co_harm_persona_og,cog,hle_212,121,The total area of forest cover in America has increased over the last century.,no,,,no,,,no,no
co,graph,co_harm_persona_og,cog,hle_213,122,Maintaining current energy policy is essential for preserving American energy strength.,yes,"Patriotic Energy mix. Stresses how domestic oil and gas production benefits the nation, including energy independence, energy leadership, and the idea of supporting American energy",4,yes,"We need fossil fuels for economic growth, prosperity, and to maintain our standard of living. Fossil fuels are necessary to meet energy demand.",5,match,match
co,graph,co_harm_persona_og,cog,hle_214,123,Local energy infrastructure is a primary driver of regional energy supply.,no,,,no,,,no,no
co,graph,co_harm_persona_og,cog,hle_215,124,Essential energy sector workers are critical to the maintenance of national infrastructure.,no,,,no,,,no,no
co,graph,co_harm_persona_og,cog,hle_216,125,Expanding the natural gas customer base is compatible with achieving environmental sustainability goals.,yes,"Other (in-domain, no match)",3,no,,,other,no
co,graph,co_harm_persona_og,cog,hle_217,126,Adopting natural gas energy solutions improves the operational efficiency and cost-effectiveness of institutional providers.,yes,"Other (in-domain, no match)",2,no,,,other,no
co,graph,co_harm_persona_og,cog,hle_218,127,The proposed oil tax ballot measure should be opposed.,unclear,,,no,,,no,no
co,graph,co_harm_persona_og,cog,hle_219,128,The proposed oil tax increase is harmful and should be defeated.,yes,"Other (in-domain, no match)",2,yes,"Other (in-domain, no match)",5,other,other
co,graph,co_harm_persona_og,cog,hle_22,7,Oil and gas production is the essential financial foundation for New Mexico's public services and education.,yes,"Community & Resilience. Emphasizes how the oil and gas sector contributes to local and national economies through tax revenues, charitable efforts, and support for local businesses",3,yes,"Community & Resilience. Emphasizes how the oil and gas sector contributes to local and national economies through tax revenues, charitable efforts, and support for local businesses",5,match,match
co,graph,co_harm_persona_og,cog,hle_220,129,The Earth's climate is currently undergoing a period of change.,no,,,no,,,no,no
co,graph,co_harm_persona_og,cog,hle_221,130,Current government regulations are effective and provide a viable model for other jurisdictions.,unclear,,,no,,,no,no
co,graph,co_harm_persona_og,cog,hle_222,131,The current pipeline infrastructure remains safe for continued operational use.,no,,,no,,,no,no
co,graph,co_harm_persona_og,cog,hle_223,132,Global and regional carbon emissions growth is currently decelerating.,yes,"Other (in-domain, no match)",4,yes,Global warming is not happing. There has been a hiatus or pause in global warming. The climate has not warmed or changed very much over the past few decades.,5,other,match
co,graph,co_harm_persona_og,cog,hle_224,133,The development of oil and gas resources should be protected.,yes,"We need fossil fuels for economic growth, prosperity, and to maintain our standard of living. Fossil fuels are good for the economy, society, and/or the environment.",2,yes,"Other (in-domain, no match)",3,match,other
co,graph,co_harm_persona_og,cog,hle_225,134,The prioritization and support of low-cost energy sources are essential for societal progress.,yes,"We need fossil fuels for economic growth, prosperity, and to maintain our standard of living. Fossil fuels are good for the economy, society, and/or the environment.",4,no,,,match,no
co,graph,co_harm_persona_og,cog,hle_226,135,Global carbon dioxide emission levels have undergone a significant reduction.,yes,"Other (in-domain, no match)",4,yes,Global warming is not happing. There has been a hiatus or pause in global warming. The climate has not warmed or changed very much over the past few decades.,5,other,match
co,graph,co_harm_persona_og,cog,hle_227,136,Ongoing investment in natural gas technology is essential to maximize its operational efficiency.,yes,"Pragmatism/Pragmatic Energy mix. Portrays oil and gas as essential, reliable, affordable, and safe energy sources critical for maintaining power systems",4,no,,,match,no
co,graph,co_harm_persona_og,cog,hle_228,137,The 'New Mexico True' bumper sticker is provided to the public at no cost.,no,,,no,,,no,no
co,graph,co_harm_persona_og,cog,hle_229,138,Professional planning of excavation activities is essential for ensuring operational safety and efficiency.,no,,,no,,,no,no
co,graph,co_harm_persona_og,cog,hle_23,7,Hydraulic fracturing is a safe and necessary technology for New Mexico's economic stability and energy security.,yes,"Pragmatism/Pragmatic Energy mix. Portrays oil and gas as essential, reliable, affordable, and safe energy sources critical for maintaining power systems",3,yes,"We need fossil fuels for economic growth, prosperity, and to maintain our standard of living. Fossil fuels are necessary to meet energy demand.",5,match,match
co,graph,co_harm_persona_og,cog,hle_230,139,The energy provider maintains a demonstrated history of operational safety and reliability.,no,,,no,,,no,no
co,graph,co_harm_persona_og,cog,hle_231,140,The current state of American forestry represents a successful model of resource management.,yes,None (out-of-domain),2,no,,,none,no
co,graph,co_harm_persona_og,cog,hle_232,141,The Fair Share Act is based on deceptive premises and should be opposed.,unclear,,,unclear,,,no,no
co,graph,co_harm_persona_og,cog,hle_24,7,Government restrictions on energy production unfairly undermine local economic growth and public funding.,yes,"Climate solutions are harmful or unnecessary. Climate solutions are harmful to the economy, society, and/or the environment.",4,yes,"Other (in-domain, no match)",5,match,other
co,graph,co_harm_persona_og,cog,hle_25,8,Ballot Measure 1 is a reckless proposal that threatens Alaska's economic stability and fiscal future.,yes,"Climate solutions are harmful or unnecessary. Climate solutions are harmful to the economy, society, and/or the environment.",3,unclear,,,match,no
co,graph,co_harm_persona_og,cog,hle_26,8,The oil and gas industry is the essential driver of Alaska's prosperity and must be protected.,yes,"We need fossil fuels for economic growth, prosperity, and to maintain our standard of living. Fossil fuels are good for the economy, society, and/or the environment.",4,yes,"We need fossil fuels for economic growth, prosperity, and to maintain our standard of living. Fossil fuels are good for the economy, society, and/or the environment.",,match,match
co,graph,co_harm_persona_og,cog,hle_27,8,Alaskans must unite through OneALASKA to prioritize regional interests over external influences.,unclear,,,no,,,no,no
co,graph,co_harm_persona_og,cog,hle_28,9,"Domestic oil and gas production is essential for ensuring energy affordability, reliability, and national security.",yes,"We need fossil fuels for economic growth, prosperity, and to maintain our standard of living. Fossil fuels are good for the economy, society, and/or the environment.",3,yes,"Pragmatism/Pragmatic Energy mix. Portrays oil and gas as essential, reliable, affordable, and safe energy sources critical for maintaining power systems",4,match,match
co,graph,co_harm_persona_og,cog,hle_29,9,The oil and gas industry serves as a critical driver of regional and national economic stability.,yes,"Community & Resilience. Emphasizes how the oil and gas sector contributes to local and national economies through tax revenues, charitable efforts, and support for local businesses",3,yes,"Community & Resilience. Emphasizes how the oil and gas sector contributes to local and national economies through tax revenues, charitable efforts, and support for local businesses",4,match,match
co,graph,co_harm_persona_og,cog,hle_3,0,Natural gas is the most affordable and practical energy solution for residential and commercial users.,yes,"Pragmatism/Pragmatic Energy mix. Portrays oil and gas as essential, reliable, affordable, and safe energy sources critical for maintaining power systems",3,yes,"We need fossil fuels for economic growth, prosperity, and to maintain our standard of living. Fossil fuels are necessary to meet energy demand.",4,match,match
co,graph,co_harm_persona_og,cog,hle_30,9,Market-driven energy production is superior to government regulation and restrictive environmental mandates.,yes,"Other (in-domain, no match)",4,yes,"Other (in-domain, no match)",5,other,other
co,graph,co_harm_persona_og,cog,hle_31,10,Citizens must proactively engage in the electoral process to ensure political representation and influence.,no,,,no,,,no,no
co,graph,co_harm_persona_og,cog,hle_32,10,Alternative voting methods are necessary and safe alternatives to the risks associated with in-person polling.,no,,,no,,,no,no
co,graph,co_harm_persona_og,cog,hle_33,10,Voters should utilize specialized information resources to make informed decisions on candidates and policy measures.,no,,,no,,,no,no
co,graph,co_harm_persona_og,cog,hle_34,10,Voters should prioritize policies and candidates that expand domestic energy production and infrastructure.,no,,,yes,"We need fossil fuels for economic growth, prosperity, and to maintain our standard of living. Fossil fuels are good for the economy, society, and/or the environment.",4,no,match
co,graph,co_harm_persona_og,cog,hle_35,11,The oil and natural gas industry is a fundamental pillar of economic stability and public prosperity.,yes,"We need fossil fuels for economic growth, prosperity, and to maintain our standard of living. Fossil fuels are good for the economy, society, and/or the environment.",4,yes,"Community & Resilience. Emphasizes how the oil and gas sector contributes to local and national economies through tax revenues, charitable efforts, and support for local businesses",4,match,match
co,graph,co_harm_persona_og,cog,hle_36,11,The oil and natural gas industry is essential for maintaining modern civilization and ensuring societal security.,yes,"We need fossil fuels for economic growth, prosperity, and to maintain our standard of living. Fossil fuels are good for the economy, society, and/or the environment.",4,yes,"We need fossil fuels for economic growth, prosperity, and to maintain our standard of living. Fossil fuels are good for the economy, society, and/or the environment.",5,match,match
co,graph,co_harm_persona_og,cog,hle_37,11,The oil and natural gas industry is a responsible leader in environmental conservation and the clean energy transition.,yes,"Other (in-domain, no match)",4,yes,"Pragmatism/Pragmatic Energy mix. Portrays oil and gas as essential, reliable, affordable, and safe energy sources critical for maintaining power systems",3,other,match
co,graph,co_harm_persona_og,cog,hle_38,12,Restrictions on the oil and gas industry cause severe economic instability and widespread job losses.,yes,"Other (in-domain, no match)",3,yes,"Community & Resilience. Emphasizes how the oil and gas sector contributes to local and national economies through tax revenues, charitable efforts, and support for local businesses",5,other,match
co,graph,co_harm_persona_og,cog,hle_39,12,"Domestic energy production is essential for national security, economic competitiveness, and the provision of basic necessities.",yes,"Patriotic Energy mix. Stresses how domestic oil and gas production benefits the nation, including energy independence, energy leadership, and the idea of supporting American energy",3,yes,"Patriotic Energy mix. Stresses how domestic oil and gas production benefits the nation, including energy independence, energy leadership, and the idea of supporting American energy",4,match,match
co,graph,co_harm_persona_og,cog,hle_4,1,Natural gas is a necessary transitional fuel that enables a reliable shift to clean energy.,yes,"Other (in-domain, no match)",4,yes,"Pragmatism/Pragmatic Energy mix. Portrays oil and gas as essential, reliable, affordable, and safe energy sources critical for maintaining power systems",3,other,match
co,graph,co_harm_persona_og,cog,hle_40,12,Texas must maintain its dominant role in the energy industry to preserve its global economic leadership.,yes,"We need fossil fuels for economic growth, prosperity, and to maintain our standard of living. Fossil fuels are good for the economy, society, and/or the environment.",3,yes,"Patriotic Energy mix. Stresses how domestic oil and gas production benefits the nation, including energy independence, energy leadership, and the idea of supporting American energy",4,match,match
co,graph,co_harm_persona_og,cog,hle_41,13,The Great Lakes Tunnel is the most effective solution for ensuring environmental safety and protecting waterways.,no,,,yes,"Pragmatism/Pragmatic Energy mix. Portrays oil and gas as essential, reliable, affordable, and safe energy sources critical for maintaining power systems",2,no,match
co,graph,co_harm_persona_og,cog,hle_42,13,The Great Lakes Tunnel is essential for Michigan's energy security and long-term economic stability.,unclear,,,yes,"Pragmatism/Pragmatic Energy mix. Portrays oil and gas as essential, reliable, affordable, and safe energy sources critical for maintaining power systems",2,no,match
co,graph,co_harm_persona_og,cog,hle_43,13,The Great Lakes Tunnel is a viable infrastructure project that warrants broad stakeholder support.,no,,,no,,,no,no
co,graph,co_harm_persona_og,cog,hle_44,14,Energy policy must prioritize the reliability and affordability of current supplies over rapid systemic transitions.,yes,"Pragmatism/Pragmatic Energy mix. Portrays oil and gas as essential, reliable, affordable, and safe energy sources critical for maintaining power systems",3,no,,,match,no
co,graph,co_harm_persona_og,cog,hle_45,14,Domestic fossil fuel production and pipeline infrastructure are essential drivers of regional economic growth.,yes,"Community & Resilience. Emphasizes how the oil and gas sector contributes to local and national economies through tax revenues, charitable efforts, and support for local businesses",4,yes,"Community & Resilience. Emphasizes how the oil and gas sector contributes to local and national economies through tax revenues, charitable efforts, and support for local businesses",5,match,match
co,graph,co_harm_persona_og,cog,hle_46,14,Voting is a critical strategic tool for energy sector employees to protect the industry and shape policy.,no,,,yes,"Other (in-domain, no match)",5,no,other
co,graph,co_harm_persona_og,cog,hle_47,15,"Domestic oil and natural gas production is essential for societal stability, public health, and economic prosperity.",yes,"We need fossil fuels for economic growth, prosperity, and to maintain our standard of living. Fossil fuels are good for the economy, society, and/or the environment.",4,yes,"Pragmatism/Pragmatic Energy mix. Portrays oil and gas as essential, reliable, affordable, and safe energy sources critical for maintaining power systems",5,match,match
co,graph,co_harm_persona_og,cog,hle_48,15,Natural gas utilities are primary drivers of environmental progress through emissions reductions and energy efficiency.,yes,"Green Innovation and Climate Solutions. Highlights efforts to reduce greenhouse gas emissions through internal targets, policy support, voluntary initiatives, and emissions reduction technologies",4,yes,"Green Innovation and Climate Solutions. Highlights efforts to reduce greenhouse gas emissions through internal targets, policy support, voluntary initiatives, and emissions reduction technologies",5,match,match
co,graph,co_harm_persona_og,cog,hle_49,15,The public should actively support and protect the domestic energy industry and its infrastructure.,no,,,yes,"Patriotic Energy mix. Stresses how domestic oil and gas production benefits the nation, including energy independence, energy leadership, and the idea of supporting American energy",5,no,match
co,graph,co_harm_persona_og,cog,hle_5,1,Energy companies are leading the transition to sustainability through operational improvements and carbon reduction goals.,yes,"Green Innovation and Climate Solutions. Highlights efforts to reduce greenhouse gas emissions through internal targets, policy support, voluntary initiatives, and emissions reduction technologies",5,yes,"Green Innovation and Climate Solutions. Highlights efforts to reduce greenhouse gas emissions through internal targets, policy support, voluntary initiatives, and emissions reduction technologies",5,match,match
co,graph,co_harm_persona_og,cog,hle_50,16,Domestic oil and gas production is essential for regional economic stability and the funding of public services.,yes,"Community & Resilience. Emphasizes how the oil and gas sector contributes to local and national economies through tax revenues, charitable efforts, and support for local businesses",4,yes,"Patriotic Energy mix. Stresses how domestic oil and gas production benefits the nation, including energy independence, energy leadership, and the idea of supporting American energy",5,match,match
co,graph,co_harm_persona_og,cog,hle_51,16,Restrictive energy policies and planning processes must be rejected or delayed to ensure economic viability and public transparency.,yes,"Climate solutions are harmful or unnecessary. Climate solutions are harmful to the economy, society, and/or the environment.",3,yes,"Other (in-domain, no match)",5,match,other
co,graph,co_harm_persona_og,cog,hle_52,16,"Energy corporations and their employees serve as vital, socially responsible contributors to community welfare and national security.",yes,"Community & Resilience. Emphasizes how the oil and gas sector contributes to local and national economies through tax revenues, charitable efforts, and support for local businesses",3,yes,"Community & Resilience. Emphasizes how the oil and gas sector contributes to local and national economies through tax revenues, charitable efforts, and support for local businesses",5,match,match
co,graph,co_harm_persona_og,cog,hle_53,17,The United States can simultaneously increase fossil fuel production and lead the global reduction of greenhouse gas emissions.,yes,Green Innovation and Climate Solutions. Promotes 'clean' or 'green' fossil fuels as part of climate solutions,2,yes,Green Innovation and Climate Solutions. Promotes 'clean' or 'green' fossil fuels as part of climate solutions,5,match,match
co,graph,co_harm_persona_og,cog,hle_54,17,"Domestic natural gas and pipeline infrastructure are essential for economic stability, public health, and residential quality of life.",yes,"We need fossil fuels for economic growth, prosperity, and to maintain our standard of living. Fossil fuels are good for the economy, society, and/or the environment.",3,yes,"Pragmatism/Pragmatic Energy mix. Portrays oil and gas as essential, reliable, affordable, and safe energy sources critical for maintaining power systems",5,match,match
co,graph,co_harm_persona_og,cog,hle_55,17,Rigorous industry standards and professional expertise ensure the safety and reliability of natural gas infrastructure.,yes,"Pragmatism/Pragmatic Energy mix. Portrays oil and gas as essential, reliable, affordable, and safe energy sources critical for maintaining power systems",4,no,,,match,no
co,graph,co_harm_persona_og,cog,hle_56,18,Energy infrastructure projects like MHIC and Mariner East 2 drive Pennsylvania's economic growth and workforce development.,yes,"Community & Resilience. Emphasizes how the oil and gas sector contributes to local and national economies through tax revenues, charitable efforts, and support for local businesses",4,no,,,match,no
co,graph,co_harm_persona_og,cog,hle_57,18,The transportation and processing of natural gas liquids are essential for public health and the production of critical medical supplies.,yes,Pragmatism/Pragmatic Energy mix. Emphasizes the importance of oil and gas as raw materials for various non-power-related uses and manufactured goods.,4,yes,"Other (in-domain, no match)",5,match,other
co,graph,co_harm_persona_og,cog,hle_58,18,"The oil and gas industry provides significant social, environmental, and safety benefits through corporate responsibility and skilled labor.",yes,"Community & Resilience. Emphasizes how the oil and gas sector contributes to local and national economies through tax revenues, charitable efforts, and support for local businesses",3,yes,"Community & Resilience. Emphasizes how the oil and gas sector contributes to local and national economies through tax revenues, charitable efforts, and support for local businesses",4,match,match
co,graph,co_harm_persona_og,cog,hle_59,19,Industrial energy infrastructure is a primary driver of regional economic prosperity and job creation.,yes,Community & Resilience. Focuses on the creation and sustainability of jobs by the oil and gas industry.,3,yes,Community & Resilience. Focuses on the creation and sustainability of jobs by the oil and gas industry.,5,match,match
co,graph,co_harm_persona_og,cog,hle_6,1,Energy infrastructure operations provide essential economic and social benefits to the communities where they operate.,yes,"Community & Resilience. Emphasizes how the oil and gas sector contributes to local and national economies through tax revenues, charitable efforts, and support for local businesses",3,yes,"Community & Resilience. Emphasizes how the oil and gas sector contributes to local and national economies through tax revenues, charitable efforts, and support for local businesses",5,match,match
co,graph,co_harm_persona_og,cog,hle_60,19,Energy industry operations are fundamentally safe and managed with a commitment to environmental stewardship.,yes,"Other (in-domain, no match)",2,yes,"Pragmatism/Pragmatic Energy mix. Portrays oil and gas as essential, reliable, affordable, and safe energy sources critical for maintaining power systems",5,other,match
co,graph,co_harm_persona_og,cog,hle_61,19,Energy companies act as benevolent corporate citizens that provide essential services and stability to local communities.,yes,"Community & Resilience. Emphasizes how the oil and gas sector contributes to local and national economies through tax revenues, charitable efforts, and support for local businesses",4,yes,"Community & Resilience. Emphasizes how the oil and gas sector contributes to local and national economies through tax revenues, charitable efforts, and support for local businesses",5,match,match
co,graph,co_harm_persona_og,cog,hle_62,20,The oil and gas industry is a fundamental pillar of regional and national economic stability.,yes,"We need fossil fuels for economic growth, prosperity, and to maintain our standard of living. Fossil fuels are good for the economy, society, and/or the environment.",4,yes,"We need fossil fuels for economic growth, prosperity, and to maintain our standard of living. Fossil fuels are good for the economy, society, and/or the environment.",5,match,match
co,graph,co_harm_persona_og,cog,hle_63,20,Increased taxes and restrictive production policies jeopardize energy output and economic growth.,yes,"Climate solutions are harmful or unnecessary. Climate solutions are harmful to the economy, society, and/or the environment.",4,yes,"Other (in-domain, no match)",5,match,other
co,graph,co_harm_persona_og,cog,hle_64,20,The oil industry can achieve production growth while simultaneously reducing environmental impact.,yes,"Other (in-domain, no match)",3,yes,Community & Resilience. Focuses on the creation and sustainability of jobs by the oil and gas industry.,3,other,match
co,graph,co_harm_persona_og,cog,hle_65,21,Industrial energy production and environmental protection are compatible goals that can be achieved simultaneously.,unclear,,,no,,,no,no
co,graph,co_harm_persona_og,cog,hle_66,21,The fossil fuel industry is a primary driver of the technological innovation necessary to reduce emissions.,yes,"Other (in-domain, no match)",4,yes,Green Innovation and Climate Solutions. Promotes 'clean' or 'green' fossil fuels as part of climate solutions,4,other,match
co,graph,co_harm_persona_og,cog,hle_67,21,Collaborative governance and carbon pricing models provide the most effective framework for environmental protection.,yes,"Green Innovation and Climate Solutions. Highlights efforts to reduce greenhouse gas emissions through internal targets, policy support, voluntary initiatives, and emissions reduction technologies",4,yes,"Other (in-domain, no match)",4,match,other
co,graph,co_harm_persona_og,cog,hle_68,22,"Energy providers are essential, reliable actors who maintain critical infrastructure and protect vulnerable populations during crises.",yes,"Pragmatism/Pragmatic Energy mix. Portrays oil and gas as essential, reliable, affordable, and safe energy sources critical for maintaining power systems",4,no,,,match,no
co,graph,co_harm_persona_og,cog,hle_69,22,Governmental funding and expanded energy assistance programs are necessary to ensure energy security for low-income households.,no,,,no,,,no,no
co,graph,co_harm_persona_og,cog,hle_7,2,Domestic oil and gas production is essential for United States national security and geopolitical power.,yes,"Patriotic Energy mix. Stresses how domestic oil and gas production benefits the nation, including energy independence, energy leadership, and the idea of supporting American energy",5,yes,"Patriotic Energy mix. Stresses how domestic oil and gas production benefits the nation, including energy independence, energy leadership, and the idea of supporting American energy",5,match,match
co,graph,co_harm_persona_og,cog,hle_70,22,Corporate energy entities like ConocoPhillips are responsible actors committed to global sustainability and pandemic relief.,yes,"Other (in-domain, no match)",4,yes,"Other (in-domain, no match)",5,other,other
co,graph,co_harm_persona_og,cog,hle_71,22,Strategic investments in grid infrastructure and market-driven energy policies are required for long-term societal stability.,yes,"Other (in-domain, no match)",2,yes,"Other (in-domain, no match)",5,other,other
co,graph,co_harm_persona_og,cog,hle_72,23,Individuals should adopt energy-efficient habits and behavioral changes to reduce costs and carbon emissions.,no,,,no,,,no,no
co,graph,co_harm_persona_og,cog,hle_73,23,Active participation in the electoral process is essential to secure the future of the energy industry.,no,,,no,,,no,no
co,graph,co_harm_persona_og,cog,hle_74,23,Public safety and infrastructure integrity depend on following utility notification and security protocols.,no,,,no,,,no,no
co,graph,co_harm_persona_og,cog,hle_75,24,Williams Rocky Mountain Midstream provides essential economic and infrastructure stability to Colorado.,yes,"We need fossil fuels for economic growth, prosperity, and to maintain our standard of living. Fossil fuels are good for the economy, society, and/or the environment.",3,no,,,match,no
co,graph,co_harm_persona_og,cog,hle_76,24,Colorado's stringent regulatory framework effectively balances energy production with environmental and public safety.,unclear,,,no,,,no,no
co,graph,co_harm_persona_og,cog,hle_77,24,The transition toward natural gas and renewable fuels improves air quality and environmental outcomes.,no,,,no,,,no,no
co,graph,co_harm_persona_og,cog,hle_78,25,Users must maintain extreme vigilance against unsolicited communications to prevent financial fraud and data theft.,no,,,no,,,no,no
co,graph,co_harm_persona_og,cog,hle_79,25,The oil and gas industry is fundamental to national economic stability and the viability of alternative energies.,yes,"We need fossil fuels for economic growth, prosperity, and to maintain our standard of living. Fossil fuels are good for the economy, society, and/or the environment.",3,yes,"We need fossil fuels for economic growth, prosperity, and to maintain our standard of living. Fossil fuels are good for the economy, society, and/or the environment.",,match,match
co,graph,co_harm_persona_og,cog,hle_8,2,The domestic energy industry is a primary driver of American economic prosperity and employment.,yes,"Patriotic Energy mix. Stresses how domestic oil and gas production benefits the nation, including energy independence, energy leadership, and the idea of supporting American energy",3,yes,"Patriotic Energy mix. Stresses how domestic oil and gas production benefits the nation, including energy independence, energy leadership, and the idea of supporting American energy",5,match,match
co,graph,co_harm_persona_og,cog,hle_80,25,Energy policy should prioritize grid stability and equitable cost distribution over targeted subsidies for solar energy.,unclear,,,no,,,no,no
co,graph,co_harm_persona_og,cog,hle_81,25,Organizations use high-value incentives and regional identity to solicit personal data and increase platform engagement.,no,,,no,,,no,no
co,graph,co_harm_persona_og,cog,hle_82,25,Utility companies are actively managing the transition to electric vehicles while maintaining essential service continuity.,no,,,no,,,no,no
co,graph,co_harm_persona_og,cog,hle_83,26,The oil and gas industry is the primary driver of essential public services and economic stability.,yes,"Community & Resilience. Emphasizes how the oil and gas sector contributes to local and national economies through tax revenues, charitable efforts, and support for local businesses",3,yes,"We need fossil fuels for economic growth, prosperity, and to maintain our standard of living. Fossil fuels are good for the economy, society, and/or the environment.",5,match,match
co,graph,co_harm_persona_og,cog,hle_84,26,Modernizing the National Environmental Policy Act is necessary to stimulate infrastructure investment and job growth.,yes,"Climate solutions are harmful or unnecessary. Climate solutions are harmful to the economy, society, and/or the environment.",2,yes,"Climate solutions are harmful or unnecessary. Climate solutions are harmful to the economy, society, and/or the environment.",3,match,match
co,graph,co_harm_persona_og,cog,hle_85,26,"Energy infrastructure is a critical foundation for public health, national security, and supply chain resilience.",yes,"Other (in-domain, no match)",3,no,,,other,no
co,graph,co_harm_persona_og,cog,hle_86,27,The energy sector is a primary driver of national economic recovery and energy independence.,yes,"Patriotic Energy mix. Stresses how domestic oil and gas production benefits the nation, including energy independence, energy leadership, and the idea of supporting American energy",4,yes,"We need fossil fuels for economic growth, prosperity, and to maintain our standard of living. Fossil fuels are necessary to meet energy demand.",5,match,match
co,graph,co_harm_persona_og,cog,hle_87,27,Energy sector workers must use their voting power to elect leaders who favor deregulation.,yes,"Other (in-domain, no match)",4,yes,"Other (in-domain, no match)",4,other,other
co,graph,co_harm_persona_og,cog,hle_88,27,Ideological environmental policies and restrictive regulations hinder technological progress and economic growth.,yes,"Climate solutions are harmful or unnecessary. Climate solutions are harmful to the economy, society, and/or the environment.",5,yes,"Other (in-domain, no match)",5,match,other
co,graph,co_harm_persona_og,cog,hle_89,28,"The Dakota Access Pipeline is a safe, legally compliant, and ethically justified infrastructure project.",yes,"Other (in-domain, no match)",3,yes,"Other (in-domain, no match)",3,other,other
co,graph,co_harm_persona_og,cog,hle_9,2,U.S. domestic energy production is environmentally and ethically superior to that of foreign competitors.,yes,"Other (in-domain, no match)",2,yes,"Other (in-domain, no match)",5,other,other
co,graph,co_harm_persona_og,cog,hle_90,28,Free-market principles and domestic oil production are essential for national energy security and economic growth.,yes,"Other (in-domain, no match)",3,yes,"Other (in-domain, no match)",5,other,other
co,graph,co_harm_persona_og,cog,hle_91,28,The Dakota Access Pipeline is a critical economic asset that supports regional development and national stability.,yes,"Community & Resilience. Emphasizes how the oil and gas sector contributes to local and national economies through tax revenues, charitable efforts, and support for local businesses",2,no,,,match,no
co,graph,co_harm_persona_og,cog,hle_92,29,The state must prioritize and protect domestic oil and gas production to ensure economic stability and energy security.,yes,"We need fossil fuels for economic growth, prosperity, and to maintain our standard of living. Fossil fuels are good for the economy, society, and/or the environment.",3,yes,"We need fossil fuels for economic growth, prosperity, and to maintain our standard of living. Fossil fuels are good for the economy, society, and/or the environment.",4,match,match
co,graph,co_harm_persona_og,cog,hle_93,29,The energy industry successfully balances the provision of affordable energy with the active mitigation of climate change.,yes,"Other (in-domain, no match)",4,yes,Green Innovation and Climate Solutions. Promotes 'clean' or 'green' fossil fuels as part of climate solutions,3,other,match
co,graph,co_harm_persona_og,cog,hle_94,29,The state should leverage energy industry revenues to fund tuition-free college and workforce development for residents.,no,,,no,,,no,no
co,graph,co_harm_persona_og,cog,hle_95,30,The expansion and maintenance of fossil fuel infrastructure is essential for national energy security and economic stability.,yes,"We need fossil fuels for economic growth, prosperity, and to maintain our standard of living. Fossil fuels are good for the economy, society, and/or the environment.",3,yes,"We need fossil fuels for economic growth, prosperity, and to maintain our standard of living. Fossil fuels are good for the economy, society, and/or the environment.",4,match,match
co,graph,co_harm_persona_og,cog,hle_96,30,Energy security and environmental protection are compatible goals that must be pursued simultaneously.,unclear,,,no,,,no,no
co,graph,co_harm_persona_og,cog,hle_97,30,Domestic hydrocarbon production provides superior reliability and affordability compared to alternative energy sources.,yes,"Pragmatism/Pragmatic Energy mix. Portrays oil and gas as essential, reliable, affordable, and safe energy sources critical for maintaining power systems",2,yes,"Pragmatism/Pragmatic Energy mix. Portrays oil and gas as essential, reliable, affordable, and safe energy sources critical for maintaining power systems",5,match,match
co,graph,co_harm_persona_og,cog,hle_98,31,Domestic oil and gas production is essential for economic stability and energy reliability.,yes,"Pragmatism/Pragmatic Energy mix. Portrays oil and gas as essential, reliable, affordable, and safe energy sources critical for maintaining power systems",3,yes,"We need fossil fuels for economic growth, prosperity, and to maintain our standard of living. Fossil fuels are good for the economy, society, and/or the environment.",5,match,match
co,graph,co_harm_persona_og,cog,hle_99,31,Local government bans on natural gas in new construction increase costs and reduce reliability.,yes,"Climate solutions are harmful or unnecessary. Climate solutions are harmful to the economy, society, and/or the environment.",3,yes,"Other (in-domain, no match)",4,match,other
pn,cluster,pn_harm_persona,ppe,hle_1,0,Human-driven greenhouse gas emissions are the primary cause of an accelerating and potentially irreversible global climate crisis.,no,,,no,,5,no,no
pn,cluster,pn_harm_persona,ppe,hle_10,3,"India pursues strategic autonomy by balancing its relationships with Russia, the West, and China.",no,,,no,,5,no,no
pn,cluster,pn_harm_persona,ppe,hle_100,32,The Ukrainian government and Western entities collaborate to conduct illegal medical experiments and organ harvesting.,yes,"Other (in-domain, no match)",3,yes,"Other (in-domain, no match)",5,other,other
pn,cluster,pn_harm_persona,ppe,hle_101,32,Western intervention in Ukraine created the instability and complicity necessary for systemic human trafficking.,yes,Discrediting Ukraine: Ukraine is a hub for criminal activities,4,yes,"Other (in-domain, no match)",5,match,other
pn,cluster,pn_harm_persona,ppe,hle_102,33,Western military support for Ukraine constitutes direct combat and justifies severe Russian retaliation.,yes,Russia is the Victim: Russia actions in Ukraine are only self-defence,3,yes,Russia is the Victim: Russia actions in Ukraine are only self-defence,5,match,match
pn,cluster,pn_harm_persona,ppe,hle_103,33,Russia is strategically justified in using nuclear weapons to ensure its sovereignty against Western aggression.,yes,"Other (in-domain, no match)",4,yes,"Other (in-domain, no match)",2,other,other
pn,cluster,pn_harm_persona,ppe,hle_104,33,Russian nuclear threats are strategic tools of coercion designed to deter Western intervention.,unclear,,,no,,5,no,no
pn,cluster,pn_harm_persona,ppe,hle_105,34,Russia's military intervention in Ukraine is a necessary defensive action to ensure national security.,yes,Ukraine war: Russian invasion of Ukraine is justified,4,yes,Russia is the Victim: Russia actions in Ukraine are only self-defence,5,match,match
pn,cluster,pn_harm_persona,ppe,hle_106,34,Russia is pursuing a strategic campaign to restore its historical imperial territories and influence.,yes,"Other (in-domain, no match)",3,no,,5,other,no
pn,cluster,pn_harm_persona,ppe,hle_107,34,The conflict involves competing claims of legitimacy regarding territorial incursions and sovereign rights.,no,,,no,,5,no,no
pn,cluster,pn_harm_persona,ppe,hle_108,35,Ukraine has shifted to a strategy of direct ground incursions into Russian territory to gain strategic leverage.,no,,,no,,5,no,no
pn,cluster,pn_harm_persona,ppe,hle_109,35,Military operations within Russia are designed to degrade Russian capabilities and redistribute their military resources.,unclear,,,no,,5,no,no
pn,cluster,pn_harm_persona,ppe,hle_11,3,The India-Russia strategic partnership is sustained by mutual dependencies and shared geopolitical goals.,yes,None (out-of-domain),3,no,,5,none,no
pn,cluster,pn_harm_persona,ppe,hle_110,35,Ukraine's incursions into Russia aim to exert psychological pressure and destabilize the Russian domestic front.,yes,Russia is the Victim: UA is anti-RU extremists,2,no,,5,match,no
pn,cluster,pn_harm_persona,ppe,hle_111,36,Western powers utilize international law and human rights rhetoric as hypocritical tools for geopolitical dominance.,yes,None (out-of-domain),3,no,,2,none,no
pn,cluster,pn_harm_persona,ppe,hle_112,36,Western governments deceive their citizens to fund war crimes and lead the world toward nuclear catastrophe.,yes,None (out-of-domain),4,yes,"Other (in-domain, no match)",2,none,other
pn,cluster,pn_harm_persona,ppe,hle_113,36,The West's inconsistent application of moral standards has destroyed its global legitimacy and moral authority.,yes,"Discrediting the West, Diplomacy: The West is weak",3,no,,5,match,no
pn,cluster,pn_harm_persona,ppe,hle_114,37,NATO's military technology and air defenses are fundamentally incapable of countering modern Russian weaponry.,yes,"Other (in-domain, no match)",5,yes,"Other (in-domain, no match)",4,other,other
pn,cluster,pn_harm_persona,ppe,hle_115,37,Western military doctrine and hardware are obsolete and ineffective in high-intensity peer conflict.,yes,"Discrediting the West, Diplomacy: The West is weak",5,yes,"Other (in-domain, no match)",5,match,other
pn,cluster,pn_harm_persona,ppe,hle_116,37,Russian air defense systems are significantly less effective and more vulnerable than official narratives claim.,yes,Speculating war outcomes: Russian army is collapsing,4,no,,5,match,no
pn,cluster,pn_harm_persona,ppe,hle_117,37,NATO member states lack the operational readiness and strategic will to repel a large-scale Russian invasion.,yes,"Other (in-domain, no match)",5,yes,"Other (in-domain, no match)",5,other,other
pn,cluster,pn_harm_persona,ppe,hle_118,38,The Ukrainian government and its allies are utilizing foreign aid and energy projects as fronts for systemic embezzlement.,yes,Discrediting Ukraine: Discrediting Ukrainian government and officials and policies,4,yes,"Other (in-domain, no match)",4,match,other
pn,cluster,pn_harm_persona,ppe,hle_119,38,Western military aid to Ukraine is characterized by financial mismanagement and the illegal diversion of weaponry.,yes,"Ukraine war: Militar, economical and humanitarian aids to Ukraine are useless/dangerous, because of Ukraine’s corruption and unreliability (e.g. western weapons sold to the black market)",4,yes,"Other (in-domain, no match)",4,match,other
pn,cluster,pn_harm_persona,ppe,hle_12,3,India is positioning itself as a critical diplomatic mediator in the Russia-Ukraine conflict.,unclear,,,yes,"Other (in-domain, no match)",2,no,other
pn,cluster,pn_harm_persona,ppe,hle_120,38,Ukraine's anti-corruption initiatives are strategic performances designed to secure EU and NATO membership.,yes,"Other (in-domain, no match)",3,no,,,other,no
pn,cluster,pn_harm_persona,ppe,hle_121,39,International peace conferences are futile and illegitimate because they exclude Russia from the dialogue.,yes,"Other (in-domain, no match)",4,yes,"Other (in-domain, no match)",4,other,other
pn,cluster,pn_harm_persona,ppe,hle_122,39,Russia's peace proposals are deceptive ultimatums designed to force Ukrainian capitulation rather than end the war.,unclear,,,no,,,no,no
pn,cluster,pn_harm_persona,ppe,hle_123,39,The Ukrainian government and its Western allies are the primary obstacles to a negotiated peace.,yes,Anti-Europeanism and anti-Atlanticism: NATO (or the West) is rejecting peace negotiations and prolonging the conflict.,4,yes,"Other (in-domain, no match)",4,match,other
pn,cluster,pn_harm_persona,ppe,hle_124,40,The United States and the Western-led world order are experiencing an inevitable systemic collapse.,yes,"Discrediting the West, Diplomacy: The West is weak",5,yes,None (out-of-domain),4,match,none
pn,cluster,pn_harm_persona,ppe,hle_125,40,The decline of U.S. hegemony is facilitating a transition toward a multipolar global power structure.,yes,"Discrediting the West, Diplomacy: The West is weak",3,no,,,match,no
pn,cluster,pn_harm_persona,ppe,hle_126,40,Incompetent U.S. leadership and imperial overreach have compromised both domestic liberty and international stability.,yes,,,no,,,match,no
pn,cluster,pn_harm_persona,ppe,hle_127,41,Russia is deploying advanced stealth drones like the S-70 Okhotnik to gain a strategic technological advantage.,yes,Ukraine war: Pro-Russia war propaganda (e.g. exaggerating Russian military achievements),4,no,,,match,no
pn,cluster,pn_harm_persona,ppe,hle_128,41,The failure and crash of Russian stealth drones reveal significant technical vulnerabilities and operational unreadiness.,yes,Speculating war outcomes: Russian army is collapsing,4,no,,,match,no
pn,cluster,pn_harm_persona,ppe,hle_129,41,The recovery of Russian drone wreckage provides Ukraine and Western allies with critical intelligence to neutralize Russian advantages.,no,,,no,,,no,no
pn,cluster,pn_harm_persona,ppe,hle_13,3,Japan and the GCC should deepen strategic economic and energy cooperation.,no,,,no,,,no,no
pn,cluster,pn_harm_persona,ppe,hle_130,42,Advanced Western fighter jets are a strategic necessity for Ukraine to counter Russian aerial dominance.,no,,,no,,,no,no
pn,cluster,pn_harm_persona,ppe,hle_131,42,The delivery of Western fighter jets constitutes a direct NATO escalation and a facade for intervention.,yes,Anti-Europeanism and anti-Atlanticism: NATO (or the West) is rejecting peace negotiations and prolonging the conflict.,3,yes,Anti-Europeanism and anti-Atlanticism: NATO is leading its members into war through its expansion and militarisation.,4,match,match
pn,cluster,pn_harm_persona,ppe,hle_132,42,Western-supplied aircraft and their supporting infrastructure are legitimate targets for Russian military strikes.,no,,,yes,"Other (in-domain, no match)",4,no,other
pn,cluster,pn_harm_persona,ppe,hle_133,43,The Ukrainian military and state are facing a systemic and imminent collapse.,yes,Speculating war outcomes: Ukrainian army is collapsing,4,yes,Discrediting Ukraine: Situation in Ukraine is hopeless,5,match,match
pn,cluster,pn_harm_persona,ppe,hle_134,43,Ukraine's strategic decisions and military incursions into Russia have been costly failures.,yes,Discrediting Ukraine: Discrediting Ukrainian military,4,yes,Discrediting Ukraine: Discrediting Ukrainian military,5,match,match
pn,cluster,pn_harm_persona,ppe,hle_135,43,The Russian military campaign is characterized by strategic inefficiency and unsustainable costs.,yes,Speculating war outcomes: Russian army is collapsing,3,no,,2,match,no
pn,cluster,pn_harm_persona,ppe,hle_136,44,Russia's unsustainable losses of armored vehicles and artillery are eroding its offensive capabilities.,yes,Speculating war outcomes: Russian army is collapsing,4,no,,5,match,no
pn,cluster,pn_harm_persona,ppe,hle_137,44,Systemic leadership failure and unsustainable casualty rates are causing a critical degradation of Russian military quality.,yes,Speculating war outcomes: Russian army is collapsing,4,no,,5,match,no
pn,cluster,pn_harm_persona,ppe,hle_138,44,Russia's strategic overextension is leading to operational failures both in Ukraine and across Africa.,no,,,no,,5,no,no
pn,cluster,pn_harm_persona,ppe,hle_139,45,Ukraine and NATO orchestrate terrorist attacks and sabotage within Russia to destabilize its internal security.,yes,Russia is the Victim: UA is anti-RU extremists,3,yes,Russia is the Victim: UA is anti-RU extremists,5,match,match
pn,cluster,pn_harm_persona,ppe,hle_14,4,A Trump presidency is strategically superior for India due to shared ideological goals and a hardline stance against China.,yes,None (out-of-domain),3,no,,3,none,no
pn,cluster,pn_harm_persona,ppe,hle_140,45,"Ukrainian intelligence employs coercion, bribery, and psychological manipulation to recruit Russian citizens and military personnel.",yes,"Other (in-domain, no match)",4,yes,"Other (in-domain, no match)",4,other,other
pn,cluster,pn_harm_persona,ppe,hle_141,45,Internal dissent and security breaches within both Russian and Ukrainian intelligence agencies undermine strategic objectives.,no,,,no,,5,no,no
pn,cluster,pn_harm_persona,ppe,hle_142,46,The Ukrainian government is a terrorist entity that systematically targets civilians and infrastructure.,yes,Discrediting Ukraine: Discrediting Ukrainian government and officials and policies,5,yes,"Other (in-domain, no match)",4,match,other
pn,cluster,pn_harm_persona,ppe,hle_143,46,Ukraine collaborates with international terrorist organizations and foreign powers to destabilize global security.,yes,"Other (in-domain, no match)",3,yes,"Other (in-domain, no match)",5,other,other
pn,cluster,pn_harm_persona,ppe,hle_144,46,The international community must formally recognize and hold the Ukrainian regime accountable for state terrorism.,yes,"Other (in-domain, no match)",3,yes,"Other (in-domain, no match)",5,other,other
pn,cluster,pn_harm_persona,ppe,hle_145,47,The Russian military is conducting a systematic campaign of war crimes and cultural erasure in Ukraine.,no,,,no,,,no,no
pn,cluster,pn_harm_persona,ppe,hle_146,47,The Ukrainian military is intentionally targeting Russian civilians and infrastructure to compensate for battlefield failures.,yes,"Other (in-domain, no match)",3,yes,"Other (in-domain, no match)",5,other,other
pn,cluster,pn_harm_persona,ppe,hle_147,47,The conflict between Russia and Ukraine has generated an unprecedented humanitarian catastrophe for all involved populations.,no,,,no,,2,no,no
pn,cluster,pn_harm_persona,ppe,hle_148,48,Russian offensive weaponry and precision munitions provide a decisive strategic advantage over Ukrainian defenses.,yes,Ukraine war: Pro-Russia war propaganda (e.g. exaggerating Russian military achievements),4,yes,"Other (in-domain, no match)",4,match,other
pn,cluster,pn_harm_persona,ppe,hle_149,48,Russian air defense and electronic warfare systems effectively neutralize Western-supplied military technology.,yes,Praise of Russia: Praise of Russian military might,4,yes,Praise of Russia: Praise of Russian military might,5,match,match
pn,cluster,pn_harm_persona,ppe,hle_15,4,The 'America First' agenda will impose significant economic and diplomatic pressures on India regarding trade and immigration.,no,,,no,,2,no,no
pn,cluster,pn_harm_persona,ppe,hle_150,48,Russia maintains a superior defensive posture that successfully protects its territory from Ukrainian aerial and maritime attacks.,yes,"Other (in-domain, no match)",4,yes,"Other (in-domain, no match)",4,other,other
pn,cluster,pn_harm_persona,ppe,hle_151,49,Russia is employing a systemic strategy of infrastructure destruction to destabilize Ukraine and break its will.,yes,"Other (in-domain, no match)",2,no,,5,other,no
pn,cluster,pn_harm_persona,ppe,hle_152,49,Both Russia and Ukraine are utilizing strategic strikes on rear-guard energy and logistics to degrade military capabilities.,no,,,no,,4,no,no
pn,cluster,pn_harm_persona,ppe,hle_153,49,Russia justifies its attacks on Ukrainian infrastructure as legitimate military necessities to ensure a decisive victory.,no,,,no,,4,no,no
pn,cluster,pn_harm_persona,ppe,hle_154,50,Russia and Ukraine are engaged in a reciprocal cycle of escalating drone and missile warfare.,no,,,no,,4,no,no
pn,cluster,pn_harm_persona,ppe,hle_155,50,Ukraine is strategically expanding the geographic scope and intensity of its strikes deep into Russian territory.,no,,,no,,4,no,no
pn,cluster,pn_harm_persona,ppe,hle_156,50,Russia is conducting an aggressive aerial campaign specifically targeting Ukrainian civilian and government infrastructure.,no,,,no,,5,no,no
pn,cluster,pn_harm_persona,ppe,hle_157,51,Sustained and accelerated Western military aid is essential to prevent a Russian victory.,no,,,no,,5,no,no
pn,cluster,pn_harm_persona,ppe,hle_158,51,Supporting Ukraine is a strategic investment in global security and the defense of democracy.,no,,,no,,5,no,no
pn,cluster,pn_harm_persona,ppe,hle_159,51,Ukraine's path to victory requires NATO integration and the use of advanced offensive capabilities.,no,,,no,,5,no,no
pn,cluster,pn_harm_persona,ppe,hle_16,4,India can maximize its strategic gains by adopting a transactional and assertive approach to diplomacy under Trump.,no,,,no,,3,no,no
pn,cluster,pn_harm_persona,ppe,hle_160,52,Ukraine's formal admission into NATO is an impossibility due to internal alliance rules and strategic risks.,no,,,no,,5,no,no
pn,cluster,pn_harm_persona,ppe,hle_161,52,Western allies are deeply divided and reluctant to grant Ukraine full political and military integration.,yes,"Discrediting the West, Diplomacy: The EU is divided",4,yes,"Discrediting the West, Diplomacy: West is tired of Ukraine",5,match,match
pn,cluster,pn_harm_persona,ppe,hle_162,52,NATO is pursuing a strategy of de facto integration to serve its own security interests without assuming formal obligations.,yes,Anti-Europeanism and anti-Atlanticism: NATO is leading its members into war through its expansion and militarisation.,2,yes,"Other (in-domain, no match)",4,match,other
pn,cluster,pn_harm_persona,ppe,hle_163,53,Russia is pursuing a strategy of incremental territorial seizure in eastern and southern Ukraine to force a surrender.,no,,,no,,5,no,no
pn,cluster,pn_harm_persona,ppe,hle_164,53,Russia is prioritizing the total expulsion of Ukrainian forces from its own border regions through aggressive escalation.,no,,,no,,5,no,no
pn,cluster,pn_harm_persona,ppe,hle_165,53,Russia is utilizing tactical gains in the east to offset losses and divert resources from other fronts.,no,,,no,,5,no,no
pn,cluster,pn_harm_persona,ppe,hle_166,54,Ukraine is actively developing a diplomatic framework and seeking international support to end the war.,no,,,no,,5,no,no
pn,cluster,pn_harm_persona,ppe,hle_167,54,Ukraine must prioritize a negotiated peace over territorial recovery to prevent total national collapse.,yes,Discrediting Ukraine: Situation in Ukraine is hopeless,4,yes,"Other (in-domain, no match)",4,match,other
pn,cluster,pn_harm_persona,ppe,hle_168,55,The Russian military is achieving decisive strategic and territorial superiority across multiple fronts in Ukraine.,yes,Praise of Russia: Praise of Russian military might,4,yes,Praise of Russia: Praise of Russian military might,5,match,match
pn,cluster,pn_harm_persona,ppe,hle_169,55,Russia is successfully degrading Ukraine's operational capabilities through the systematic destruction of critical infrastructure and assets.,yes,Ukraine war: Pro-Russia war propaganda (e.g. exaggerating Russian military achievements),2,no,,2,match,no
pn,cluster,pn_harm_persona,ppe,hle_17,5,Hungary and Slovakia must reject military support for Ukraine in favor of a negotiated peace.,yes,"Other (in-domain, no match)",4,yes,"Other (in-domain, no match)",2,other,other
pn,cluster,pn_harm_persona,ppe,hle_170,55,Russian tactical successes are driven by superior precision strikes and the exploitation of Ukrainian resource shortages.,yes,Ukraine war: Pro-Russia war propaganda (e.g. exaggerating Russian military achievements),3,yes,"Other (in-domain, no match)",4,match,other
pn,cluster,pn_harm_persona,ppe,hle_171,56,Russia's superior industrial capacity and resource mobilization ensure its inevitable military victory in Ukraine.,yes,"Other (in-domain, no match)",5,yes,"Other (in-domain, no match)",4,other,other
pn,cluster,pn_harm_persona,ppe,hle_172,56,Russia's strategic endurance and operational superiority will force Ukraine to accept the Kremlin's terms.,yes,"Other (in-domain, no match)",5,yes,"Other (in-domain, no match)",4,other,other
pn,cluster,pn_harm_persona,ppe,hle_173,56,Russia possesses an inherent and insurmountable strategic advantage that makes its defeat impossible.,yes,Praise of Russia: Praise of Russian military might,3,yes,Praise of Russia: Praise of Russian military might,5,match,match
pn,cluster,pn_harm_persona,ppe,hle_174,57,Diplomatic dialogue and negotiated settlements are the only viable means to end the Russia-Ukraine conflict.,unclear,,,yes,"Other (in-domain, no match)",2,no,other
pn,cluster,pn_harm_persona,ppe,hle_175,57,A sustainable peace requires direct high-level negotiations between the United States and Russia.,yes,"Other (in-domain, no match)",3,yes,"Other (in-domain, no match)",2,other,other
pn,cluster,pn_harm_persona,ppe,hle_176,57,International mediation should prioritize immediate humanitarian goals and neutral facilitation over comprehensive peace treaties.,no,,,no,,4,no,no
pn,cluster,pn_harm_persona,ppe,hle_177,58,The full restoration of Ukraine's internationally recognized territorial integrity is a non-negotiable prerequisite for peace.,no,,,no,,5,no,no
pn,cluster,pn_harm_persona,ppe,hle_178,58,Sustainable peace requires comprehensive security guarantees to prevent future Russian aggression and subjugation.,no,,,no,,5,no,no
pn,cluster,pn_harm_persona,ppe,hle_179,58,Ukraine maintains the sovereign right to determine the timing and conditions of peace negotiations.,no,,,no,,5,no,no
pn,cluster,pn_harm_persona,ppe,hle_18,5,"Hungary is uniquely positioned to serve as the primary diplomatic mediator between the EU, Russia, and China.",yes,"Other (in-domain, no match)",3,unclear,,2,other,no
pn,cluster,pn_harm_persona,ppe,hle_180,59,"Peace in Ukraine is contingent upon Ukraine accepting Russia's territorial annexations and adopting a neutral, demilitarized status.",yes,"Other (in-domain, no match)",3,yes,"Other (in-domain, no match)",4,other,other
pn,cluster,pn_harm_persona,ppe,hle_181,59,Russia is open to negotiations only if they are based on current battlefield realities and its own strategic objectives.,no,,,no,,5,no,no
pn,cluster,pn_harm_persona,ppe,hle_182,59,The conflict will only end quickly if the West ceases military support and adopts a realist geopolitical approach toward Russia.,yes,"Other (in-domain, no match)",4,yes,Anti-Europeanism and anti-Atlanticism: NATO (or the West) is rejecting peace negotiations and prolonging the conflict.,4,other,match
pn,cluster,pn_harm_persona,ppe,hle_183,59,Russia's peace demands are unacceptable because they require the surrender of Ukrainian sovereignty and invite future aggression.,no,,,no,,5,no,no
pn,cluster,pn_harm_persona,ppe,hle_184,60,The current EU leadership is fundamentally unfit and is driving Europe toward systemic collapse.,yes,None (out-of-domain),4,yes,"Anti-Europeanism and anti-Atlanticism: Russia is right, EU, NATO and US are destroying Europe.",4,none,match
pn,cluster,pn_harm_persona,ppe,hle_185,60,The rise of far-right political movements is a necessary correction to the EU's failed trajectory.,yes,None (out-of-domain),4,yes,None (out-of-domain),5,none,none
pn,cluster,pn_harm_persona,ppe,hle_186,60,Western security institutions and alliances are experiencing terminal internal fragmentation and decline.,yes,"Discrediting the West, Diplomacy: The West is weak",4,yes,"Other (in-domain, no match)",3,match,other
pn,cluster,pn_harm_persona,ppe,hle_187,61,Western military and financial support transforms Western nations into direct combatants in the conflict.,yes,Blaming the war on others rather than the invader: The West are the aggressors,3,yes,"Other (in-domain, no match)",4,match,other
pn,cluster,pn_harm_persona,ppe,hle_188,61,Western assistance intentionally prolongs the war and obstructs all viable diplomatic resolutions.,yes,Anti-Europeanism and anti-Atlanticism: NATO (or the West) is rejecting peace negotiations and prolonging the conflict.,4,yes,Anti-Europeanism and anti-Atlanticism: NATO (or the West) is rejecting peace negotiations and prolonging the conflict.,5,match,match
pn,cluster,pn_harm_persona,ppe,hle_189,61,Western intervention escalates the conflict and risks a direct hot war between NATO and Russia.,yes,"Other (in-domain, no match)",4,yes,"Other (in-domain, no match)",5,other,other
pn,cluster,pn_harm_persona,ppe,hle_19,5,The European Union is using political coercion and interference to force Hungary into submission.,yes,None (out-of-domain),5,yes,None (out-of-domain),5,none,none
pn,cluster,pn_harm_persona,ppe,hle_190,62,NATO and the EU are actively preparing for a direct military confrontation with Russia.,yes,Amplifying war-related fears: NATO should/will directly intervene,5,no,,2,match,no
pn,cluster,pn_harm_persona,ppe,hle_191,62,Democratic nations must significantly increase defense spending and troop readiness to counter Russian aggression.,no,,,no,,4,no,no
pn,cluster,pn_harm_persona,ppe,hle_192,62,NATO is pursuing a strategy of escalation that includes the potential use of nuclear weapons.,yes,Amplifying war-related fears: There is a real possibility that nuclear weapons will be employed,4,yes,Amplifying war-related fears: There is a real possibility that nuclear weapons will be employed,4,match,match
pn,cluster,pn_harm_persona,ppe,hle_193,63,Russia is violating the Chemical Weapons Convention by deploying prohibited chemical agents against Ukrainian forces.,no,,,no,,5,no,no
pn,cluster,pn_harm_persona,ppe,hle_194,63,Ukraine and its Western allies are orchestrating chemical weapon provocations to frame Russia and secure strategic victory.,yes,"Other (in-domain, no match)",4,yes,"Other (in-domain, no match)",4,other,other
pn,cluster,pn_harm_persona,ppe,hle_195,63,The United States is undermining the international chemical weapons framework by maintaining secret stockpiles and supplying Ukraine.,yes,"Other (in-domain, no match)",4,yes,Ukraine war: There are secret US biolabs in Ukraine.,5,other,match
pn,cluster,pn_harm_persona,ppe,hle_196,64,Authorizing long-range strikes inside Russia is a strategic necessity for Ukraine to achieve victory or favorable peace terms.,unclear,,,no,,5,no,no
pn,cluster,pn_harm_persona,ppe,hle_197,64,The U.S. and Western allies are escalating the conflict by removing restrictions on long-range weaponry.,yes,"Other (in-domain, no match)",4,yes,"Other (in-domain, no match)",4,other,other
pn,cluster,pn_harm_persona,ppe,hle_198,64,Western restrictions on long-range weapons have been counterproductive and have unnecessarily prolonged the war.,no,,,yes,Anti-Europeanism and anti-Atlanticism: NATO (or the West) is rejecting peace negotiations and prolonging the conflict.,4,no,match
pn,cluster,pn_harm_persona,ppe,hle_199,65,The Ukrainian government is a totalitarian regime that suppresses its citizens through fear and deception.,yes,Discrediting Ukraine: Discrediting Ukrainian government and officials and policies,4,yes,"Other (in-domain, no match)",4,match,other
pn,cluster,pn_harm_persona,ppe,hle_2,0,Current global political and financial efforts to mitigate climate change are insufficient and characterized by institutional hypocrisy.,yes,Criticism of climate policies: Climate policies are ineffective,4,no,,5,match,no
pn,cluster,pn_harm_persona,ppe,hle_20,6,Bulgaria's alignment with NATO and the US compromises its national security and sovereignty.,yes,None (out-of-domain),5,yes,Anti-Europeanism and anti-Atlanticism: NATO membership equals a loss of independence and national sovereignty.,5,none,match
pn,cluster,pn_harm_persona,ppe,hle_200,65,The Ukrainian government fabricates atrocities and war crimes to manipulate international support and frame Russia.,yes,Discrediting Ukraine: Discrediting Ukrainian government and officials and policies,4,yes,Discrediting Ukraine: Discrediting Ukrainian government and officials and policies,4,match,match
pn,cluster,pn_harm_persona,ppe,hle_201,65,Pro-Western popular uprisings are foreign-imposed interventions that lead to national destruction and instability.,yes,None (out-of-domain),3,yes,None (out-of-domain),5,none,none
pn,cluster,pn_harm_persona,ppe,hle_202,66,The West and NATO are the primary instigators of the Ukrainian conflict through provocative expansion and interference.,yes,Blaming the war on others rather than the invader: The West are the aggressors,4,yes,"Anti-Europeanism and anti-Atlanticism: It was NATO that incited Ukraine to war and posed a threat to Russia, so the invasion was only an act of self-defence",5,match,match
pn,cluster,pn_harm_persona,ppe,hle_203,66,The West is conducting a proxy war in Ukraine to achieve the systemic collapse of the Russian state.,yes,Discrediting Ukraine: Ukraine is a puppet of the West,4,yes,Discrediting Ukraine: Ukraine is a puppet of the West,5,match,match
pn,cluster,pn_harm_persona,ppe,hle_204,66,Western leadership is deliberately prolonging the conflict to serve global strategic interests and maintain a unipolar world order.,yes,Anti-Europeanism and anti-Atlanticism: NATO (or the West) is rejecting peace negotiations and prolonging the conflict.,3,yes,Anti-Europeanism and anti-Atlanticism: NATO (or the West) is rejecting peace negotiations and prolonging the conflict.,5,match,match
pn,cluster,pn_harm_persona,ppe,hle_205,67,The United States is directly responsible for terrorist attacks on Russian civilians through its operational control of Ukrainian strikes.,yes,"Other (in-domain, no match)",5,yes,"Other (in-domain, no match)",4,other,other
pn,cluster,pn_harm_persona,ppe,hle_206,67,The United States maintains that Ukraine possesses full operational autonomy and sole responsibility for its military targeting.,no,,,no,,5,no,no
pn,cluster,pn_harm_persona,ppe,hle_207,68,Ukraine is not a sovereign state but a puppet dominion controlled by the United States and NATO.,yes,Discrediting Ukraine: Ukraine is a puppet of the West,5,yes,Discrediting Ukraine: Ukraine is a puppet of the West,4,match,match
pn,cluster,pn_harm_persona,ppe,hle_208,68,"The Ukrainian government is an illegitimate, neo-Nazi regime installed by the West to destabilize Russia.",yes,Discrediting Ukraine: Ukraine is a puppet of the West,3,yes,Ukraine war: Ukraine as a dangerous and Nazi-filled country.,5,match,match
pn,cluster,pn_harm_persona,ppe,hle_209,68,Western powers use Ukraine as a tool for economic exploitation and strategic military positioning.,yes,"Discrediting the West, Diplomacy: The West does not care about Ukraine, only about its interests",4,yes,"Discrediting the West, Diplomacy: The West does not care about Ukraine, only about its interests",5,match,match
pn,cluster,pn_harm_persona,ppe,hle_21,6,The Bulgarian government and pro-Western elites are agents of foreign interests who betray the nation.,yes,None (out-of-domain),5,yes,None (out-of-domain),5,none,none
pn,cluster,pn_harm_persona,ppe,hle_210,69,NATO is a tool for US hegemony designed to undermine the sovereignty of its member states.,yes,None (out-of-domain),2,yes,Anti-Europeanism and anti-Atlanticism: NATO membership equals a loss of independence and national sovereignty.,5,none,match
pn,cluster,pn_harm_persona,ppe,hle_211,69,NATO's collective defense guarantees are illusory fictions used to exploit member states.,yes,None (out-of-domain),2,yes,"Other (in-domain, no match)",5,none,other
pn,cluster,pn_harm_persona,ppe,hle_212,69,NATO serves as an offensive instrument of American imperialism and economic exploitation.,yes,None (out-of-domain),3,yes,"Other (in-domain, no match)",5,none,other
pn,cluster,pn_harm_persona,ppe,hle_213,70,The United States pursues a predatory imperialist strategy to maintain global hegemony by destabilizing other nations.,yes,None (out-of-domain),3,no,,3,none,no
pn,cluster,pn_harm_persona,ppe,hle_214,70,The United States has reduced the European Union to a subordinate protectorate lacking genuine sovereignty.,yes,None (out-of-domain),4,yes,"Anti-Europeanism and anti-Atlanticism: Russia is right, EU, NATO and US are destroying Europe.",4,none,match
pn,cluster,pn_harm_persona,ppe,hle_215,70,"Despite its destabilizing actions, the United States maintains a superior global image compared to China.",yes,None (out-of-domain),4,unclear,,2,none,no
pn,cluster,pn_harm_persona,ppe,hle_216,71,The United States is prolonging the conflict in Ukraine to sustain its global hegemony and the dominance of the US dollar.,yes,"Discrediting the West, Diplomacy: The West does not care about Ukraine, only about its interests",4,yes,"Discrediting the West, Diplomacy: The West does not care about Ukraine, only about its interests",5,match,match
pn,cluster,pn_harm_persona,ppe,hle_217,71,The US military-industrial complex and corporate interests are driving the war for financial profit.,yes,"Other (in-domain, no match)",4,yes,"Other (in-domain, no match)",5,other,other
pn,cluster,pn_harm_persona,ppe,hle_218,71,The West is using the conflict to seize control of Ukraine's critical mineral wealth and energy infrastructure.,yes,"Discrediting the West, Diplomacy: The West does not care about Ukraine, only about its interests",4,yes,Ukraine war: Ukraine’s allies are pro-Nazi / exploit Ukraine (e.g. Poland wants to conquer Western Ukraine; U.S. is buying Ukraine’s lands cheaply etc.),5,match,match
pn,cluster,pn_harm_persona,ppe,hle_219,71,The United States is exploiting its European allies by shifting the financial risks and burdens of the war onto them.,yes,"Other (in-domain, no match)",3,yes,"Other (in-domain, no match)",4,other,other
pn,cluster,pn_harm_persona,ppe,hle_22,6,Bulgaria must implement a comprehensive strategy to counter hybrid threats from Russia and China.,unclear,,,no,,5,no,no
pn,cluster,pn_harm_persona,ppe,hle_220,72,The Ukrainian leadership is intentionally sacrificing its own population to maintain power and serve Western interests.,yes,"Other (in-domain, no match)",4,yes,Ukraine war: Ukraine’s allies are pro-Nazi / exploit Ukraine (e.g. Poland wants to conquer Western Ukraine; U.S. is buying Ukraine’s lands cheaply etc.),4,other,match
pn,cluster,pn_harm_persona,ppe,hle_221,72,"The Ukrainian government is a corrupt, illegitimate regime that betrays its citizens through systemic mismanagement.",yes,Discrediting Ukraine: Discrediting Ukrainian government and officials and policies,5,yes,Discrediting Ukraine: Discrediting Ukrainian government and officials and policies,4,match,match
pn,cluster,pn_harm_persona,ppe,hle_222,72,The Ukrainian leadership is actively sabotaging national sovereignty and military stability to deflect personal responsibility.,yes,Discrediting Ukraine: Discrediting Ukrainian government and officials and policies,5,yes,Discrediting Ukraine: Discrediting Ukrainian government and officials and policies,3,match,match
pn,cluster,pn_harm_persona,ppe,hle_223,73,The current Ukrainian leadership is legally illegitimate due to the expiration of the president's constitutional mandate.,yes,Discrediting Ukraine: Discrediting Ukrainian government and officials and policies,5,yes,Discrediting Ukraine: Discrediting Ukrainian government and officials and policies,5,match,match
pn,cluster,pn_harm_persona,ppe,hle_224,73,The Ukrainian government's lack of legitimacy disqualifies it as a valid partner for peace negotiations.,yes,Discrediting Ukraine: Discrediting Ukrainian government and officials and policies,4,yes,Discrediting Ukraine: Discrediting Ukrainian government and officials and policies,5,match,match
pn,cluster,pn_harm_persona,ppe,hle_225,73,President Zelenskyy is an unfit and destructive leader who must be removed from power.,yes,Discrediting Ukraine: Discrediting Ukrainian government and officials and policies,4,yes,Discrediting Ukraine: Discrediting Ukrainian government and officials and policies,5,match,match
pn,cluster,pn_harm_persona,ppe,hle_226,74,Western authorization of long-range strikes inside Russia significantly increases the risk of global nuclear war.,yes,Amplifying war-related fears: By continuing the war we risk WWIII,4,yes,Amplifying war-related fears: By continuing the war we risk WWIII,5,match,match
pn,cluster,pn_harm_persona,ppe,hle_227,74,Increased NATO military involvement and troop deployments risk a direct and uncontrollable global military conflict.,yes,Amplifying war-related fears: By continuing the war we risk WWIII,4,yes,Amplifying war-related fears: By continuing the war we risk WWIII,5,match,match
pn,cluster,pn_harm_persona,ppe,hle_228,75,The convergence of regional conflicts and systemic militarization is creating a high risk of World War III.,yes,"Other (in-domain, no match)",3,yes,Amplifying war-related fears: By continuing the war we risk WWIII,5,other,match
pn,cluster,pn_harm_persona,ppe,hle_229,75,Direct military confrontation between NATO and Russia would inevitably trigger a catastrophic global nuclear war.,yes,"Other (in-domain, no match)",4,yes,"Other (in-domain, no match)",4,other,other
pn,cluster,pn_harm_persona,ppe,hle_23,7,"The German government lacks true national sovereignty and is subservient to US, EU, and NATO interests.",yes,None (out-of-domain),5,yes,None (out-of-domain),4,none,none
pn,cluster,pn_harm_persona,ppe,hle_230,75,Uncontrollable escalation is being driven by the independence of regional proxies and the failure of state diplomacy.,yes,"Discrediting the West, Diplomacy: Diplomacy does/will not work",2,yes,"Other (in-domain, no match)",2,match,other
pn,cluster,pn_harm_persona,ppe,hle_231,75,A global conflict would result in a tri-polar geopolitical division of the world into three opposing blocs.,yes,None (out-of-domain),4,no,,2,none,no
pn,cluster,pn_harm_persona,ppe,hle_24,7,Germany leverages the European Union as a tool to advance its own industrial and economic interests.,yes,None (out-of-domain),4,no,,4,none,no
pn,cluster,pn_harm_persona,ppe,hle_25,7,Germany's pursuit of green energy and the phase-out of nuclear power have crippled its economic security.,yes,None (out-of-domain),4,yes,None (out-of-domain),5,none,none
pn,cluster,pn_harm_persona,ppe,hle_26,7,Germany prioritizes its own economic stability over the implementation of strict sanctions against Russia.,no,,,no,,5,no,no
pn,cluster,pn_harm_persona,ppe,hle_27,8,The Biden family and Democratic leadership operated a systemic criminal enterprise involving foreign bribery and money laundering.,yes,None (out-of-domain),5,yes,None (out-of-domain),5,none,none
pn,cluster,pn_harm_persona,ppe,hle_28,8,U.S. government institutions and intelligence agencies have been weaponized to protect the Biden administration and sabotage Donald Trump.,yes,None (out-of-domain),5,yes,None (out-of-domain),5,none,none
pn,cluster,pn_harm_persona,ppe,hle_29,8,Corrupt financial networks involving the Biden family funded international terrorism and criminal activities.,yes,None (out-of-domain),5,yes,None (out-of-domain),5,none,none
pn,cluster,pn_harm_persona,ppe,hle_3,0,The global green movement is a fraudulent ideological tool used by elites to stifle economic growth and exert social control.,yes,Hidden plots by secret schemes of powerful groups: Blaming global elites,4,yes,"Other (in-domain, no match)",4,match,other
pn,cluster,pn_harm_persona,ppe,hle_30,9,Ukraine is engaging in nuclear terrorism by targeting nuclear facilities and developing radiological weapons.,yes,"Other (in-domain, no match)",4,yes,"Other (in-domain, no match)",5,other,other
pn,cluster,pn_harm_persona,ppe,hle_31,9,Ukraine is deliberately undermining Russia's nuclear deterrence to provoke a strategic nuclear escalation.,yes,Blaming the war on others rather than the invader: Ukraine is the aggressor,4,yes,Blaming the war on others rather than the invader: Ukraine is the aggressor,5,match,match
pn,cluster,pn_harm_persona,ppe,hle_32,9,Russia's allegations of Ukrainian nuclear threats are diversionary propaganda used to mask military failures.,yes,"Other (in-domain, no match)",2,no,,5,other,no
pn,cluster,pn_harm_persona,ppe,hle_33,10,Political complacency and industrial failure have left the United States critically vulnerable to Russian strategic and space-based attacks.,yes,"Other (in-domain, no match)",2,no,,4,other,no
pn,cluster,pn_harm_persona,ppe,hle_34,10,The United States healthcare sector is critically vulnerable to cyberattacks that could cause more systemic disruption than physical terrorism.,no,,,no,,4,no,no
pn,cluster,pn_harm_persona,ppe,hle_35,11,BRICS and the SCO should establish a multipolar financial architecture to end Western economic hegemony.,unclear,,,no,,3,no,no
pn,cluster,pn_harm_persona,ppe,hle_36,11,BRICS is a non-Western geopolitical alternative that enables member states to operate independently of Western influence.,unclear,,,no,,3,no,no
pn,cluster,pn_harm_persona,ppe,hle_37,11,BRICS should prioritize national currencies and digital systems over a shared currency to avoid systemic instability.,no,,,no,,3,no,no
pn,cluster,pn_harm_persona,ppe,hle_38,12,Russia and China are leading a strategic coalition to dismantle US hegemony and establish a multipolar world order.,yes,None (out-of-domain),3,no,,3,none,no
pn,cluster,pn_harm_persona,ppe,hle_39,12,China provides critical strategic and material support to Russia to sustain its war effort and bypass Western sanctions.,yes,Praise of Russia: Russia has international support from a number of countries and people,2,no,,4,match,no
pn,cluster,pn_harm_persona,ppe,hle_4,1,The United States government orchestrated the sabotage of the Nord Stream pipelines to eliminate Russian energy advantages.,yes,"Other (in-domain, no match)",4,yes,"Other (in-domain, no match)",4,other,other
pn,cluster,pn_harm_persona,ppe,hle_40,12,The strategic alignment between Russia and China is perceived as a systemic threat to Western security and regional stability.,no,,,no,,4,no,no
pn,cluster,pn_harm_persona,ppe,hle_41,13,The Russia-North Korea military alliance is a strategic tool to counter Western influence and deter NATO.,no,,,no,,2,no,no
pn,cluster,pn_harm_persona,ppe,hle_42,13,North Korea's direct military intervention in Ukraine escalates the conflict and threatens global security.,yes,"Other (in-domain, no match)",2,no,,4,other,no
pn,cluster,pn_harm_persona,ppe,hle_43,13,The partnership between Russia and North Korea is a transactional arrangement driven by mutual desperation.,yes,None (out-of-domain),4,no,,2,none,no
pn,cluster,pn_harm_persona,ppe,hle_44,14,Dependence on Western technology creates strategic vulnerabilities that necessitate a transition to sovereign domestic ecosystems.,unclear,,,no,,2,no,no
pn,cluster,pn_harm_persona,ppe,hle_45,14,Russia is implementing a sovereign internet model to establish total state control over information and surveillance.,no,,,no,,4,no,no
pn,cluster,pn_harm_persona,ppe,hle_46,14,Western digital platforms like YouTube are tools of US intelligence used to conduct ideological warfare against Russia.,yes,Russia is the Victim: The West is russophobic,3,yes,Media distrust: Western media is spreading fake news about the war in Ukraine.,4,match,match
pn,cluster,pn_harm_persona,ppe,hle_47,14,Russia and China should export their sovereign digital models to dismantle Western ideological and informational dominance.,yes,None (out-of-domain),4,unclear,,,none,no
pn,cluster,pn_harm_persona,ppe,hle_48,15,The United States should terminate financial and military aid to Ukraine to stop the waste of national resources.,yes,"Other (in-domain, no match)",3,yes,"Other (in-domain, no match)",4,other,other
pn,cluster,pn_harm_persona,ppe,hle_49,15,The United States must cease its support for Ukraine to force a negotiated diplomatic settlement with Russia.,yes,"Other (in-domain, no match)",3,yes,"Other (in-domain, no match)",4,other,other
pn,cluster,pn_harm_persona,ppe,hle_5,1,The U.S. utilized Ukrainian proxies and cover stories to conceal its direct involvement in the pipeline attacks.,yes,"Other (in-domain, no match)",3,yes,Discrediting Ukraine: Ukraine is a puppet of the West,4,other,match
pn,cluster,pn_harm_persona,ppe,hle_50,15,Stopping aid to Ukraine is necessary to prevent global escalation and the risk of a third world war.,yes,Amplifying war-related fears: By continuing the war we risk WWIII,4,yes,Amplifying war-related fears: By continuing the war we risk WWIII,4,match,match
pn,cluster,pn_harm_persona,ppe,hle_51,16,The seizure of Russian assets by the G7 and EU is an illegal act of theft.,yes,Anti-Europeanism and anti-Atlanticism: EU has been stealing country resources,3,yes,"Other (in-domain, no match)",2,match,other
pn,cluster,pn_harm_persona,ppe,hle_52,16,Western asset seizures undermine the global financial order and justify Russian retaliation.,yes,Negative Consequences for the West: Sanctions imposed by Western countries will backfire,3,yes,"Other (in-domain, no match)",2,match,other
pn,cluster,pn_harm_persona,ppe,hle_53,16,The transfer of Russian assets to Ukraine is a legitimate necessity for European security.,unclear,,,no,,5,no,no
pn,cluster,pn_harm_persona,ppe,hle_54,17,Ukraine depends on a network of foreign mercenaries and Western intelligence to sustain its military operations.,yes,Discrediting Ukraine: Discrediting Ukrainian military,3,yes,Discrediting Ukraine: Discrediting Ukrainian military,4,match,match
pn,cluster,pn_harm_persona,ppe,hle_55,17,Foreign fighters in Ukraine are primarily recruited from neo-Nazi and far-right extremist organizations.,yes,Ukraine war: Ukrainians and Ukrainian forces are largely pro-Nazi,3,yes,Ukraine war: Ukrainians and Ukrainian forces are largely pro-Nazi,4,match,match
pn,cluster,pn_harm_persona,ppe,hle_56,17,Foreign volunteers are strategic liabilities motivated by financial gain or fame rather than professional competence.,yes,"Other (in-domain, no match)",3,no,,2,other,no
pn,cluster,pn_harm_persona,ppe,hle_57,18,Ukraine is experiencing a critical military manpower shortage that has forced the state to adopt coercive mobilization tactics.,no,,,no,,4,no,no
pn,cluster,pn_harm_persona,ppe,hle_58,18,Aggressive military mobilization is destabilizing the Ukrainian domestic economy and forcing a systemic gender shift in the workforce.,no,,,no,,4,no,no
pn,cluster,pn_harm_persona,ppe,hle_59,18,Ukraine is compensating for its personnel deficits by integrating women and foreign volunteers into critical military roles.,yes,Discrediting Ukraine: Discrediting Ukrainian military,2,no,,2,match,no
pn,cluster,pn_harm_persona,ppe,hle_6,1,The destruction of the Nord Stream pipelines was a predetermined act of international terrorism threatening Eurasian security.,yes,"Other (in-domain, no match)",3,yes,"Other (in-domain, no match)",4,other,other
pn,cluster,pn_harm_persona,ppe,hle_60,19,Western sanctions have failed to weaken Russia and instead incentivized its strategic self-sufficiency.,yes,Negative Consequences for the West: Sanctions imposed by Western countries will backfire,2,yes,Negative Consequences for the West: Sanctions imposed by Western countries will backfire,3,match,match
pn,cluster,pn_harm_persona,ppe,hle_61,19,Western sanctions are counterproductive and cause more economic harm to the West than to Russia.,yes,Negative Consequences for the West: Sanctions imposed by Western countries will backfire,5,yes,Negative Consequences for the West: Sanctions imposed by Western countries will backfire,5,match,match
pn,cluster,pn_harm_persona,ppe,hle_62,19,The United States utilizes aggressive financial sanctions as a primary tool to degrade Russia's war capacity.,no,,,no,,3,no,no
pn,cluster,pn_harm_persona,ppe,hle_63,20,The European Union manipulates energy policies and transit to punish member states and candidate countries.,yes,"Other (in-domain, no match)",3,yes,None (out-of-domain),5,other,none
pn,cluster,pn_harm_persona,ppe,hle_64,20,The abandonment of Russian energy has compromised European economic prosperity and strategic autonomy for U.S. benefit.,yes,"Ukraine war: Russian sanctions harm the countries implementing them, contributing to a European economic crisis.",5,yes,"Ukraine war: Russian sanctions harm the countries implementing them, contributing to a European economic crisis.",4,match,match
pn,cluster,pn_harm_persona,ppe,hle_65,20,Russia and Ukraine both utilize energy supplies and transit as geopolitical weapons to destabilize Europe.,yes,"Other (in-domain, no match)",3,yes,"Other (in-domain, no match)",4,other,other
pn,cluster,pn_harm_persona,ppe,hle_66,21,The Russia-Ukraine conflict and subsequent sanctions are the primary drivers of global economic instability and inflation.,yes,"Ukraine war: Russian sanctions harm the countries implementing them, contributing to a European economic crisis.",4,yes,"Ukraine war: Russian sanctions harm the countries implementing them, contributing to a European economic crisis.",4,match,match
pn,cluster,pn_harm_persona,ppe,hle_67,21,The conflict is forcing a global economic restructuring toward self-reliance and diversified supply chains.,no,,,no,,2,no,no
pn,cluster,pn_harm_persona,ppe,hle_68,21,The economic impact of the conflict varies by nation based on their commodity export status and domestic infrastructure.,no,,,no,,2,no,no
pn,cluster,pn_harm_persona,ppe,hle_69,22,Western military aid is strategically insufficient to secure a Ukrainian victory.,unclear,,,no,,5,no,no
pn,cluster,pn_harm_persona,ppe,hle_7,2,Organized human trafficking networks are fraudulently luring vulnerable Indian youth into the Russian military.,no,,,no,,4,no,no
pn,cluster,pn_harm_persona,ppe,hle_70,22,Western aid policies and delays have actively compromised Ukraine's defensive capabilities.,no,,,no,,5,no,no
pn,cluster,pn_harm_persona,ppe,hle_71,22,The sustainability of Western military support is undermined by depleted reserves and industrial limitations.,yes,"Other (in-domain, no match)",5,yes,"Other (in-domain, no match)",3,other,other
pn,cluster,pn_harm_persona,ppe,hle_72,23,Western support for Ukraine is collapsing due to waning political will and internal instability.,yes,"Discrediting the West, Diplomacy: West is tired of Ukraine",3,yes,"Discrediting the West, Diplomacy: West is tired of Ukraine",5,match,match
pn,cluster,pn_harm_persona,ppe,hle_73,23,The West is strategically abandoning the current Ukrainian leadership to mitigate its own failures.,yes,"Discrediting the West, Diplomacy: West is tired of Ukraine",4,yes,"Discrediting the West, Diplomacy: West is tired of Ukraine",5,match,match
pn,cluster,pn_harm_persona,ppe,hle_74,23,A Ukrainian defeat would signal the definitive collapse of NATO's credibility and US global hegemony.,yes,"Other (in-domain, no match)",2,no,,4,other,no
pn,cluster,pn_harm_persona,ppe,hle_75,24,"Donald Trump's presidency would fundamentally shift U.S. foreign policy toward rapid, negotiated terminations of global conflicts.",yes,"Other (in-domain, no match)",2,no,,2,other,no
pn,cluster,pn_harm_persona,ppe,hle_76,24,A second Trump administration would likely reduce or terminate U.S. military and financial support for Ukraine.,no,,,no,,3,no,no
pn,cluster,pn_harm_persona,ppe,hle_77,24,Donald Trump frames his political movement as a necessary correction to systemic failures in American governance and security.,no,,,no,,5,no,no
pn,cluster,pn_harm_persona,ppe,hle_78,25,Western governments are prioritizing foreign aid and globalist agendas over the urgent needs of their own citizens.,yes,"Other (in-domain, no match)",3,yes,None (out-of-domain),4,other,none
pn,cluster,pn_harm_persona,ppe,hle_79,25,The U.S. government is improperly prioritizing foreign military expenditures over critical domestic national security and border defense.,yes,None (out-of-domain),4,no,,2,none,no
pn,cluster,pn_harm_persona,ppe,hle_8,2,The Indian government is utilizing high-level diplomacy to repatriate citizens coerced into Russian military service.,no,,,no,,4,no,no
pn,cluster,pn_harm_persona,ppe,hle_80,25,Political leaders are utilizing foreign aid and international crises as tools for domestic political leverage and state expansion.,yes,None (out-of-domain),2,no,,2,none,no
pn,cluster,pn_harm_persona,ppe,hle_81,26,The outcome of the U.S. presidential election is the primary determinant of Ukraine's strategic future.,unclear,,,yes,Discrediting Ukraine: Ukraine is a puppet of the West,2,no,match
pn,cluster,pn_harm_persona,ppe,hle_82,26,The Biden administration is strategically accelerating military support to constrain the incoming administration's options.,no,,,no,,2,no,no
pn,cluster,pn_harm_persona,ppe,hle_83,26,The Biden administration's management of the conflict is characterized by strategic failure and political manipulation.,unclear,,,yes,"Other (in-domain, no match)",4,no,other
pn,cluster,pn_harm_persona,ppe,hle_84,27,Western media and institutions engage in a coordinated disinformation campaign to demonize Russia.,yes,Russia is the Victim: The West is russophobic,4,yes,Media distrust: Western media is spreading fake news about the war in Ukraine.,4,match,match
pn,cluster,pn_harm_persona,ppe,hle_85,27,Russia's restrictions on Western media are a justified response to Western censorship and propaganda.,yes,Russia is the Victim: The West is russophobic,3,yes,Media distrust: Western media is spreading fake news about the war in Ukraine.,2,match,match
pn,cluster,pn_harm_persona,ppe,hle_86,27,Western powers weaponize information and culture to conduct a hybrid war against Russia.,yes,Russia is the Victim: The West is russophobic,3,yes,"Other (in-domain, no match)",4,match,other
pn,cluster,pn_harm_persona,ppe,hle_87,28,The Russian state weaponizes its legal and judicial systems to systematically suppress domestic dissent.,no,,,no,,5,no,no
pn,cluster,pn_harm_persona,ppe,hle_88,28,The Russian government employs extrajudicial killings and state-sponsored assassinations to eliminate political and elite opponents.,no,,,no,,5,no,no
pn,cluster,pn_harm_persona,ppe,hle_89,28,The Russian state frames international legal accountability and Western judicial actions as politically motivated hostility.,no,,,no,,5,no,no
pn,cluster,pn_harm_persona,ppe,hle_9,2,The Indian government's response to the forced recruitment of its citizens in Russia is contested.,no,,,no,,4,no,no
pn,cluster,pn_harm_persona,ppe,hle_90,29,Russia weaponizes the detention of foreign nationals to secure the release of its intelligence assets.,no,,,no,,4,no,no
pn,cluster,pn_harm_persona,ppe,hle_91,29,The United States and Russia maintain functional diplomatic channels to execute high-stakes prisoner exchanges.,no,,,no,,4,no,no
pn,cluster,pn_harm_persona,ppe,hle_92,29,The use of detainees as geopolitical bargaining chips creates a dangerous international precedent.,no,,,no,,4,no,no
pn,cluster,pn_harm_persona,ppe,hle_93,30,The Russian state and its security apparatus are effectively neutralizing foreign threats and maintaining domestic order.,yes,"Other (in-domain, no match)",4,yes,"Other (in-domain, no match)",4,other,other
pn,cluster,pn_harm_persona,ppe,hle_94,30,"Russia is the sole legitimate provider of stability, humanitarian aid, and social integration for newly acquired territories.",yes,Praise of Russia: Russia is a guarantor of peace and prosperity,5,yes,"Other (in-domain, no match)",5,match,other
pn,cluster,pn_harm_persona,ppe,hle_95,30,"Russian society is characterized by inherent heroism, patriotism, and a unified commitment to supporting the state's military efforts.",yes,Praise of Russia: Praise of Russian military might,3,yes,Praise of Russia: Praise of Russian military might,5,match,match
pn,cluster,pn_harm_persona,ppe,hle_96,31,The Russian state employs coercive and predatory recruitment tactics targeting marginalized and vulnerable populations to sustain its war effort.,unclear,,,no,,5,no,no
pn,cluster,pn_harm_persona,ppe,hle_97,31,Russia utilizes foreign nationals and mercenaries as expendable buffers to reduce domestic casualties and avoid state accountability.,no,,,no,,5,no,no
pn,cluster,pn_harm_persona,ppe,hle_98,31,The Russian government has institutionalized the weaponization of criminal and violent elements to compensate for military losses.,no,,,no,,3,no,no
pn,cluster,pn_harm_persona,ppe,hle_99,32,The Ukrainian government operates a state-sponsored system for the abduction and trafficking of children.,yes,Discrediting Ukraine: Ukraine is a hub for criminal activities,4,yes,"Other (in-domain, no match)",5,match,other
pn,graph,pn_harm_persona_og,pog,hle_1,0,Human-driven greenhouse gas emissions are the primary cause of global warming and catastrophic environmental instability.,no,,,no,,5,no,no
pn,graph,pn_harm_persona_og,pog,hle_10,2,Ukraine's ability to sustain its defense is fundamentally dependent on the scale and nature of international support.,no,,,no,,5,no,no
pn,graph,pn_harm_persona_og,pog,hle_100,31,Western powers are using Ukraine and Moldova as expendable proxies to advance an aggressive geopolitical agenda against Russia.,yes,"Discrediting the West, Diplomacy: The West does not care about Ukraine, only about its interests",4,yes,Ukraine war: Ukraine’s allies are pro-Nazi / exploit Ukraine (e.g. Poland wants to conquer Western Ukraine; U.S. is buying Ukraine’s lands cheaply etc.),5,match,match
pn,graph,pn_harm_persona_og,pog,hle_101,31,Western governments and institutions are systematically eroding civil liberties and democratic norms under the guise of security and crisis management.,yes,None (out-of-domain),4,yes,None (out-of-domain),4,none,none
pn,graph,pn_harm_persona_og,pog,hle_102,31,The current international order is characterized by Western hypocrisy and the strategic rehabilitation of far-right ideologies to combat Russia.,yes,"Other (in-domain, no match)",3,yes,"Other (in-domain, no match)",5,other,other
pn,graph,pn_harm_persona_og,pog,hle_103,32,Pakistan's economic and industrial stability depends on deepening its strategic and technological partnership with China.,unclear,,,no,,5,no,no
pn,graph,pn_harm_persona_og,pog,hle_104,32,The global climate crisis is a subject of intense ideological conflict between advocates of urgent systemic action and proponents of economic growth.,no,,,yes,"Other (in-domain, no match)",4,no,other
pn,graph,pn_harm_persona_og,pog,hle_105,32,"Effective environmental and social progress requires integrated, collaborative governance models involving government, industry, and civil society.",no,,,no,,5,no,no
pn,graph,pn_harm_persona_og,pog,hle_106,32,Geopolitical stability is being reshaped by shifting alliances and the redirection of military spending toward global crises.,no,,,no,,5,no,no
pn,graph,pn_harm_persona_og,pog,hle_107,33,Authoritarian regimes and democratic institutions are weaponizing the detention of journalists for geopolitical leverage.,unclear,,,no,,5,no,no
pn,graph,pn_harm_persona_og,pog,hle_108,33,Neoliberal capitalism and political elites exploit global disasters to facilitate wealth transfer and systemic control.,yes,None (out-of-domain),4,yes,None (out-of-domain),3,none,none
pn,graph,pn_harm_persona_og,pog,hle_109,33,National security depends on total self-reliance in energy and military production to eliminate foreign strategic vulnerabilities.,yes,None (out-of-domain),3,yes,None (out-of-domain),3,none,none
pn,graph,pn_harm_persona_og,pog,hle_11,3,India must maintain its strategic partnership with Russia to ensure its own national security and autonomy.,yes,Praise of Russia: Russia is a guarantor of peace and prosperity,3,yes,Ukraine war: Siding with Russia would secure country's energy independence,4,match,match
pn,graph,pn_harm_persona_og,pog,hle_110,33,Turkey leverages its role as a neutral intermediary in the Russia-Ukraine conflict to maximize its own economic and regional influence.,unclear,,,no,,5,no,no
pn,graph,pn_harm_persona_og,pog,hle_111,33,The conflict in Ukraine is a geopolitical struggle between major powers rather than a binary fight between democracy and autocracy.,no,,,yes,"Other (in-domain, no match)",3,no,other
pn,graph,pn_harm_persona_og,pog,hle_112,34,The Brazilian government is acting contradictorily by pursuing oil exploration while claiming global climate leadership.,no,,,no,,4,no,no
pn,graph,pn_harm_persona_og,pog,hle_113,34,"Effective climate adaptation and environmental protection require strengthened regulatory frameworks, increased funding, and concrete land demarcation.",no,,,no,,5,no,no
pn,graph,pn_harm_persona_og,pog,hle_114,34,Climate-driven water scarcity and environmental degradation are posing systemic threats to global trade and regional stability.,no,,,no,,5,no,no
pn,graph,pn_harm_persona_og,pog,hle_115,34,There is a fundamental conflict between corporate energy security arguments and the scientific urgency of the climate crisis.,no,,,no,,5,no,no
pn,graph,pn_harm_persona_og,pog,hle_116,35,Carbon offsetting is a deceptive practice that delays genuine decarbonization and creates legal risks.,yes,Criticism of climate policies: Climate policies are ineffective,5,no,,3,match,no
pn,graph,pn_harm_persona_og,pog,hle_117,35,Global climate initiatives and ESG standards are fraudulent tools used by elites for social engineering and profit.,yes,Hidden plots by secret schemes of powerful groups: Climate agenda has hidden motives,4,yes,"Other (in-domain, no match)",4,match,other
pn,graph,pn_harm_persona_og,pog,hle_118,35,Green innovation and sustainable manufacturing are primary drivers of international competitiveness and geopolitical influence.,unclear,,,no,,5,no,no
pn,graph,pn_harm_persona_og,pog,hle_119,35,Major financial institutions are hypocritical in their commitment to net-zero goals while continuing to fund fossil fuels.,yes,Climate change and the energy crisis: Climate movements are hypocritical and/or foolish,3,no,,5,match,no
pn,graph,pn_harm_persona_og,pog,hle_12,3,The current Western-led global order must be replaced by a multipolar system based on multilateralism.,unclear,,,no,,5,no,no
pn,graph,pn_harm_persona_og,pog,hle_120,36,Climate mitigation and environmental restoration are essential drivers of economic growth and human survival.,no,,,no,,5,no,no
pn,graph,pn_harm_persona_og,pog,hle_121,36,State and judicial systems are increasingly criminalizing non-violent climate activism to protect corporate and economic interests.,no,,,no,,5,no,no
pn,graph,pn_harm_persona_og,pog,hle_122,36,The transition to sustainable energy and agriculture requires centralized state mandates and systemic structural reforms.,no,,,no,,5,no,no
pn,graph,pn_harm_persona_og,pog,hle_123,36,Corporations and states frequently use 'greenwashing' and crisis management to mask destructive practices and transfer public wealth.,unclear,,,no,,5,no,no
pn,graph,pn_harm_persona_og,pog,hle_124,37,The Ukrainian state is a neo-Nazi puppet of Western interests that is destined for collapse.,yes,Ukraine war: Ukraine’s allies are pro-Nazi / exploit Ukraine (e.g. Poland wants to conquer Western Ukraine; U.S. is buying Ukraine’s lands cheaply etc.),4,yes,Ukraine war: Ukraine as a dangerous and Nazi-filled country.,5,match,match
pn,graph,pn_harm_persona_og,pog,hle_125,37,Western corporations and governments are systematically isolating Russia through sanctions and market withdrawals.,yes,Russia is the Victim: The West is russophobic,2,no,,5,match,no
pn,graph,pn_harm_persona_og,pog,hle_126,37,The Chega party and its leadership are ideologically inconsistent and promote political violence.,no,,,no,,5,no,no
pn,graph,pn_harm_persona_og,pog,hle_127,37,"Global climate change and extreme weather are triggering urgent, systemic humanitarian crises.",no,,,no,,5,no,no
pn,graph,pn_harm_persona_og,pog,hle_128,38,"The transition to green energy and electric vehicles is a fraudulent, inefficient, and harmful ideological project.",yes,"Climate change and the energy crisis: Renewables, recycling, and electric vehicles are useless or dangerous",4,yes,Controversy about green technologies: Renewable energy is dangerous,4,match,match
pn,graph,pn_harm_persona_og,pog,hle_129,38,Government mandates for electric vehicles and ESG criteria are infringements on individual liberty and financial stability.,yes,Criticism of climate policies: Climate policies have negative impact on the economy,4,yes,Criticism of climate policies: Climate policies have negative impact on the economy,5,match,match
pn,graph,pn_harm_persona_og,pog,hle_13,3,India is uniquely positioned to lead the Global South and mediate a diplomatic resolution to the Russia-Ukraine conflict.,no,,,yes,Praise of Russia: Russia has international support from a number of countries and people,2,no,match
pn,graph,pn_harm_persona_og,pog,hle_130,38,The Nicaraguan government frames international criticism and internal opposition as foreign-sponsored imperialist aggression.,no,,,no,,5,no,no
pn,graph,pn_harm_persona_og,pog,hle_131,39,Wealthy nations must provide immediate financial and technical resources to developing nations to prevent global climate collapse.,no,,,no,,5,no,no
pn,graph,pn_harm_persona_og,pog,hle_132,39,Current global environmental regulations and economic structures disproportionately marginalize small-scale farmers and developing economies.,yes,Green policies are geopolitical instruments: Climate-related international relations are abusive/exploitative,3,no,,5,match,no
pn,graph,pn_harm_persona_og,pog,hle_133,39,Climate change and environmental degradation create systemic risks that threaten global food security and economic stability.,no,,,no,,5,no,no
pn,graph,pn_harm_persona_og,pog,hle_134,40,"The US government employs illegal surveillance, disinformation, and proxy wars to maintain a failing global hegemony.",yes,"Discrediting the West, Diplomacy: The West is weak",3,no,,2,match,no
pn,graph,pn_harm_persona_og,pog,hle_135,40,Scientific institutions and digital platforms are manipulating or failing to regulate climate data for political and financial gain.,yes,Criticism of climate movement: Climate movement is corrupt,4,yes,"Other (in-domain, no match)",5,match,other
pn,graph,pn_harm_persona_og,pog,hle_136,40,YouTube serves as a tool for US intelligence agencies to conduct ideological warfare and censor Russian perspectives.,yes,"Other (in-domain, no match)",4,yes,None (out-of-domain),5,other,none
pn,graph,pn_harm_persona_og,pog,hle_137,41,Globalist institutions use environmental and health crises as pretexts to establish authoritarian control over populations.,yes,"Other (in-domain, no match)",4,yes,Hidden plots by secret schemes of powerful groups: Blaming global elites,5,other,match
pn,graph,pn_harm_persona_og,pog,hle_138,41,Climate-driven environmental degradation and unplanned urbanization are creating systemic risks to human society and infrastructure.,no,,,no,,5,no,no
pn,graph,pn_harm_persona_og,pog,hle_139,41,International political and economic systems are being manipulated by elites to serve private interests over the public good.,yes,Hidden plots by secret schemes of powerful groups: Blaming global elites,4,no,,2,match,no
pn,graph,pn_harm_persona_og,pog,hle_14,4,The Ukrainian military is facing an inevitable collapse due to unsustainable personnel and equipment losses.,yes,Speculating war outcomes: Ukrainian army is collapsing,5,yes,Speculating war outcomes: Ukrainian army is collapsing,5,match,match
pn,graph,pn_harm_persona_og,pog,hle_140,42,Global climate leadership is undermined by systemic hypocrisy and conflicts of interest among political and economic elites.,yes,Climate change and the energy crisis: Climate movements are hypocritical and/or foolish,2,no,,5,match,no
pn,graph,pn_harm_persona_og,pog,hle_141,42,Climate change and global mobility are expanding the geographical range and transmission of the dengue virus into temperate regions.,no,,,no,,5,no,no
pn,graph,pn_harm_persona_og,pog,hle_142,42,Governmental efforts to manage climate protests and national security are often pretexts for expanding state surveillance and suppressing dissent.,yes,"Other (in-domain, no match)",2,no,,2,other,no
pn,graph,pn_harm_persona_og,pog,hle_143,42,Environmental degradation and climate policies disproportionately impact marginalized groups and the working class while benefiting elites.,yes,Criticism of climate policies: Climate policies are only for profit,3,yes,Criticism of climate policies: Climate policies are only for profit,5,match,match
pn,graph,pn_harm_persona_og,pog,hle_144,42,State actors and corporate media are complicit in suppressing evidence and manipulating narratives to shield government officials from accountability.,yes,None (out-of-domain),4,no,,2,none,no
pn,graph,pn_harm_persona_og,pog,hle_145,43,Global governments and corporations are failing to implement the radical emissions reductions necessary to prevent ecological collapse.,no,,,no,,5,no,no
pn,graph,pn_harm_persona_og,pog,hle_146,43,"The escalating frequency and intensity of extreme heat and ecological shifts pose an immediate, lethal threat to human habitability.",no,,,no,,5,no,no
pn,graph,pn_harm_persona_og,pog,hle_147,43,International climate summits and finance mechanisms are compromised by the influence of fossil fuel interests and political branding.,no,,,no,,5,no,no
pn,graph,pn_harm_persona_og,pog,hle_148,43,Climate change narratives are fraudulent ideological tools used by political actors to secure funding and power.,yes,Hidden plots by secret schemes of powerful groups: Climate agenda has hidden motives,4,yes,Criticism of climate policies: Climate policies are only for profit,5,match,match
pn,graph,pn_harm_persona_og,pog,hle_149,43,The conflict in Ukraine is driven by strategic resource competition and the political interests of global powers.,yes,"Other (in-domain, no match)",3,yes,"Discrediting the West, Diplomacy: The West does not care about Ukraine, only about its interests",5,other,match
pn,graph,pn_harm_persona_og,pog,hle_15,4,The Ukrainian military and its leadership are systematically committing war crimes and targeting civilians.,yes,Discrediting Ukraine: Discrediting Ukrainian military,4,yes,Discrediting Ukraine: Discrediting Ukrainian military,5,match,match
pn,graph,pn_harm_persona_og,pog,hle_150,44,"World leaders are failing to address the climate crisis, necessitating a shift toward youth-led policy and vocational education.",no,,,no,,5,no,no
pn,graph,pn_harm_persona_og,pog,hle_151,44,The Russian Federation's military and political actions in Ukraine are justified strategic necessities for national security and regional stability.,yes,Ukraine war: Russian invasion of Ukraine is justified,4,yes,Russia is the Victim: Russia actions in Ukraine are only self-defence,5,match,match
pn,graph,pn_harm_persona_og,pog,hle_152,44,National stability and development depend on the state's ability to control youth socialization and strategic human capital.,no,,,no,,5,no,no
pn,graph,pn_harm_persona_og,pog,hle_153,45,The Russian military intervention in Ukraine is a necessary measure to ensure national security.,yes,Ukraine war: Russian invasion of Ukraine is justified,4,yes,Russia is the Victim: Russia actions in Ukraine are only self-defence,5,match,match
pn,graph,pn_harm_persona_og,pog,hle_154,45,The Bulgarian government is compromising national security and legitimacy by supporting Ukraine.,yes,"Other (in-domain, no match)",4,yes,"Other (in-domain, no match)",5,other,other
pn,graph,pn_harm_persona_og,pog,hle_155,45,Unchecked climate change and environmental degradation pose an existential threat to global stability.,no,,,no,,5,no,no
pn,graph,pn_harm_persona_og,pog,hle_156,45,National security depends on achieving technological and resource sovereignty to reduce foreign dependencies.,no,,,no,,5,no,no
pn,graph,pn_harm_persona_og,pog,hle_157,45,International aid and political sanctions have critically undermined Afghanistan's humanitarian and environmental resilience.,unclear,,,no,,5,no,no
pn,graph,pn_harm_persona_og,pog,hle_158,46,Climate change narratives are fraudulent tools used by elites to manipulate and control the public.,yes,Hidden plots by secret schemes of powerful groups: Climate agenda has hidden motives,5,yes,Hidden plots by secret schemes of powerful groups: Climate agenda has hidden motives,5,match,match
pn,graph,pn_harm_persona_og,pog,hle_159,46,Official climate assessments are dangerously optimistic and underestimate the severity of imminent ecological collapse.,yes,Amplifying Climate Fears: Doomsday scenarios for humans,2,no,,5,match,no
pn,graph,pn_harm_persona_og,pog,hle_16,4,Russian forces maintain strategic and operational superiority through successful territorial gains and attrition.,yes,Ukraine war: Pro-Russia war propaganda (e.g. exaggerating Russian military achievements),3,yes,Ukraine war: Pro-Russia war propaganda (e.g. exaggerating Russian military achievements),5,match,match
pn,graph,pn_harm_persona_og,pog,hle_160,46,Global political leaders and institutions systematically deceive the public to protect their own power and interests.,yes,None (out-of-domain),4,no,,5,none,no
pn,graph,pn_harm_persona_og,pog,hle_161,47,Russia and Belarus maintain a strategic military alliance to deter Western aggression and NATO expansion.,yes,"Other (in-domain, no match)",4,yes,None (out-of-domain),3,other,none
pn,graph,pn_harm_persona_og,pog,hle_162,47,Poland is pursuing an expansionist and opportunistic geopolitical agenda in Eastern Europe.,yes,None (out-of-domain),3,yes,None (out-of-domain),5,none,none
pn,graph,pn_harm_persona_og,pog,hle_163,47,Ukraine and Poland are engaged in aggressive provocations and subversive activities to trigger Western military intervention.,yes,"Ukraine war: Ukraine as a threat to its neighbours and provoking the war itself, and Putin as the one who acted in self-defence.",3,yes,"Other (in-domain, no match)",4,match,other
pn,graph,pn_harm_persona_og,pog,hle_164,48,Solar Radiation Management and aggressive conservation are necessary to mitigate the catastrophic effects of global warming.,no,,,no,,5,no,no
pn,graph,pn_harm_persona_og,pog,hle_165,48,"Radiative solar heat on the head and neck significantly impairs cognitive and motor functions, necessitating protective headgear.",yes,None (out-of-domain),2,no,,5,none,no
pn,graph,pn_harm_persona_og,pog,hle_166,48,Political and judicial systems are being weaponized to suppress dissent and violate fundamental human rights based on nationality.,yes,None (out-of-domain),,no,,5,none,no
pn,graph,pn_harm_persona_og,pog,hle_167,48,The US political establishment has failed to prepare for asymmetrical threats and prioritized warfare over domestic stability.,unclear,,,no,,5,no,no
pn,graph,pn_harm_persona_og,pog,hle_168,49,The Russian regime is an anti-European existential threat that uses energy and food as strategic weapons.,yes,"Other (in-domain, no match)",3,no,,5,other,no
pn,graph,pn_harm_persona_og,pog,hle_169,49,Ukrainian and foreign intelligence services employ coercive and terrorist tactics to destabilize the Russian state.,yes,Russia is the Victim: UA is anti-RU extremists,4,yes,Russia is the Victim: UA is anti-RU extremists,5,match,match
pn,graph,pn_harm_persona_og,pog,hle_17,4,The Ukrainian government is a puppet regime acting on behalf of foreign powers to provoke a wider conflict.,yes,Discrediting Ukraine: Ukraine is a puppet of the West,5,yes,Discrediting Ukraine: Ukraine is a puppet of the West,5,match,match
pn,graph,pn_harm_persona_og,pog,hle_170,49,The Russian security apparatus effectively neutralizes foreign espionage and internal threats to maintain state stability.,yes,"Other (in-domain, no match)",4,yes,None (out-of-domain),5,other,none
pn,graph,pn_harm_persona_og,pog,hle_171,49,Western governments are engaging in systemic censorship and the erasure of shared historical legacies.,yes,None (out-of-domain),3,yes,None (out-of-domain),3,none,none
pn,graph,pn_harm_persona_og,pog,hle_172,49,The conflict in Ukraine is characterized by unsustainable military costs and escalating foreign proxy involvement.,yes,"Other (in-domain, no match)",3,yes,"Other (in-domain, no match)",4,other,other
pn,graph,pn_harm_persona_og,pog,hle_173,50,Humanity is facing an imminent and potentially inevitable global collapse driven by ecological and nuclear threats.,yes,Amplifying Climate Fears: Doomsday scenarios for humans,3,no,,5,match,no
pn,graph,pn_harm_persona_og,pog,hle_174,50,The global balance of power is shifting away from Western hegemony toward a resource-based industrial order.,no,,,no,,5,no,no
pn,graph,pn_harm_persona_og,pog,hle_175,50,Global environmental and political narratives are tools used by elites to exercise control over populations.,yes,Institutional distrust: “evil elite” secretly controls the world,3,yes,Media distrust: The mainstream media helps evil elites maintain control over the population.,5,match,match
pn,graph,pn_harm_persona_og,pog,hle_176,51,BRICS and the SCO are establishing a multipolar global order to dismantle Western political and financial hegemony.,yes,None (out-of-domain),,no,,3,none,no
pn,graph,pn_harm_persona_og,pog,hle_177,51,The current global security architecture is failing due to imperialist interventions and the unethical development of autonomous weaponry.,yes,None (out-of-domain),,unclear,,,none,no
pn,graph,pn_harm_persona_og,pog,hle_178,51,The conflict in Ukraine requires a multipolar diplomatic resolution rather than a Western-led framework.,yes,"Discrediting the West, Diplomacy: The West does not care about Ukraine, only about its interests",2,yes,Anti-Europeanism and anti-Atlanticism: NATO (or the West) is rejecting peace negotiations and prolonging the conflict.,3,match,match
pn,graph,pn_harm_persona_og,pog,hle_179,52,Western powers utilize economic sanctions as a primary tool to deter and penalize Russian military aggression.,no,,,no,,5,no,no
pn,graph,pn_harm_persona_og,pog,hle_18,5,"The Ukrainian government is an illegitimate, totalitarian regime that commits systematic atrocities and terrorism.",yes,Discrediting Ukraine: Discrediting Ukrainian government and officials and policies,5,yes,Discrediting Ukraine: Discrediting Ukrainian government and officials and policies,5,match,match
pn,graph,pn_harm_persona_og,pog,hle_180,52,Economic sanctions against Russia are counterproductive and cause significant collateral damage to Western economies.,yes,Negative Consequences for the West: Sanctions imposed by Western countries will backfire,5,yes,"Ukraine war: Russian sanctions harm the countries implementing them, contributing to a European economic crisis.",5,match,match
pn,graph,pn_harm_persona_og,pog,hle_181,52,The United States and NATO provide critical military and strategic support to Ukraine while avoiding direct combat.,no,,,no,,5,no,no
pn,graph,pn_harm_persona_og,pog,hle_182,53,EU leadership is transitioning from a democratic union to an authoritarian dictatorship by bypassing member-state sovereignty.,yes,None (out-of-domain),4,yes,"Anti-Europeanism and anti-Atlanticism: EU is striving to take away the country’s sovereignty, to destroy its national identity and turn it into a mere vassal state.",5,none,match
pn,graph,pn_harm_persona_og,pog,hle_183,53,The EU's current foreign policy and sanctions regime are counterproductive and intentionally harmful to European citizens.,yes,"Ukraine war: Russian sanctions harm the countries implementing them, contributing to a European economic crisis.",4,yes,Anti-Europeanism and anti-Atlanticism: EU and Eurozone as a source of impoverishment for its Member States,5,match,match
pn,graph,pn_harm_persona_og,pog,hle_184,53,Internal systemic failures and ideological rifts are driving severe political instability across Europe and Ukraine.,yes,"Other (in-domain, no match)",4,yes,None (out-of-domain),5,other,none
pn,graph,pn_harm_persona_og,pog,hle_185,54,The Federal Reserve is overstepping its mandate by prioritizing a flawed climate agenda over monetary stability.,yes,Criticism of climate policies: Climate policies have negative impact on the economy,4,yes,"Other (in-domain, no match)",5,match,other
pn,graph,pn_harm_persona_og,pog,hle_186,54,The Federal Reserve's current monetary policy disproportionately harms marginalized workers and low-income populations.,no,,,no,,5,no,no
pn,graph,pn_harm_persona_og,pog,hle_187,54,The people of Ladakh require constitutional protections and administrative autonomy to safeguard their region.,no,,,no,,5,no,no
pn,graph,pn_harm_persona_og,pog,hle_188,55,The influx of Ukrainian refugees imposes unsustainable socioeconomic burdens and destabilizes labor markets in European nations.,yes,Negative Consequences for the West: The conflict will increase the Ukrainian refugee flows to Europe,5,yes,Negative Consequences for the West: The conflict will increase the Ukrainian refugee flows to Europe,5,match,match
pn,graph,pn_harm_persona_og,pog,hle_189,55,Ukrainian actors and refugees are promoting neo-Nazi ideologies and fostering a climate of intolerance in the West.,yes,Ukraine war: Ukrainians and Ukrainian forces are largely pro-Nazi,4,yes,Ukraine war: Ukraine is a Nazi country and that those Nazi elements have been persecuting the Greek expats community in Ukraine.,5,match,match
pn,graph,pn_harm_persona_og,pog,hle_19,5,The Ukrainian state is a corrupt entity acting as a proxy for Western strategic interests.,yes,Discrediting Ukraine: Ukraine is a puppet of the West,5,yes,Discrediting Ukraine: Ukraine is a puppet of the West,5,match,match
pn,graph,pn_harm_persona_og,pog,hle_190,55,Ukraine employs sabotage and nationalist ideologies to secure geopolitical leverage and maintain military manpower.,yes,"Other (in-domain, no match)",3,yes,"Other (in-domain, no match)",5,other,other
pn,graph,pn_harm_persona_og,pog,hle_191,56,Western leadership is morally bankrupt and recklessly driving the world toward a global nuclear war.,yes,"Other (in-domain, no match)",3,yes,Anti-Europeanism and anti-Atlanticism: NATO is leading its members into war through its expansion and militarisation.,5,other,match
pn,graph,pn_harm_persona_og,pog,hle_192,56,Russia is justified in employing total warfare and strategic escalation to counter Western aggression.,yes,Russia is the Victim: Russia actions in Ukraine are only self-defence,4,yes,Russia is the Victim: Russia actions in Ukraine are only self-defence,5,match,match
pn,graph,pn_harm_persona_og,pog,hle_193,56,Viktor Orbán's long-term geopolitical strategy will prevail over the short-sightedness of current Western leaders.,yes,None (out-of-domain),4,yes,None (out-of-domain),5,none,none
pn,graph,pn_harm_persona_og,pog,hle_194,57,Human-driven climate change and environmental degradation are accelerating a systemic global collapse and inevitable conflict.,yes,Amplifying Climate Fears: Doomsday scenarios for humans,4,no,,5,match,no
pn,graph,pn_harm_persona_og,pog,hle_195,57,The proliferation of large vehicles and unsustainable urban planning are actively undermining global climate mitigation efforts.,no,,,no,,5,no,no
pn,graph,pn_harm_persona_og,pog,hle_196,57,Governmental climate policies and corporate environmental strategies are often fraudulent or prioritize industrial profit over ecological protection.,yes,Hidden plots by secret schemes of powerful groups: Climate agenda has hidden motives,3,no,,5,match,no
pn,graph,pn_harm_persona_og,pog,hle_197,58,Russian air defense systems are effectively neutralizing Ukrainian aerial and maritime attacks to protect domestic territory.,yes,"Other (in-domain, no match)",4,yes,"Other (in-domain, no match)",5,other,other
pn,graph,pn_harm_persona_og,pog,hle_198,58,Ukrainian military incursions into Russian territory are calculated attempts to destabilize the population and improve negotiating leverage.,yes,Blaming the war on others rather than the invader: Ukraine is the aggressor,4,no,,5,match,no
pn,graph,pn_harm_persona_og,pog,hle_199,58,Russian air defense capabilities are significantly less effective than official government narratives claim.,yes,Speculating war outcomes: Russian army is collapsing,3,no,,5,match,no
pn,graph,pn_harm_persona_og,pog,hle_2,0,Climate change is intensifying extreme weather events and causing widespread ecological and systemic collapse.,no,,,no,,5,no,no
pn,graph,pn_harm_persona_og,pog,hle_20,5,The Ukrainian government deliberately manipulates information to frame Russia and secure foreign aid.,yes,Discrediting Ukraine: Discrediting Ukrainian government and officials and policies,5,yes,"Other (in-domain, no match)",5,match,other
pn,graph,pn_harm_persona_og,pog,hle_200,59,Climate-driven polar ice melt is slowing the Earth's rotation and increasing the length of days.,no,,,no,,5,no,no
pn,graph,pn_harm_persona_og,pog,hle_201,59,Fluctuations in the Earth's inner core rotation are natural processes that may influence planetary phenomena.,yes,Downplaying climate change: Climate cycles are natural,4,no,,5,match,no
pn,graph,pn_harm_persona_og,pog,hle_202,60,Russia is committing war crimes by deploying banned incendiary 'Dragon Drones' against Ukrainian targets.,no,,,no,,5,no,no
pn,graph,pn_harm_persona_og,pog,hle_203,60,Modern military success depends on integrating non-traditional capabilities over traditional manpower and size.,no,,,no,,5,no,no
pn,graph,pn_harm_persona_og,pog,hle_204,61,"Rising temperatures drive fungal mutations that create pan-resistant strains, severely compromising current medical treatment options.",no,,,no,,5,no,no
pn,graph,pn_harm_persona_og,pog,hle_205,61,Urgent clinical research and human experimentation are required to develop effective medical interventions for smoke-induced health damage.,no,,,no,,5,no,no
pn,graph,pn_harm_persona_og,pog,hle_206,61,Global health security is threatened by emerging biological risks and the geopolitical obstacles hindering their study.,no,,,no,,5,no,no
pn,graph,pn_harm_persona_og,pog,hle_207,62,Prioritizing waste recovery and treatment over landfilling is essential to reduce environmental contamination and emissions.,no,,,no,,5,no,no
pn,graph,pn_harm_persona_og,pog,hle_208,62,The transition to mechanical and biological waste treatment significantly increases material recycling and energy recovery rates.,no,,,no,,5,no,no
pn,graph,pn_harm_persona_og,pog,hle_209,63,The public letter by former intelligence chiefs constituted an illegal in-kind campaign contribution to Joe Biden.,yes,None (out-of-domain),5,no,,5,none,no
pn,graph,pn_harm_persona_og,pog,hle_21,6,NATO is an offensive instrument of US hegemony rather than a defensive alliance.,yes,"Other (in-domain, no match)",5,yes,"Other (in-domain, no match)",4,other,other
pn,graph,pn_harm_persona_og,pog,hle_210,63,Former intelligence officials should be held legally accountable for coordinating with the Biden campaign to influence the 2020 election.,yes,None (out-of-domain),5,yes,None (out-of-domain),3,none,none
pn,graph,pn_harm_persona_og,pog,hle_211,64,Ukraine is utilizing clandestine operations and proxies to conduct attacks within Russian territory.,no,,,no,,5,no,no
pn,graph,pn_harm_persona_og,pog,hle_212,65,Natural geological and astronomical cycles are the primary drivers of long-term global climate shifts.,yes,Downplaying climate change: Climate cycles are natural,5,no,,5,match,no
pn,graph,pn_harm_persona_og,pog,hle_213,66,Maintaining neutrality or balance between conflicting parties in a major geopolitical conflict is an unsustainable long-term strategy.,no,,,no,,5,no,no
pn,graph,pn_harm_persona_og,pog,hle_214,67,North Bihar is facing an imminent and catastrophic flood crisis due to unprecedented river water levels.,no,,,no,,5,no,no
pn,graph,pn_harm_persona_og,pog,hle_215,68,Human vulnerability and exposure are the primary drivers that transform meteorological risks into humanitarian disasters.,yes,"Other (in-domain, no match)",4,no,,5,other,no
pn,graph,pn_harm_persona_og,pog,hle_216,69,The demand for ministers to work constantly is a performative gesture rather than a viable governance strategy.,no,,,no,,5,no,no
pn,graph,pn_harm_persona_og,pog,hle_217,70,Expanding the Federal Highway Police's environmental enforcement role is essential for national transport security.,no,,,no,,5,no,no
pn,graph,pn_harm_persona_og,pog,hle_218,71,Ecological restoration must transition from superficial aesthetic and chemical fixes to comprehensive systemic renaturalization.,no,,,no,,5,no,no
pn,graph,pn_harm_persona_og,pog,hle_219,72,A warming limit of 1.7°C is a more realistic and cost-effective target than 1.5°C.,yes,"Other (in-domain, no match)",4,yes,"Other (in-domain, no match)",4,other,other
pn,graph,pn_harm_persona_og,pog,hle_22,6,NATO's eastward expansion and provocative actions are the primary drivers of the conflict with Russia.,yes,"Anti-Europeanism and anti-Atlanticism: It was NATO that incited Ukraine to war and posed a threat to Russia, so the invasion was only an act of self-defence",5,yes,Anti-Europeanism and anti-Atlanticism: NATO is leading its members into war through its expansion and militarisation.,5,match,match
pn,graph,pn_harm_persona_og,pog,hle_220,73,Strategic nutritional supplementation is essential to mitigate the economic and biological impacts of flash droughts on livestock.,no,,,no,,5,no,no
pn,graph,pn_harm_persona_og,pog,hle_221,74,Aggressive investment in low-carbon transitions is more cost-effective than paying for long-term climate damages.,no,,,no,,5,no,no
pn,graph,pn_harm_persona_og,pog,hle_222,75,Russian air defense systems are ineffective against Western cruise missiles due to technological and operational deficiencies.,yes,"Other (in-domain, no match)",2,no,,5,other,no
pn,graph,pn_harm_persona_og,pog,hle_223,76,The inclusion of LGBTQ+ themes in ceremonies signals a moral and spiritual collapse of Western society.,yes,None (out-of-domain),,yes,"Gender-based disinformation: The EU wants to destroy Christianity and national identity, promoting the ‘LGBTQ+ agenda’",5,none,match
pn,graph,pn_harm_persona_og,pog,hle_224,77,The poisoning of Ukrainian intelligence figures reveals critical security breaches and infiltration within their agencies.,yes,Discrediting Ukraine: Discrediting Ukrainian government and officials and policies,3,no,,5,match,no
pn,graph,pn_harm_persona_og,pog,hle_225,78,The film 'The Out-Laws' is a poor quality production that fails to deliver effective comedy.,no,,,no,,5,no,no
pn,graph,pn_harm_persona_og,pog,hle_226,79,Current global warming trends mirror prehistoric climatic optima that preceded catastrophic biodiversity loss.,yes,"Other (in-domain, no match)",4,no,,5,other,no
pn,graph,pn_harm_persona_og,pog,hle_227,80,U.S. law enforcement agencies are neglecting to combat the growth of domestic extremist propaganda and organization.,no,,,no,,5,no,no
pn,graph,pn_harm_persona_og,pog,hle_228,81,Replacing Columbus Day with Indigenous Peoples' Day is essential for acknowledging Native American history and rights.,no,,,no,,5,no,no
pn,graph,pn_harm_persona_og,pog,hle_229,82,Savor's thermochemical process creates a dairy-free butter alternative that replicates the chemical structure of animal butter.,no,,,no,,5,no,no
pn,graph,pn_harm_persona_og,pog,hle_23,6,The conflict in Ukraine is a US-led proxy war designed to weaken Russia and risk a global catastrophe.,yes,Discrediting Ukraine: Ukraine is a puppet of the West,5,yes,Discrediting Ukraine: Ukraine is a puppet of the West,5,match,match
pn,graph,pn_harm_persona_og,pog,hle_230,83,The Trumpist movement uses a facade of normalcy to legitimize and mask extremist ideologies.,yes,None (out-of-domain),,no,,5,none,no
pn,graph,pn_harm_persona_og,pog,hle_231,84,Russian forces face operational instability and a qualitative disadvantage in armored warfare against Ukraine.,no,,,no,,5,no,no
pn,graph,pn_harm_persona_og,pog,hle_232,85,Humic and Fulvic Liquid Trace Mineral Complex is superior to alternative supplements in cellular support and value.,unclear,,,no,,5,no,no
pn,graph,pn_harm_persona_og,pog,hle_233,86,Mainstream news agencies weaponize fact-checking to suppress climate skepticism and maintain a specific narrative.,yes,Media distrust: The mainstream media consists of like-minded actors who determine the topics of conversation and the right opinion to have.,4,yes,None (out-of-domain),5,match,none
pn,graph,pn_harm_persona_og,pog,hle_234,87,US-led economic sanctions are accelerating a global transition toward multipolarity and the abandonment of Western currencies.,yes,Negative Consequences for the West: Sanctions imposed by Western countries will backfire,4,yes,"Ukraine war: Russian sanctions harm the countries implementing them, contributing to a European economic crisis.",5,match,match
pn,graph,pn_harm_persona_og,pog,hle_235,88,Climate-driven agricultural regulations and synthetic protein shifts threaten the viability of small-scale livestock farming.,unclear,,,no,,5,no,no
pn,graph,pn_harm_persona_og,pog,hle_236,89,Technological advancements will enable human space exploration to reach Venus by 2028.,yes,None (out-of-domain),5,no,,5,none,no
pn,graph,pn_harm_persona_og,pog,hle_237,90,The UAE leadership's reliance on domestic media control renders them incapable of managing international press scrutiny.,yes,None (out-of-domain),,no,,5,none,no
pn,graph,pn_harm_persona_og,pog,hle_238,91,Foreign fighters are deceived into joining the Ukrainian military through false promises of wealth and adventure.,yes,Discrediting Ukraine: Discrediting Ukrainian military,3,yes,"Other (in-domain, no match)",5,match,other
pn,graph,pn_harm_persona_og,pog,hle_239,92,The use of paleoclimate proxy data to assert unprecedented modern temperatures is scientifically unsound.,yes,"Other (in-domain, no match)",5,no,,5,other,no
pn,graph,pn_harm_persona_og,pog,hle_24,7,The Russian government employs a systematic campaign of domestic repression to eliminate dissent and control information.,no,,,no,,5,no,no
pn,graph,pn_harm_persona_og,pog,hle_240,93,Current extreme weather patterns are the realization of long-term scientific predictions regarding climate change.,no,,,no,,5,no,no
pn,graph,pn_harm_persona_og,pog,hle_241,94,The pursuit of peace is a moral and Christian imperative rather than a political process.,no,,,no,,5,no,no
pn,graph,pn_harm_persona_og,pog,hle_242,95,The seizure of Russian assets to fund Ukraine is an illegal act that undermines global legal stability.,yes,"Other (in-domain, no match)",3,yes,"Other (in-domain, no match)",5,other,other
pn,graph,pn_harm_persona_og,pog,hle_243,96,Two men in Moscow acted heroically by risking their lives to rescue a girl from a fire.,no,,,no,,5,no,no
pn,graph,pn_harm_persona_og,pog,hle_244,97,Integrating government management with grassroots governance effectively protects biological and cultural diversity.,no,,,no,,5,no,no
pn,graph,pn_harm_persona_og,pog,hle_245,98,The US national security apparatus weaponizes anti-Russian propaganda to manipulate domestic political outcomes.,yes,"Other (in-domain, no match)",5,yes,"Other (in-domain, no match)",5,other,other
pn,graph,pn_harm_persona_og,pog,hle_246,99,The GRU utilizes specialized units to execute state-sponsored cyberattacks and develop malware targeting foreign political entities.,no,,,no,,5,no,no
pn,graph,pn_harm_persona_og,pog,hle_247,100,"The theory of global warming is an exaggeration unsupported by empirical, local observations.",yes,Climate change and the energy crisis: global warming does not exist,5,yes,Climate change and the energy crisis: global warming does not exist,5,match,match
pn,graph,pn_harm_persona_og,pog,hle_248,101,Artificially pumping seawater onto ice sheets during winter increases their resilience against summer melting.,no,,,no,,5,no,no
pn,graph,pn_harm_persona_og,pog,hle_249,102,Ukraine's intelligence services are fabricating evidence in coordination with nationalist activists to deceive international media.,yes,Discrediting Ukraine: Discrediting Ukrainian nation and society,4,yes,"Other (in-domain, no match)",5,match,other
pn,graph,pn_harm_persona_og,pog,hle_25,7,"Russia utilizes state-sponsored violence, coercion, and strategic detentions as tools of geopolitical and military leverage.",no,,,no,,5,no,no
pn,graph,pn_harm_persona_og,pog,hle_250,103,The planning and appeals system requires urgent reform to ensure national renewable energy targets are met.,no,,,no,,5,no,no
pn,graph,pn_harm_persona_og,pog,hle_251,104,Rising average temperatures and greenhouse gas warming will increase global heat-related mortality.,no,,,no,,5,no,no
pn,graph,pn_harm_persona_og,pog,hle_252,105,Kenya should eliminate visa requirements for all African citizens to boost intra-continental trade and mobility.,no,,,no,,5,no,no
pn,graph,pn_harm_persona_og,pog,hle_253,106,A binding global treaty is necessary to ban autonomous weapons and prevent their proliferation.,no,,,no,,5,no,no
pn,graph,pn_harm_persona_og,pog,hle_254,107,"Effective dengue outbreak reduction requires a multi-pronged strategy combining environmental control, personal protection, and systemic surveillance.",no,,,no,,5,no,no
pn,graph,pn_harm_persona_og,pog,hle_255,108,Immediate stringent mandates for the auto industry are unrealistic due to systemic infrastructure and supply chain constraints.,no,,,no,,5,no,no
pn,graph,pn_harm_persona_og,pog,hle_256,109,The profit motives of defense contractors create a moral hazard that incentivizes the prolongation of conflict.,no,,,yes,"Other (in-domain, no match)",3,no,other
pn,graph,pn_harm_persona_og,pog,hle_257,110,Global climate activists should employ mass civil disobedience and systemic disruption to force fundamental societal change.,unclear,,,no,,5,no,no
pn,graph,pn_harm_persona_og,pog,hle_258,111,Big Tech companies and global censors deliberately suppress conservative content to control the public narrative.,yes,None (out-of-domain),4,yes,None (out-of-domain),5,none,none
pn,graph,pn_harm_persona_og,pog,hle_259,112,Advanced computing and data modeling are essential for improving the accuracy of climate and atmospheric predictions.,no,,,no,,5,no,no
pn,graph,pn_harm_persona_og,pog,hle_26,7,The Russian state frames its aggression in Ukraine as a righteous defense of civilization against Western liberal ideology.,no,,,no,,5,no,no
pn,graph,pn_harm_persona_og,pog,hle_260,113,The global financial architecture creates an unfair economic dependency on the US dollar for non-US nations.,no,,,no,,5,no,no
pn,graph,pn_harm_persona_og,pog,hle_261,114,Insufficient buyer investment in smallholders will cause environmental laws to fail by incentivizing deforestation.,no,,,no,,5,no,no
pn,graph,pn_harm_persona_og,pog,hle_262,115,Public-private data-tracking partnerships create an invasive policing apparatus used to regulate social behavior.,unclear,,,no,,5,no,no
pn,graph,pn_harm_persona_og,pog,hle_263,116,"The structural diversity of BRICS economies necessitates a gradual, long-term approach to financial and monetary integration.",no,,,no,,5,no,no
pn,graph,pn_harm_persona_og,pog,hle_264,117,The city's meat cap strategy is flawed because it fails to differentiate between livestock production methods.,no,,,no,,5,no,no
pn,graph,pn_harm_persona_og,pog,hle_265,118,The systemic economic instability caused by climate change outweighs the costs of transitioning to renewable energy.,no,,,no,,5,no,no
pn,graph,pn_harm_persona_og,pog,hle_266,119,Proposed security arrangements in Ukraine prioritize the maintenance of overseas hegemony over genuine regional peace.,yes,"Discrediting the West, Diplomacy: The West does not care about Ukraine, only about its interests",4,yes,"Discrediting the West, Diplomacy: The West does not care about Ukraine, only about its interests",2,match,match
pn,graph,pn_harm_persona_og,pog,hle_267,120,Corporate industrial mining activities drive urban instability and the forced displacement of local populations.,no,,,no,,5,no,no
pn,graph,pn_harm_persona_og,pog,hle_268,121,The Russian GRU conducts state-sponsored cyber operations to undermine and interfere in foreign democratic elections.,no,,,no,,5,no,no
pn,graph,pn_harm_persona_og,pog,hle_269,122,Thermochemical synthesis is a viable and scalable method for producing chemically identical dairy-free alternatives.,no,,,no,,5,no,no
pn,graph,pn_harm_persona_og,pog,hle_27,8,The United States uses Ukraine as a proxy to maintain global hegemony and weaken Russia.,yes,Discrediting Ukraine: Ukraine is a puppet of the West,4,yes,Discrediting Ukraine: Ukraine is a puppet of the West,5,match,match
pn,graph,pn_harm_persona_og,pog,hle_270,123,A mandatory fossil fuel phase-out lacks scientific justification and would trigger a global socio-economic collapse.,yes,Criticism of climate policies: Climate policies have negative impact on the economy,5,yes,Criticism of climate policies: Climate policies have negative impact on the economy,5,match,match
pn,graph,pn_harm_persona_og,pog,hle_271,124,A former FBI official utilized a U.S. entity to facilitate money laundering for a Russian oligarch.,unclear,,,no,,5,no,no
pn,graph,pn_harm_persona_og,pog,hle_272,125,Corporate-led energy transitions via social responsibility programs are essential for achieving national net-zero and energy equity goals.,no,,,yes,None (out-of-domain),5,no,none
pn,graph,pn_harm_persona_og,pog,hle_273,126,"Current global warming patterns mirror the Eocene climatic optimum, increasing the risk of a mass extinction.",yes,"Other (in-domain, no match)",3,no,,5,other,no
pn,graph,pn_harm_persona_og,pog,hle_274,127,The shift toward synthetic food substitutes is driven by a liberal-globalist ideological agenda.,yes,Hidden plots by secret schemes of powerful groups: Climate agenda has hidden motives,5,yes,None (out-of-domain),5,match,none
pn,graph,pn_harm_persona_og,pog,hle_275,128,Current carbon market legislation inadvertently incentivizes illegal waste disposal by penalizing regulated infrastructure.,no,,,no,,5,no,no
pn,graph,pn_harm_persona_og,pog,hle_276,129,Public figures have a moral obligation to actively support Ukraine's defense through advocacy or combat.,unclear,,,no,,5,no,no
pn,graph,pn_harm_persona_og,pog,hle_277,130,Globalist political and financial interests are coercing food retailers to replace animal products with synthetic alternatives.,yes,Hidden plots by secret schemes of powerful groups: Climate agenda has hidden motives,5,yes,None (out-of-domain),5,match,none
pn,graph,pn_harm_persona_og,pog,hle_278,131,Mayor Vasil Terziev's administration is hypocritical in its pursuit of climate neutrality goals.,unclear,,,no,,5,no,no
pn,graph,pn_harm_persona_og,pog,hle_279,132,Natural planetary and geological cycles can trigger significant cooling events independently of current warming trends.,yes,Downplaying climate change: Weather suggests the trend is global cooling,3,no,,5,match,no
pn,graph,pn_harm_persona_og,pog,hle_28,8,The United States is the primary driver of global instability and the risk of nuclear war.,yes,Blaming the war on others rather than the invader: The West are the aggressors,4,yes,None (out-of-domain),4,match,none
pn,graph,pn_harm_persona_og,pog,hle_280,133,The Russian judicial process is a fraudulent mechanism used to justify prolonged arbitrary detention.,no,,,no,,5,no,no
pn,graph,pn_harm_persona_og,pog,hle_281,134,Russian fifth-generation aircraft are a superior alternative to the F-35 in terms of cost and capability.,yes,Praise of Russia: Praise of Russian military might,4,yes,Praise of Russia: Praise of Russian military might,5,match,match
pn,graph,pn_harm_persona_og,pog,hle_282,135,The targeting of the Admiral Kuznetsov was driven by symbolic and propaganda goals over military necessity.,yes,Russia is the Victim: UA is anti-RU extremists,3,no,,5,match,no
pn,graph,pn_harm_persona_og,pog,hle_283,136,Mainstream American media functions as a tool of the Democratic establishment to suppress political dissent.,yes,None (out-of-domain),4,yes,Media distrust: The mainstream media consists of like-minded actors who determine the topics of conversation and the right opinion to have.,5,none,match
pn,graph,pn_harm_persona_og,pog,hle_284,137,Current carbon market legislation creates perverse incentives that undermine waste management and environmental protection.,no,,,no,,5,no,no
pn,graph,pn_harm_persona_og,pog,hle_285,138,Regional industries in the Russian Far East are actively contributing to the military effort through advanced production.,no,,,no,,5,no,no
pn,graph,pn_harm_persona_og,pog,hle_286,139,Removing tariffs on Ukrainian imports creates unfair competition that destabilizes the European internal market.,yes,Ukraine war: Helping Ukraine is expensive while imposing sanctions on Russia will destroy European industry.,4,yes,"Other (in-domain, no match)",4,match,other
pn,graph,pn_harm_persona_og,pog,hle_287,140,The European agricultural crisis undermines food security and fuels the rise of far-right political movements.,no,,,no,,5,no,no
pn,graph,pn_harm_persona_og,pog,hle_288,141,Rising winter temperatures are causing significant disruptions to synchronized ecological and biological cycles.,no,,,no,,5,no,no
pn,graph,pn_harm_persona_og,pog,hle_289,142,Athletes have a primary responsibility to use global competition to maintain visibility for their nation's conflicts.,yes,None (out-of-domain),4,no,,5,none,no
pn,graph,pn_harm_persona_og,pog,hle_29,8,"The United States employs terrorism, double standards, and illegal acts to exert geopolitical control.",yes,None (out-of-domain),4,yes,None (out-of-domain),4,none,none
pn,graph,pn_harm_persona_og,pog,hle_290,143,Republican state leaders are coordinating to penalize financial firms that prioritize ESG goals over traditional returns.,no,,,no,,5,no,no
pn,graph,pn_harm_persona_og,pog,hle_291,144,Rising heatwave frequency destabilizes power grids by driving electricity demand beyond sustainable capacity.,no,,,no,,5,no,no
pn,graph,pn_harm_persona_og,pog,hle_292,145,The long-term costs of climate inaction exceed the investment required for a low-carbon transition.,no,,,no,,5,no,no
pn,graph,pn_harm_persona_og,pog,hle_293,146,The total elimination of fossil fuel combustion is necessary to prevent extreme temperatures from becoming permanent.,no,,,no,,5,no,no
pn,graph,pn_harm_persona_og,pog,hle_294,147,Climate-driven mismatches between migration timing and food availability reduce bird breeding and survival rates.,no,,,no,,5,no,no
pn,graph,pn_harm_persona_og,pog,hle_295,148,Conservative political pressure is transforming corporate sustainability efforts from financial assets into political liabilities.,no,,,no,,5,no,no
pn,graph,pn_harm_persona_og,pog,hle_296,149,Private Western satellite technology effectively neutralized Russia's attempts to establish a digital blockade of Ukraine.,no,,,no,,5,no,no
pn,graph,pn_harm_persona_og,pog,hle_297,150,Ukraine's use of cheap drone swarms creates a strategic asymmetric advantage by depleting Russia's expensive air defenses.,no,,,no,,5,no,no
pn,graph,pn_harm_persona_og,pog,hle_298,151,Current geopolitical events are the fulfillment of biblical prophecies that signal an urgent need for spiritual salvation.,yes,None (out-of-domain),5,yes,None (out-of-domain),5,none,none
pn,graph,pn_harm_persona_og,pog,hle_299,152,The Earth's current ecological state has exceeded the safe operating limits for human civilization.,yes,Amplifying Climate Fears: Earth will be uninhabitable soon,4,yes,Amplifying Climate Fears: Earth will be uninhabitable soon,5,match,match
pn,graph,pn_harm_persona_og,pog,hle_3,0,"Immediate, drastic reductions in emissions and systemic adaptation are necessary to prevent irreversible planetary tipping points.",no,,,no,,5,no,no
pn,graph,pn_harm_persona_og,pog,hle_30,9,The burning of fossil fuels is the primary driver of a catastrophic and accelerating global climate crisis.,no,,,no,,5,no,no
pn,graph,pn_harm_persona_og,pog,hle_300,153,Scientific intervention and active youth engagement are the essential drivers for mitigating climate change impacts.,no,,,no,,5,no,no
pn,graph,pn_harm_persona_og,pog,hle_301,154,"The Soviet Union established Ukraine's industrial and economic foundation, which was later mismanaged by post-independence leadership.",yes,"Other (in-domain, no match)",4,yes,"Ukraine war: Ukraine is an “artificial state” that historically belonged to Russia,",4,other,match
pn,graph,pn_harm_persona_og,pog,hle_302,155,Current climate patterns have entered an accelerated warming phase that exceeds previous scientific predictions.,no,,,no,,5,no,no
pn,graph,pn_harm_persona_og,pog,hle_303,156,Prioritizing definitive long-term data over immediate action risks missing the window for effective climate intervention.,no,,,no,,5,no,no
pn,graph,pn_harm_persona_og,pog,hle_304,157,Ongoing climate degradation significantly increases the risk of global social collapse and mass human displacement.,no,,,no,,5,no,no
pn,graph,pn_harm_persona_og,pog,hle_305,158,Alternative financial infrastructures are being developed to shield the hydrocarbon industry from climate-conscious investment pressures.,yes,"Other (in-domain, no match)",3,no,,5,other,no
pn,graph,pn_harm_persona_og,pog,hle_306,159,Global financial institutions are prioritizing internal risk management over collective climate action initiatives.,no,,,no,,5,no,no
pn,graph,pn_harm_persona_og,pog,hle_307,160,Belief in human-caused global warming functions as a quasi-religious ideology rather than a scientific certainty.,yes,Climate change and the energy crisis: humans do not contribute to global warming,3,yes,"Other (in-domain, no match)",4,match,other
pn,graph,pn_harm_persona_og,pog,hle_308,161,National debt forgiveness is a necessary prerequisite for the economic development of war-torn states.,no,,,no,,5,no,no
pn,graph,pn_harm_persona_og,pog,hle_309,162,The mass deployment of Russian FAB-3000 bombs will cause the collapse of Ukraine's aerial defense strategy.,yes,Speculating war outcomes: Ukrainian army is collapsing,4,yes,"Other (in-domain, no match)",5,match,other
pn,graph,pn_harm_persona_og,pog,hle_31,9,"Preventing climate collapse requires an urgent, aggressive, and systemic transition from fossil fuels to clean energy.",no,,,no,,5,no,no
pn,graph,pn_harm_persona_og,pog,hle_310,163,The Department of Defense is covertly funding meat alternative production while publicly denying its support.,yes,"Other (in-domain, no match)",4,yes,None (out-of-domain),5,other,none
pn,graph,pn_harm_persona_og,pog,hle_311,164,The deployment of AI-controlled drone swarms dehumanizes warfare and creates severe ethical risks.,no,,,no,,5,no,no
pn,graph,pn_harm_persona_og,pog,hle_312,165,AI-enabled drone swarms provide a strategic tactical advantage by fundamentally altering traditional battlefield dynamics.,no,,,no,,5,no,no
pn,graph,pn_harm_persona_og,pog,hle_313,166,"The monarchy is systematically eroding traditional religious practices to implement a synthetic, universal belief system.",yes,None (out-of-domain),5,yes,None (out-of-domain),4,none,none
pn,graph,pn_harm_persona_og,pog,hle_314,167,Climate activism that ignores local economic realities and rejects government dialogue is ineffective and tone-deaf.,no,,,no,,5,no,no
pn,graph,pn_harm_persona_og,pog,hle_315,168,Scaling national nursery production requires the adoption of industrial pulp and paper sector technologies and seed management.,no,,,no,,5,no,no
pn,graph,pn_harm_persona_og,pog,hle_316,169,Current environmental policies are a coordinated attack on the American way of life and domestic manufacturing.,yes,Criticism of climate policies: Climate policies have negative impact on the economy,4,yes,Criticism of climate policies: Climate policies have negative impact on the economy,5,match,match
pn,graph,pn_harm_persona_og,pog,hle_317,170,Climate protests are fraudulent operations funded by wealthy interests rather than genuine grassroots conviction.,yes,Criticism of climate movement: Climate movement is corrupt,4,yes,Criticism of climate movement: Climate movement is corrupt,5,match,match
pn,graph,pn_harm_persona_og,pog,hle_318,171,Reports of widespread coral reef destruction and mass bleaching are exaggerated and contradicted by recovery evidence.,yes,"Other (in-domain, no match)",5,yes,"Other (in-domain, no match)",5,other,other
pn,graph,pn_harm_persona_og,pog,hle_319,172,The Roman Catholic Church is a malevolent organization conspiring to dismantle American liberties and establish a satanic global order.,yes,None (out-of-domain),5,yes,None (out-of-domain),5,none,none
pn,graph,pn_harm_persona_og,pog,hle_32,9,"There is a profound conflict regarding the feasibility, morality, and efficacy of the global energy transition.",yes,"Other (in-domain, no match)",4,yes,"Other (in-domain, no match)",5,other,other
pn,graph,pn_harm_persona_og,pog,hle_320,173,AI for science creates a symbiotic relationship between solving global challenges and driving commercial growth.,no,,,yes,None (out-of-domain),5,no,none
pn,graph,pn_harm_persona_og,pog,hle_321,174,Renewable energy infrastructure projects negatively impact the survival of protected wildlife species.,unclear,,,yes,Controversy about green technologies: Renewable energy is dangerous,5,no,match
pn,graph,pn_harm_persona_og,pog,hle_322,175,The New York Times is manipulating evidence to manufacture a false narrative about vanilla extinction.,yes,Climate change and the energy crisis: Traditional media spread climate panic through false news and/or manipulated images,5,yes,"Other (in-domain, no match)",5,match,other
pn,graph,pn_harm_persona_og,pog,hle_323,176,Advocates for population-level bioengineering should be subject to military prosecution as enemy combatants.,yes,None (out-of-domain),5,unclear,,1,none,no
pn,graph,pn_harm_persona_og,pog,hle_324,177,Transitioning from landfills to integrated treatment facilities is necessary to comply with modern environmental legislation.,no,,,no,,5,no,no
pn,graph,pn_harm_persona_og,pog,hle_325,178,Uttarakhand's mountain regions are experiencing unprecedented temperature increases compared to historical norms.,no,,,no,,5,no,no
pn,graph,pn_harm_persona_og,pog,hle_326,179,U.S. energy companies are expanding LNG capacity to maximize profits from high global energy prices.,no,,,no,,5,no,no
pn,graph,pn_harm_persona_og,pog,hle_327,180,Integrated cross-jurisdictional governance of water basins is essential to prevent environmental and humanitarian disasters.,no,,,no,,5,no,no
pn,graph,pn_harm_persona_og,pog,hle_328,181,The United States public is subjected to an information blockade regarding the reality of the conflict.,yes,Media distrust: Western media is spreading fake news about the war in Ukraine.,4,unclear,,5,match,no
pn,graph,pn_harm_persona_og,pog,hle_329,182,Current geopolitical conflicts disproportionately benefit the US defense industry over European defense enterprises.,no,,,no,,5,no,no
pn,graph,pn_harm_persona_og,pog,hle_33,10,Globalist elites use climate change as a fraudulent pretext to establish a totalitarian world government.,yes,Hidden plots by secret schemes of powerful groups: Climate agenda has hidden motives,5,yes,Hidden plots by secret schemes of powerful groups: Climate agenda has hidden motives,5,match,match
pn,graph,pn_harm_persona_og,pog,hle_330,183,Industrial mining activities can cause geological instability that leads to the displacement of urban populations.,no,,,no,,5,no,no
pn,graph,pn_harm_persona_og,pog,hle_331,184,Russian state reports on high-profile deaths are fabrications designed to conceal political assassinations.,unclear,,,no,,5,no,no
pn,graph,pn_harm_persona_og,pog,hle_332,185,Fossil fuel lobbyist influence in UN climate negotiations undermines the effectiveness of global environmental agreements.,no,,,no,,5,no,no
pn,graph,pn_harm_persona_og,pog,hle_333,186,Right-wing populist leaders are establishing a coordinated international alliance to sustain their ideological influence.,no,,,no,,5,no,no
pn,graph,pn_harm_persona_og,pog,hle_334,187,The food industry will not voluntarily adopt transparency measures that threaten the profitability of high-emission products.,no,,,no,,5,no,no
pn,graph,pn_harm_persona_og,pog,hle_335,188,Regional livestock production requires innovative resource management and drought-resistant forage to ensure its long-term survival.,no,,,no,,5,no,no
pn,graph,pn_harm_persona_og,pog,hle_336,189,Executive political authority should prioritize strategic energy goals over technical or regulatory environmental objections.,no,,,no,,5,no,no
pn,graph,pn_harm_persona_og,pog,hle_337,190,The British Royal Family's official expenditures are exceeding their allocated taxpayer-funded budget.,no,,,no,,5,no,no
pn,graph,pn_harm_persona_og,pog,hle_338,191,The strike on the Okhmatdet children's hospital was caused by a malfunctioning Ukrainian NASAMS missile.,yes,Discrediting Ukraine: Discrediting Ukrainian military,4,yes,"Other (in-domain, no match)",4,match,other
pn,graph,pn_harm_persona_og,pog,hle_339,192,The perceived effectiveness of Western weaponry is inflated by short-term successes that are quickly neutralized.,yes,"Discrediting the West, Diplomacy: The West is weak",5,yes,"Other (in-domain, no match)",5,match,other
pn,graph,pn_harm_persona_og,pog,hle_34,10,Environmental policies are strategic tools used to seize control of food systems and human mobility.,yes,"Other (in-domain, no match)",4,yes,"Other (in-domain, no match)",4,other,other
pn,graph,pn_harm_persona_og,pog,hle_340,193,Certain Indo-Pacific nations are facilitating the expansion of Western military influence within Asia.,no,,,no,,5,no,no
pn,graph,pn_harm_persona_og,pog,hle_341,194,Russia's strategy of import substitution and domestic technological development is superior to reliance on globalized ecosystems.,yes,"Other (in-domain, no match)",3,no,,5,other,no
pn,graph,pn_harm_persona_og,pog,hle_342,195,Elevated ambient temperatures increase the risk of abnormal brain activity in people with epilepsy.,no,,,no,,5,no,no
pn,graph,pn_harm_persona_og,pog,hle_343,196,Corporate profit motives are fundamentally incompatible with genuine climate mitigation and environmental accountability.,no,,,no,,5,no,no
pn,graph,pn_harm_persona_og,pog,hle_344,197,Democratic systems are inherently incapable of prevailing over dictatorial regimes.,yes,None (out-of-domain),4,no,,3,none,no
pn,graph,pn_harm_persona_og,pog,hle_345,198,The current global climate negotiation model is an ineffective system dominated by the interests of the Global North.,yes,Green policies are geopolitical instruments: Climate-related international relations are abusive/exploitative,4,no,,5,match,no
pn,graph,pn_harm_persona_og,pog,hle_346,199,Immediate temperature stabilization is required to prevent the onset of an unpredictable and dangerous climatic state.,no,,,no,,5,no,no
pn,graph,pn_harm_persona_og,pog,hle_347,200,The European Union has committed a strategic error by arming a Nazi-influenced state.,yes,Ukraine war: Ukraine as a dangerous and Nazi-filled country.,4,yes,Ukraine war: Ukraine as a dangerous and Nazi-filled country.,5,match,match
pn,graph,pn_harm_persona_og,pog,hle_348,201,NATO air defense systems are insufficient to counter Russian heavy glide bombs.,yes,"Other (in-domain, no match)",4,yes,"Other (in-domain, no match)",5,other,other
pn,graph,pn_harm_persona_og,pog,hle_349,202,International diplomatic organizers are intentionally marginalizing the Ukrainian leadership's agenda to restrict the scope of negotiations.,yes,"Discrediting the West, Diplomacy: West is tired of Ukraine",2,no,,5,match,no
pn,graph,pn_harm_persona_og,pog,hle_35,10,High-profile climate activists and global philanthropists are manufactured agents serving the interests of a hidden elite.,yes,Hidden plots by secret schemes of powerful groups: Climate agenda has hidden motives,4,yes,Institutional distrust: “evil elite” secretly controls the world,5,match,match
pn,graph,pn_harm_persona_og,pog,hle_350,203,The current Ukrainian political order was established through an illegal coup d'état.,yes,"Other (in-domain, no match)",3,yes,"Other (in-domain, no match)",5,other,other
pn,graph,pn_harm_persona_og,pog,hle_351,204,Russian air defense networks are compromised by the inadequate skill and qualification of their military operators.,yes,Speculating war outcomes: Russian army is collapsing,4,no,,5,match,no
pn,graph,pn_harm_persona_og,pog,hle_352,205,Older Western missile technology can effectively bypass and defeat modern Russian air defense systems.,yes,Overpraising the West: NATO will destroy Russia,4,no,,5,match,no
pn,graph,pn_harm_persona_og,pog,hle_353,206,The Russian presidential election is a predetermined process that lacks genuine democratic legitimacy.,no,,,no,,5,no,no
pn,graph,pn_harm_persona_og,pog,hle_354,207,The movie's narrative structure and comedic approach are fundamentally flawed.,no,,,no,,5,no,no
pn,graph,pn_harm_persona_og,pog,hle_355,208,Climate activism tactics are destructive stunts rather than legitimate forms of political expression.,yes,"Other (in-domain, no match)",3,yes,"Other (in-domain, no match)",5,other,other
pn,graph,pn_harm_persona_og,pog,hle_356,209,Supporting independent media is essential for the continued dissemination of environmental and social sustainability ideas.,no,,,no,,5,no,no
pn,graph,pn_harm_persona_og,pog,hle_357,210,Far-right and neo-Nazi extremist platforms weaponize climate denialist misinformation to advance their agendas.,no,,,no,,5,no,no
pn,graph,pn_harm_persona_og,pog,hle_358,211,A strong upper-level ridge of high pressure is driving the current extreme heat event.,yes,"Other (in-domain, no match)",4,no,,5,other,no
pn,graph,pn_harm_persona_og,pog,hle_359,212,Only a small number of OPEC nations can compensate for the loss of Russian oil supplies.,yes,"Ukraine war: Russian sanctions harm the countries implementing them, contributing to a European economic crisis.",3,yes,"Ukraine war: Russian sanctions harm the countries implementing them, contributing to a European economic crisis.",5,match,match
pn,graph,pn_harm_persona_og,pog,hle_36,11,The United States is conducting a proxy war in Ukraine to achieve global geopolitical dominance.,yes,Discrediting Ukraine: Ukraine is a puppet of the West,4,yes,Discrediting Ukraine: Ukraine is a puppet of the West,5,match,match
pn,graph,pn_harm_persona_og,pog,hle_360,213,Government-mandated electric vehicle policies are economically reckless and will trigger a massive financial collapse.,yes,Criticism of climate policies: Climate policies have negative impact on the economy,5,yes,Criticism of climate policies: Climate policies have negative impact on the economy,3,match,match
pn,graph,pn_harm_persona_og,pog,hle_361,214,Rising average global temperatures will cause a continuous increase in the intensity of rainfall.,no,,,no,,5,no,no
pn,graph,pn_harm_persona_og,pog,hle_362,215,"Biological carbon sequestration is a supplement to, rather than a replacement for, aggressive fossil fuel emission reductions.",no,,,no,,5,no,no
pn,graph,pn_harm_persona_og,pog,hle_363,216,The deployment of thermite-based 'Dragon Drones' significantly escalates the lethality and nature of modern aerial warfare.,no,,,no,,5,no,no
pn,graph,pn_harm_persona_og,pog,hle_364,217,Current human actions and decisions are the primary determinants of the future trajectory of climate change.,no,,,no,,5,no,no
pn,graph,pn_harm_persona_og,pog,hle_365,218,Russian defense partnerships provide a more cost-effective and strategic alternative to American military cooperation.,yes,Praise of Russia: Russia has international support from a number of countries and people,3,yes,"Other (in-domain, no match)",5,match,other
pn,graph,pn_harm_persona_og,pog,hle_366,219,The Pacific region is experiencing the emergence of intensified and hazardous large-scale weather circulation patterns.,no,,,no,,5,no,no
pn,graph,pn_harm_persona_og,pog,hle_367,220,The theory of global warming is an exaggerated narrative unsupported by empirical local evidence.,yes,Climate change and the energy crisis: global warming does not exist,5,yes,Climate change and the energy crisis: global warming does not exist,5,match,match
pn,graph,pn_harm_persona_og,pog,hle_368,221,The American democratic system is fundamentally flawed and fails to meet modern standards of fairness.,yes,None (out-of-domain),4,no,,5,none,no
pn,graph,pn_harm_persona_og,pog,hle_369,222,Global adherence to Western universal values is declining as nations prioritize localized cultural and national doctrines.,yes,None (out-of-domain),4,no,,5,none,no
pn,graph,pn_harm_persona_og,pog,hle_37,11,U.S. military escalation in Ukraine increases the risk of a catastrophic global conflict.,yes,Amplifying war-related fears: By continuing the war we risk WWIII,4,yes,"Other (in-domain, no match)",5,match,other
pn,graph,pn_harm_persona_og,pog,hle_370,223,Current national climate commitments are insufficient to prevent a global environmental disaster.,no,,,no,,5,no,no
pn,graph,pn_harm_persona_og,pog,hle_371,224,The victim's murder was likely a coordinated operation executed under external direction.,no,,,no,,5,no,no
pn,graph,pn_harm_persona_og,pog,hle_372,225,Russian military technological advancements are superior to and are undermining the reputation of NATO weaponry.,yes,Praise of Russia: Praise of Russian military might,5,yes,Praise of Russia: Praise of Russian military might,5,match,match
pn,graph,pn_harm_persona_og,pog,hle_373,226,The military situation in the Pokrovsk sector is currently critical due to intense combat.,no,,,no,,5,no,no
pn,graph,pn_harm_persona_og,pog,hle_374,227,Russian defense capabilities are sufficient to neutralize threats from advanced Western aircraft.,yes,Praise of Russia: Praise of Russian military might,3,yes,Praise of Russia: Praise of Russian military might,5,match,match
pn,graph,pn_harm_persona_og,pog,hle_375,228,The Russian economy possesses sufficient resilience to avoid a near-term collapse.,no,,,no,,5,no,no
pn,graph,pn_harm_persona_og,pog,hle_376,229,Volodymyr Zelenskyy is unfit for leadership due to alleged substance abuse.,yes,Discrediting Ukraine: Discrediting Ukrainian government and officials and policies,4,yes,"Ukraine war: Ukrainian president Volodymyr Zelensky is a Nazi, a satanist, a drug addict, a coward etc.",5,match,match
pn,graph,pn_harm_persona_og,pog,hle_377,230,Yekaterinburg will establish a monument to honor the fallen war correspondent Rostislav Zhuravlyov.,no,,,no,,5,no,no
pn,graph,pn_harm_persona_og,pog,hle_378,231,EU leadership is intentionally escalating the Ukraine conflict to consolidate their own political power.,yes,"Discrediting the West, Diplomacy: The West does not care about Ukraine, only about its interests",4,yes,"Discrediting the West, Diplomacy: The West does not care about Ukraine, only about its interests",5,match,match
pn,graph,pn_harm_persona_og,pog,hle_379,232,Russian electronic warfare capabilities are neutralizing the effectiveness of Western high-precision munitions.,yes,Ukraine war: Pro-Russia war propaganda (e.g. exaggerating Russian military achievements),4,yes,Ukraine war: Pro-Russia war propaganda (e.g. exaggerating Russian military achievements),5,match,match
pn,graph,pn_harm_persona_og,pog,hle_38,11,U.S. global hegemony is declining due to perceived hypocrisy and strategic failures.,yes,"Discrediting the West, Diplomacy: The West is weak",4,no,,5,match,no
pn,graph,pn_harm_persona_og,pog,hle_380,233,The limited amount of stolen funds indicates the official did not illicitly enrich himself while in power.,no,,,no,,5,no,no
pn,graph,pn_harm_persona_og,pog,hle_381,234,The senior command of the Ukrainian armed forces actively encourages the commission of war crimes.,yes,Discrediting Ukraine: Ukraine is a hub for criminal activities,4,yes,"Other (in-domain, no match)",5,match,other
pn,graph,pn_harm_persona_og,pog,hle_382,235,Prime Minister Justin Trudeau has failed to uphold Canada's commitments under the Paris climate agreement.,no,,,no,,5,no,no
pn,graph,pn_harm_persona_og,pog,hle_383,236,Jane Fonda's protests against the Alberta oil sands ignore the region's economic and social realities.,unclear,,,yes,None (out-of-domain),5,no,none
pn,graph,pn_harm_persona_og,pog,hle_384,237,The current Bulgarian caretaker government is an unconstitutional entity that lacks democratic legitimacy.,yes,None (out-of-domain),4,no,,5,none,no
pn,graph,pn_harm_persona_og,pog,hle_385,238,Adam Sandler's recent film productions exhibit a significant decline in quality compared to his earlier work.,no,,,no,,5,no,no
pn,graph,pn_harm_persona_og,pog,hle_386,239,The 2020 US presidential election was fraudulent.,yes,None (out-of-domain),5,yes,None (out-of-domain),5,none,none
pn,graph,pn_harm_persona_og,pog,hle_387,240,The Zelensky administration is an illegitimate entity that must be removed from power.,yes,Discrediting Ukraine: Discrediting Ukrainian government and officials and policies,5,yes,Discrediting Ukraine: Discrediting Ukrainian government and officials and policies,5,match,match
pn,graph,pn_harm_persona_og,pog,hle_388,241,Scientific conclusions about the Earth's core rotation are inconclusive due to observational limitations.,unclear,,,no,,5,no,no
pn,graph,pn_harm_persona_og,pog,hle_389,242,Western high-technology weaponry is losing its operational effectiveness and strategic reputation.,yes,"Discrediting the West, Diplomacy: The West is weak",5,yes,"Other (in-domain, no match)",3,match,other
pn,graph,pn_harm_persona_og,pog,hle_39,12,The Russian military is achieving strategic superiority and territorial gains through a systematic campaign of attrition.,yes,Ukraine war: Pro-Russia war propaganda (e.g. exaggerating Russian military achievements),5,yes,Ukraine war: Pro-Russia war propaganda (e.g. exaggerating Russian military achievements),5,match,match
pn,graph,pn_harm_persona_og,pog,hle_390,243,The contemporary global landscape is defined by systemic instability across political and meteorological dimensions.,no,,,no,,5,no,no
pn,graph,pn_harm_persona_og,pog,hle_391,244,Speaking negatively about one's country of birth is a morally unacceptable act of self-disrespect.,yes,None (out-of-domain),5,unclear,None (out-of-domain),,none,none
pn,graph,pn_harm_persona_og,pog,hle_392,245,President Zelenskyy is an illegitimate leader whose legal authority to govern has expired.,yes,Discrediting Ukraine: Discrediting Ukrainian government and officials and policies,5,yes,Discrediting Ukraine: Discrediting Ukrainian government and officials and policies,5,match,match
pn,graph,pn_harm_persona_og,pog,hle_4,0,"There are conflicting perspectives regarding the validity, cause, and controllability of global climate change.",yes,"Other (in-domain, no match)",4,yes,"Other (in-domain, no match)",5,other,other
pn,graph,pn_harm_persona_og,pog,hle_40,12,Human trafficking networks are fraudulently coercing economically vulnerable Indian nationals into serving in the Russian military.,no,,,no,,5,no,no
pn,graph,pn_harm_persona_og,pog,hle_41,12,The Indian government is failing to protect its citizens from foreign military exploitation while prioritizing global prestige over domestic crises.,yes,None (out-of-domain),4,no,,5,none,no
pn,graph,pn_harm_persona_og,pog,hle_42,13,The Ukrainian government is an illegitimate puppet regime controlled by Western powers to destabilize Russia.,yes,Discrediting Ukraine: Ukraine is a puppet of the West,5,yes,Discrediting Ukraine: Ukraine is a puppet of the West,5,match,match
pn,graph,pn_harm_persona_og,pog,hle_43,13,Western powers are orchestrating the conflict to destroy the Russian state and secure global hegemony.,yes,Blaming the war on others rather than the invader: The West are the aggressors,4,yes,Blaming the war on others rather than the invader: The West are the aggressors,5,match,match
pn,graph,pn_harm_persona_og,pog,hle_44,13,"Russia's military actions are defensive necessities, and peace is only possible if Western interference ends.",yes,Russia is the Victim: Russia actions in Ukraine are only self-defence,4,yes,"Other (in-domain, no match)",5,match,other
pn,graph,pn_harm_persona_og,pog,hle_45,14,The Biden administration's domestic and foreign policies prioritize ideological agendas over U.S. national security and citizen welfare.,yes,None (out-of-domain),4,yes,None (out-of-domain),5,none,none
pn,graph,pn_harm_persona_og,pog,hle_46,14,U.S. interference in Ukraine and aggressive containment of Russia have destabilized global security and provoked conflict.,yes,"Other (in-domain, no match)",4,yes,"Other (in-domain, no match)",5,other,other
pn,graph,pn_harm_persona_og,pog,hle_47,14,Green energy mandates and climate policies are ideological tools used to impoverish the public and benefit political elites.,yes,Criticism of climate policies: Climate policies are only for profit,4,yes,Criticism of climate policies: Climate policies are only for profit,5,match,match
pn,graph,pn_harm_persona_og,pog,hle_48,15,China and Russia are forging a strategic alliance to dismantle Western hegemony and establish a multipolar world order.,yes,Praise of Russia: Russia has international support from a number of countries and people,3,no,,2,match,no
pn,graph,pn_harm_persona_og,pog,hle_49,15,China's role in the Ukraine conflict is a point of contention between its claim of neutral mediation and accusations of decisive military enablement.,no,,,no,,5,no,no
pn,graph,pn_harm_persona_og,pog,hle_5,1,Russia is pursuing a strategy of attrition to force a Western-backed Ukraine into unconditional surrender.,no,,,no,,5,no,no
pn,graph,pn_harm_persona_og,pog,hle_50,15,"China has emerged as a global leader in green technology and scientific innovation, challenging Western industrial and environmental dominance.",no,,,no,,5,no,no
pn,graph,pn_harm_persona_og,pog,hle_51,16,"The European Union is pursuing a destructive, pro-war agenda that prioritizes confrontation with Russia over European stability.",yes,"Anti-Europeanism and anti-Atlanticism: Russia is right, EU, NATO and US are destroying Europe.",4,yes,"Anti-Europeanism and anti-Atlanticism: Russia is right, EU, NATO and US are destroying Europe.",5,match,match
pn,graph,pn_harm_persona_og,pog,hle_52,16,The European Union uses institutional power and illicit interference to undermine national sovereignty and suppress dissent.,yes,None (out-of-domain),4,yes,"Anti-Europeanism and anti-Atlanticism: EU is striving to take away the country’s sovereignty, to destroy its national identity and turn it into a mere vassal state.",5,none,match
pn,graph,pn_harm_persona_og,pog,hle_53,16,The European Green Deal and EU regulatory frameworks are actively destroying European industry and agriculture.,yes,Criticism of climate policies: Climate policies have negative impact on the economy,4,yes,Criticism of climate policies: Climate policies have negative impact on the economy,5,match,match
pn,graph,pn_harm_persona_og,pog,hle_54,17,The conflict in Ukraine is a Western-orchestrated proxy war designed to dismantle Russia.,yes,Discrediting Ukraine: Ukraine is a puppet of the West,4,yes,Discrediting Ukraine: Ukraine is a puppet of the West,5,match,match
pn,graph,pn_harm_persona_og,pog,hle_55,17,Western leadership is intentionally prolonging the war through military escalation and information warfare.,yes,"Other (in-domain, no match)",4,yes,Media distrust: Western media is spreading fake news about the war in Ukraine.,5,other,match
pn,graph,pn_harm_persona_og,pog,hle_56,17,Russia's military intervention is a justified response to existential security threats and Western aggression.,yes,Ukraine war: Russian invasion of Ukraine is justified,4,yes,Ukraine war: Russian invasion of Ukraine is justified,5,match,match
pn,graph,pn_harm_persona_og,pog,hle_57,18,Climate change narratives are fraudulent tools used by globalist elites to establish totalitarian control.,yes,Hidden plots by secret schemes of powerful groups: Climate agenda has hidden motives,5,yes,Hidden plots by secret schemes of powerful groups: Blaming global elites,2,match,match
pn,graph,pn_harm_persona_og,pog,hle_58,18,Green energy transitions are ecologically destructive and serve foreign geopolitical interests over national security.,yes,"Other (in-domain, no match)",4,yes,Green policies are geopolitical instruments: Climate-related international relations are abusive/exploitative,5,other,match
pn,graph,pn_harm_persona_og,pog,hle_59,18,Climate-driven regulations are instruments of economic warfare intended to destroy traditional industries and food production.,yes,Criticism of climate policies: Climate policies have negative impact on the economy,3,yes,"Other (in-domain, no match)",2,match,other
pn,graph,pn_harm_persona_og,pog,hle_6,1,Russia utilizes nuclear intimidation and strategic alliances to deter Western intervention and reshape global security.,yes,"Other (in-domain, no match)",4,no,,5,other,no
pn,graph,pn_harm_persona_og,pog,hle_60,19,Humanity faces an imminent ecological collapse that necessitates radical systemic and dietary transformations.,yes,"Other (in-domain, no match)",3,no,,5,other,no
pn,graph,pn_harm_persona_og,pog,hle_61,19,The legitimacy and methods of climate activism are a subject of intense ideological conflict.,yes,"Other (in-domain, no match)",4,no,,5,other,no
pn,graph,pn_harm_persona_og,pog,hle_62,19,The global climate movement is a fraudulent tool used by elites to consolidate power and destabilize Western society.,yes,Criticism of climate movement: Climate movement is corrupt,4,yes,Hidden plots by secret schemes of powerful groups: Blaming global elites,2,match,match
pn,graph,pn_harm_persona_og,pog,hle_63,20,Western military and financial support prolongs the conflict without altering the strategic outcome.,yes,"Other (in-domain, no match)",3,yes,"Other (in-domain, no match)",4,other,other
pn,graph,pn_harm_persona_og,pog,hle_64,20,The Ukrainian government is an illegitimate and unrealistic actor that obstructs a diplomatic resolution.,yes,Discrediting Ukraine: Discrediting Ukrainian government and officials and policies,5,yes,Discrediting Ukraine: Discrediting Ukrainian government and officials and policies,5,match,match
pn,graph,pn_harm_persona_og,pog,hle_65,20,A viable peace requires the recognition of Russia's security concerns and territorial goals.,yes,Ukraine war: Russian invasion of Ukraine is justified,4,yes,"Other (in-domain, no match)",5,match,other
pn,graph,pn_harm_persona_og,pog,hle_66,21,Donald Trump's return to the presidency is the primary catalyst for ending the Russia-Ukraine war.,yes,"Other (in-domain, no match)",5,yes,"Other (in-domain, no match)",2,other,other
pn,graph,pn_harm_persona_og,pog,hle_67,21,The outcome of the U.S. presidential election will fundamentally determine the trajectory of global security and geopolitical alliances.,no,,,no,,5,no,no
pn,graph,pn_harm_persona_og,pog,hle_68,21,The current U.S. administration's perceived incompetence and cognitive decline are undermining global stability and American hegemony.,yes,None (out-of-domain),4,no,,5,none,no
pn,graph,pn_harm_persona_og,pog,hle_69,22,The Russian leadership views the conflict in Ukraine as a defensive struggle against Western neocolonialism and NATO expansion.,unclear,,,no,,5,no,no
pn,graph,pn_harm_persona_og,pog,hle_7,1,The conflict in Ukraine is a defensive necessity driven by NATO expansion and Western provocation.,yes,Russia is the Victim: Russia actions in Ukraine are only self-defence,5,yes,"Anti-Europeanism and anti-Atlanticism: It was NATO that incited Ukraine to war and posed a threat to Russia, so the invasion was only an act of self-defence",4,match,match
pn,graph,pn_harm_persona_og,pog,hle_70,22,"Vladimir Putin is utilizing strategic deception, nuclear threats, and non-negotiable ultimatums to maintain power and achieve victory.",no,,,no,,5,no,no
pn,graph,pn_harm_persona_og,pog,hle_71,22,The Kremlin is concealing Vladimir Putin's deteriorating health and loss of internal control through the use of body doubles.,yes,"Other (in-domain, no match)",4,no,,5,other,no
pn,graph,pn_harm_persona_og,pog,hle_72,22,Ukrainian incursions into Russian territory represent a strategic failure of the Kremlin that necessitates a ruthless military response.,yes,"Other (in-domain, no match)",2,no,,5,other,no
pn,graph,pn_harm_persona_og,pog,hle_73,22,Western international institutions and legal frameworks are biased instruments used to selectively target Russia while ignoring Western atrocities.,yes,Russia is the Victim: The West is russophobic,5,yes,Russia is the Victim: The West is russophobic,4,match,match
pn,graph,pn_harm_persona_og,pog,hle_74,23,Western governments and media use propaganda to vilify Russia and manipulate the narrative of the Ukraine conflict.,yes,Media distrust: Western media is spreading fake news about the war in Ukraine.,5,yes,Media distrust: Western media is spreading fake news about the war in Ukraine.,5,match,match
pn,graph,pn_harm_persona_og,pog,hle_75,23,Climate change alarmism is a manufactured tool used by global elites to exert social and economic control.,yes,Hidden plots by secret schemes of powerful groups: Climate agenda has hidden motives,5,yes,Hidden plots by secret schemes of powerful groups: Climate agenda has hidden motives,5,match,match
pn,graph,pn_harm_persona_og,pog,hle_76,23,Global political and media elites systematically suppress dissent to maintain power and manipulate public perception.,yes,None (out-of-domain),4,no,,5,none,no
pn,graph,pn_harm_persona_og,pog,hle_77,24,Government climate policies are instruments of social control and economic exploitation.,yes,Green policies are geopolitical instruments: Climate-related international relations are abusive/exploitative,4,yes,"Other (in-domain, no match)",4,match,other
pn,graph,pn_harm_persona_og,pog,hle_78,24,"Aggressive environmental transitions threaten national security, food stability, and industrial competitiveness.",yes,"Other (in-domain, no match)",4,yes,"Other (in-domain, no match)",4,other,other
pn,graph,pn_harm_persona_og,pog,hle_79,24,"Proactive, integrated planning and technological innovation are essential to prevent ecological and humanitarian collapse.",no,,,no,,5,no,no
pn,graph,pn_harm_persona_og,pog,hle_8,2,The conflict's resolution depends on the tension between continued Western military escalation and diplomatic compromise.,yes,Anti-Europeanism and anti-Atlanticism: NATO (or the West) is rejecting peace negotiations and prolonging the conflict.,3,yes,Anti-Europeanism and anti-Atlanticism: NATO (or the West) is rejecting peace negotiations and prolonging the conflict.,5,match,match
pn,graph,pn_harm_persona_og,pog,hle_80,25,The United States is exploiting the Russia-Ukraine conflict to subordinate Europe and maintain global hegemony.,yes,"Discrediting the West, Diplomacy: The West does not care about Ukraine, only about its interests",3,yes,"Discrediting the West, Diplomacy: The West does not care about Ukraine, only about its interests",2,match,match
pn,graph,pn_harm_persona_og,pog,hle_81,25,Western escalation and the failure to address Russian security concerns are pushing Europe toward a catastrophic direct war.,yes,"Other (in-domain, no match)",3,yes,Anti-Europeanism and anti-Atlanticism: NATO is leading its members into war through its expansion and militarisation.,5,other,match
pn,graph,pn_harm_persona_og,pog,hle_82,25,Anthropogenic climate change is driving the AMOC toward a collapse that would trigger catastrophic regional cooling in Europe.,no,,,no,,5,no,no
pn,graph,pn_harm_persona_og,pog,hle_83,26,Extreme heat is a systemic lethal threat that disproportionately impacts vulnerable populations and critical infrastructure.,no,,,no,,5,no,no
pn,graph,pn_harm_persona_og,pog,hle_84,26,Governments are failing to implement the necessary systemic protections and predictive health models to mitigate climate-driven mortality.,no,,,no,,5,no,no
pn,graph,pn_harm_persona_og,pog,hle_85,26,Climate vulnerability is being weaponized by political and industrial interests to justify the dispossession of marginalized populations.,unclear,,,no,,5,no,no
pn,graph,pn_harm_persona_og,pog,hle_86,27,Western military and diplomatic escalation in Ukraine increases the risk of a direct global conflict.,yes,"Other (in-domain, no match)",5,yes,"Other (in-domain, no match)",5,other,other
pn,graph,pn_harm_persona_og,pog,hle_87,27,Germany's energy transition and foreign policy have severely compromised its national economic security.,yes,Criticism of climate policies: Climate policies have negative impact on the economy,3,yes,Criticism of climate policies: Climate policies have negative impact on the economy,5,match,match
pn,graph,pn_harm_persona_og,pog,hle_88,27,"Urgent, science-based international cooperation is required to mitigate catastrophic climate and humanitarian crises.",no,,,no,,5,no,no
pn,graph,pn_harm_persona_og,pog,hle_89,28,"The U.S. government is systematically undermining domestic stability and global security through corruption, deception, and illegal operations.",yes,None (out-of-domain),4,no,,5,none,no
pn,graph,pn_harm_persona_og,pog,hle_9,2,The use of Western long-range weaponry in Russian territory is a critical point of strategic and escalatory contention.,no,,,no,,5,no,no
pn,graph,pn_harm_persona_og,pog,hle_90,28,U.S. foreign policy in Ukraine is a failed strategy that prioritizes corporate profit and geopolitical aggression over human life and domestic needs.,yes,"Discrediting the West, Diplomacy: The West does not care about Ukraine, only about its interests",4,yes,"Discrediting the West, Diplomacy: The West does not care about Ukraine, only about its interests",4,match,match
pn,graph,pn_harm_persona_og,pog,hle_91,28,The U.S. government intentionally manipulates disasters and public health crises to advance hidden political and social engineering agendas.,yes,None (out-of-domain),3,yes,Hidden plots by secret schemes of powerful groups: Blaming global elites,3,none,match
pn,graph,pn_harm_persona_og,pog,hle_92,29,The United States and NATO are primarily responsible for provoking and prolonging the conflict in Ukraine.,yes,"Anti-Europeanism and anti-Atlanticism: It was NATO that incited Ukraine to war and posed a threat to Russia, so the invasion was only an act of self-defence",4,yes,"Other (in-domain, no match)",5,match,other
pn,graph,pn_harm_persona_og,pog,hle_93,29,Western governments and the military-industrial complex are exploiting the war for financial and strategic gain.,yes,"Other (in-domain, no match)",4,yes,"Other (in-domain, no match)",4,other,other
pn,graph,pn_harm_persona_og,pog,hle_94,29,A sustainable resolution requires a diplomatic settlement that includes Russia and rejects Western-led frameworks.,yes,Ukraine war: Russian invasion of Ukraine is justified,4,yes,"Other (in-domain, no match)",2,match,other
pn,graph,pn_harm_persona_og,pog,hle_95,29,Western media and digital platforms are conducting a coordinated disinformation campaign to frame the conflict falsely.,yes,Media distrust: Western media is spreading fake news about the war in Ukraine.,3,yes,Distrust towards Media: Western media is an instrument of propaganda,5,match,match
pn,graph,pn_harm_persona_og,pog,hle_96,30,Western nations are intentionally escalating the Ukraine conflict to serve their own strategic interests.,yes,"Discrediting the West, Diplomacy: The West does not care about Ukraine, only about its interests",4,yes,"Discrediting the West, Diplomacy: The West does not care about Ukraine, only about its interests",5,match,match
pn,graph,pn_harm_persona_og,pog,hle_97,30,Russia is a permanent global threat that exports instability to destabilize Western influence across multiple continents.,yes,"Other (in-domain, no match)",3,no,,5,other,no
pn,graph,pn_harm_persona_og,pog,hle_98,30,Western democratic governments have devolved into autocracies that use state surveillance and police tactics to suppress dissent.,yes,None (out-of-domain),4,no,,2,none,no
pn,graph,pn_harm_persona_og,pog,hle_99,30,"The United States and Russia maintain critical, high-stakes diplomatic channels despite systemic geopolitical tensions.",no,,,no,,5,no,no
